t_mono,wall_ts,model,phase,gpu_w,gpu_temp_c,cpu_temp_c,cpu_pct
9494.645,,gemma3:1b,idle,12.63,47.0,,
9495.169,,gemma3:1b,idle,12.64,47.0,,
9495.693,,gemma3:1b,idle,12.45,47.0,,
9496.221,,gemma3:1b,idle,12.40,47.0,,
9496.750,,gemma3:1b,idle,12.23,47.0,,
9497.280,,gemma3:1b,idle,12.50,47.0,,
9497.818,,gemma3:1b,idle,12.86,47.0,,
9498.341,,gemma3:1b,idle,12.90,47.0,,
9498.894,,gemma3:1b,idle,12.53,47.0,,
9499.426,,gemma3:1b,idle,12.39,47.0,,
9499.958,,gemma3:1b,idle,12.78,47.0,,
9500.482,,gemma3:1b,idle,12.58,47.0,,
9501.016,,gemma3:1b,idle,12.26,47.0,,
9501.542,,gemma3:1b,idle,12.56,47.0,,
9502.082,,gemma3:1b,idle,12.88,47.0,,
9502.609,,gemma3:1b,idle,12.79,47.0,,
9503.138,,gemma3:1b,idle,12.83,47.0,,
9503.664,,gemma3:1b,idle,12.81,47.0,,
9504.193,,gemma3:1b,idle,12.79,47.0,,
9504.720,,gemma3:1b,idle,12.88,47.0,,
9505.246,,gemma3:1b,idle,12.84,47.0,,
9505.771,,gemma3:1b,idle,12.72,47.0,,
9506.294,,gemma3:1b,idle,12.54,47.0,,
9506.819,,gemma3:1b,idle,12.36,47.0,,
9507.345,,gemma3:1b,idle,12.63,47.0,,
9507.870,,gemma3:1b,idle,12.76,47.0,,
9508.395,,gemma3:1b,idle,12.88,47.0,,
9508.924,,gemma3:1b,idle,12.89,47.0,,
9509.450,,gemma3:1b,idle,12.80,47.0,,
9509.984,,gemma3:1b,idle,12.72,47.0,,
9510.509,,gemma3:1b,idle,12.68,47.0,,
9511.046,,gemma3:1b,idle,12.61,47.0,,
9511.573,,gemma3:1b,idle,12.39,47.0,,
9512.097,,gemma3:1b,idle,12.57,47.0,,
9512.636,,gemma3:1b,idle,12.72,47.0,,
9513.162,,gemma3:1b,idle,12.76,47.0,,
9513.705,,gemma3:1b,idle,12.71,47.0,,
9514.230,,gemma3:1b,idle,12.47,47.0,,
9514.755,,gemma3:1b,idle,12.65,47.0,,
9515.299,,gemma3:1b,run1_p0,12.69,47.0,,
9515.825,,gemma3:1b,run1_p0,18.07,47.0,,
9516.361,,gemma3:1b,run1_p1,34.89,50.0,,
9516.889,,gemma3:1b,run1_p2,62.51,54.0,,
9517.426,,gemma3:1b,run1_p3,68.40,55.0,,
9517.958,,gemma3:1b,run1_p4,65.89,54.0,,
9518.499,,gemma3:1b,run1_p5,62.98,51.0,,
9519.034,,gemma3:1b,run1_p6,69.54,51.0,,
9519.565,,gemma3:1b,run1_p6,74.54,51.0,,
9520.089,,gemma3:1b,run1_p6,89.96,59.0,,
9520.614,,gemma3:1b,run1_p6,105.17,60.0,,
9521.137,,gemma3:1b,run1_p6,105.71,60.0,,
9521.663,,gemma3:1b,run1_p6,106.19,61.0,,
9522.192,,gemma3:1b,run1_p6,106.64,60.0,,
9522.718,,gemma3:1b,run1_p6,106.78,60.0,,
9523.246,,gemma3:1b,run1_p6,106.62,61.0,,
9523.782,,gemma3:1b,run1_p7,79.44,60.0,,
9524.309,,gemma3:1b,run1_p7,67.87,53.0,,
9524.832,,gemma3:1b,run1_p7,89.52,60.0,,
9525.354,,gemma3:1b,run1_p7,107.26,61.0,,
9525.877,,gemma3:1b,run1_p7,107.67,62.0,,
9526.401,,gemma3:1b,run1_p7,107.54,62.0,,
9526.973,,gemma3:1b,run1_p7,106.92,62.0,,
9527.496,,gemma3:1b,run1_p7,107.39,62.0,,
9528.022,,gemma3:1b,run1_p7,107.77,62.0,,
9528.549,,gemma3:1b,run1_p7,107.92,63.0,,
9529.087,,gemma3:1b,run1_p8,88.89,54.0,,
9529.611,,gemma3:1b,run1_p8,75.20,60.0,,
9530.135,,gemma3:1b,run1_p8,88.39,62.0,,
9530.660,,gemma3:1b,run1_p8,108.44,62.0,,
9531.187,,gemma3:1b,run1_p8,108.19,61.0,,
9531.713,,gemma3:1b,run1_p8,107.93,62.0,,
9532.238,,gemma3:1b,run1_p8,108.15,62.0,,
9532.764,,gemma3:1b,run1_p8,108.26,62.0,,
9533.297,,gemma3:1b,run1_p8,108.26,62.0,,
9533.819,,gemma3:1b,run1_p8,108.55,62.0,,
9534.355,,gemma3:1b,run1_p9,90.90,55.0,,
9534.880,,gemma3:1b,run1_p9,74.51,59.0,,
9535.406,,gemma3:1b,run1_p10,87.87,62.0,,
9535.929,,gemma3:1b,run1_p10,94.57,60.0,,
9536.451,,gemma3:1b,run1_p10,94.74,61.0,,
9536.976,,gemma3:1b,run1_p10,106.92,61.0,,
9537.499,,gemma3:1b,run1_p10,106.66,62.0,,
9538.023,,gemma3:1b,run1_p10,107.28,61.0,,
9538.545,,gemma3:1b,run1_p10,107.38,61.0,,
9539.073,,gemma3:1b,run1_p10,107.41,61.0,,
9539.599,,gemma3:1b,run1_p10,106.63,61.0,,
9540.122,,gemma3:1b,run1_p10,107.18,61.0,,
9540.668,,gemma3:1b,run1_p11,80.91,54.0,,
9541.205,,gemma3:1b,run1_p11,66.28,54.0,,
9541.750,,gemma3:1b,run1_p11,93.06,61.0,,
9542.322,,gemma3:1b,run1_p11,107.26,61.0,,
9542.868,,gemma3:1b,run1_p11,107.14,61.0,,
9543.394,,gemma3:1b,run1_p11,106.69,61.0,,
9543.937,,gemma3:1b,run1_p11,106.50,61.0,,
9544.459,,gemma3:1b,run1_p11,107.74,61.0,,
9544.985,,gemma3:1b,run1_p11,107.77,61.0,,
9545.510,,gemma3:1b,run1_p11,107.88,61.0,,
9546.034,,gemma3:1b,run1_p11,108.37,61.0,,
9546.557,,gemma3:1b,run1_p11,107.69,59.0,,
9547.097,,gemma3:1b,run1_p11,107.60,60.0,,
9547.636,,gemma3:1b,run1_p11,108.16,61.0,,
9548.174,,gemma3:1b,run1_p12,91.50,53.0,,
9548.700,,gemma3:1b,run1_p12,79.18,59.0,,
9549.240,,gemma3:1b,run1_p12,88.48,60.0,,
9549.820,,gemma3:1b,run1_p13,98.84,60.0,,
9550.345,,gemma3:1b,run1_p13,90.84,59.0,,
9550.869,,gemma3:1b,run1_p13,91.58,60.0,,
9551.414,,gemma3:1b,run1_p13,105.35,59.0,,
9551.949,,gemma3:1b,run1_p13,104.76,60.0,,
9552.488,,gemma3:1b,run1_p13,104.82,60.0,,
9553.010,,gemma3:1b,run1_p13,104.93,60.0,,
9553.552,,gemma3:1b,run1_p14,93.87,60.0,,
9554.076,,gemma3:1b,run1_p14,82.45,56.0,,
9554.598,,gemma3:1b,run1_p14,88.07,59.0,,
9555.125,,gemma3:1b,run1_p14,105.76,60.0,,
9555.650,,gemma3:1b,run1_p14,106.37,60.0,,
9556.175,,gemma3:1b,run1_p14,106.37,60.0,,
9556.709,,gemma3:1b,run1_p14,105.65,60.0,,
9557.241,,gemma3:1b,run1_p14,104.41,60.0,,
9557.768,,gemma3:1b,run1_p14,104.61,59.0,,
9558.294,,gemma3:1b,run1_p14,105.32,60.0,,
9558.829,,gemma3:1b,run1_p14,105.18,60.0,,
9559.366,,gemma3:1b,run1_p14,105.62,60.0,,
9559.891,,gemma3:1b,run1_p14,106.13,60.0,,
9560.431,,gemma3:1b,run2_p0,98.34,60.0,,
9560.959,,gemma3:1b,run2_p1,81.48,52.0,,
9561.492,,gemma3:1b,run2_p2,67.01,52.0,,
9562.031,,gemma3:1b,run2_p3,65.17,52.0,,
9562.570,,gemma3:1b,run2_p4,61.93,52.0,,
9563.103,,gemma3:1b,run2_p5,60.76,51.0,,
9563.634,,gemma3:1b,run2_p6,67.46,52.0,,
9564.161,,gemma3:1b,run2_p6,74.83,55.0,,
9564.686,,gemma3:1b,run2_p6,90.26,58.0,,
9565.214,,gemma3:1b,run2_p6,104.32,59.0,,
9565.741,,gemma3:1b,run2_p6,104.89,59.0,,
9566.268,,gemma3:1b,run2_p6,106.20,59.0,,
9566.792,,gemma3:1b,run2_p6,106.82,59.0,,
9567.316,,gemma3:1b,run2_p6,106.30,59.0,,
9567.839,,gemma3:1b,run2_p6,105.63,59.0,,
9568.388,,gemma3:1b,run2_p7,75.00,51.0,,
9568.934,,gemma3:1b,run2_p7,64.39,56.0,,
9569.462,,gemma3:1b,run2_p7,88.67,58.0,,
9569.988,,gemma3:1b,run2_p7,104.07,58.0,,
9570.527,,gemma3:1b,run2_p7,104.86,59.0,,
9571.067,,gemma3:1b,run2_p7,105.99,59.0,,
9571.610,,gemma3:1b,run2_p7,105.80,59.0,,
9572.136,,gemma3:1b,run2_p7,105.15,59.0,,
9572.659,,gemma3:1b,run2_p7,104.11,58.0,,
9573.183,,gemma3:1b,run2_p7,103.51,58.0,,
9573.739,,gemma3:1b,run2_p8,80.84,52.0,,
9574.314,,gemma3:1b,run2_p8,66.39,50.0,,
9574.853,,gemma3:1b,run2_p8,89.90,58.0,,
9575.414,,gemma3:1b,run2_p8,105.05,58.0,,
9575.940,,gemma3:1b,run2_p8,104.94,59.0,,
9576.466,,gemma3:1b,run2_p8,104.57,58.0,,
9576.990,,gemma3:1b,run2_p8,104.30,58.0,,
9577.519,,gemma3:1b,run2_p8,104.74,58.0,,
9578.050,,gemma3:1b,run2_p8,105.00,57.0,,
9578.573,,gemma3:1b,run2_p8,104.97,58.0,,
9579.097,,gemma3:1b,run2_p8,105.05,58.0,,
9579.621,,gemma3:1b,run2_p8,105.77,59.0,,
9580.156,,gemma3:1b,run2_p9,82.04,58.0,,
9580.694,,gemma3:1b,run2_p9,65.61,50.0,,
9581.265,,gemma3:1b,run2_p10,86.13,52.0,,
9581.789,,gemma3:1b,run2_p10,90.14,57.0,,
9582.312,,gemma3:1b,run2_p10,90.47,58.0,,
9582.836,,gemma3:1b,run2_p10,105.16,59.0,,
9583.375,,gemma3:1b,run2_p10,106.12,58.0,,
9583.898,,gemma3:1b,run2_p10,106.83,58.0,,
9584.425,,gemma3:1b,run2_p10,106.11,57.0,,
9584.953,,gemma3:1b,run2_p10,105.44,59.0,,
9585.483,,gemma3:1b,run2_p11,89.49,52.0,,
9586.010,,gemma3:1b,run2_p11,73.17,55.0,,
9586.540,,gemma3:1b,run2_p11,86.42,58.0,,
9587.066,,gemma3:1b,run2_p11,105.84,58.0,,
9587.594,,gemma3:1b,run2_p11,105.44,58.0,,
9588.118,,gemma3:1b,run2_p11,105.35,58.0,,
9588.648,,gemma3:1b,run2_p11,106.07,57.0,,
9589.173,,gemma3:1b,run2_p11,106.26,59.0,,
9589.698,,gemma3:1b,run2_p11,105.63,59.0,,
9590.223,,gemma3:1b,run2_p11,105.77,58.0,,
9590.746,,gemma3:1b,run2_p11,106.38,58.0,,
9591.287,,gemma3:1b,run2_p11,106.20,59.0,,
9591.821,,gemma3:1b,run2_p11,106.16,59.0,,
9592.352,,gemma3:1b,run2_p11,106.29,59.0,,
9592.893,,gemma3:1b,run2_p12,88.33,57.0,,
9593.423,,gemma3:1b,run2_p12,73.49,50.0,,
9593.950,,gemma3:1b,run2_p12,87.70,58.0,,
9594.489,,gemma3:1b,run2_p13,104.23,58.0,,
9595.065,,gemma3:1b,run2_p13,89.38,51.0,,
9595.589,,gemma3:1b,run2_p13,91.11,58.0,,
9596.113,,gemma3:1b,run2_p13,106.24,58.0,,
9596.641,,gemma3:1b,run2_p13,105.86,59.0,,
9597.164,,gemma3:1b,run2_p13,105.94,59.0,,
9597.693,,gemma3:1b,run2_p13,106.13,58.0,,
9598.221,,gemma3:1b,run2_p13,105.59,58.0,,
9598.767,,gemma3:1b,run2_p14,83.31,59.0,,
9599.323,,gemma3:1b,run2_p14,71.54,58.0,,
9599.854,,gemma3:1b,run2_p14,88.18,58.0,,
9600.380,,gemma3:1b,run2_p14,105.82,58.0,,
9600.915,,gemma3:1b,run2_p14,105.91,58.0,,
9601.457,,gemma3:1b,run2_p14,106.61,59.0,,
9601.997,,gemma3:1b,run2_p14,105.77,58.0,,
9602.520,,gemma3:1b,run2_p14,105.42,58.0,,
9603.062,,gemma3:1b,run2_p14,105.83,59.0,,
9603.606,,gemma3:1b,run2_p14,106.55,59.0,,
9604.130,,gemma3:1b,run2_p14,107.03,59.0,,
9604.657,,gemma3:1b,run2_p14,106.37,58.0,,
9605.199,,gemma3:1b,run3_p0,96.13,58.0,,
9605.768,,gemma3:1b,run3_p1,71.06,56.0,,
9606.308,,gemma3:1b,run3_p2,65.34,54.0,,
9606.841,,gemma3:1b,run3_p3,65.84,54.0,,
9607.369,,gemma3:1b,run3_p4,60.08,53.0,,
9607.937,,gemma3:1b,run3_p5,63.07,53.0,,
9608.485,,gemma3:1b,run3_p6,74.54,51.0,,
9609.012,,gemma3:1b,run3_p6,79.39,50.0,,
9609.557,,gemma3:1b,run3_p6,93.78,57.0,,
9610.096,,gemma3:1b,run3_p6,105.67,58.0,,
9610.635,,gemma3:1b,run3_p6,105.46,58.0,,
9611.175,,gemma3:1b,run3_p6,105.69,58.0,,
9611.714,,gemma3:1b,run3_p6,105.54,58.0,,
9612.242,,gemma3:1b,run3_p6,105.45,58.0,,
9612.765,,gemma3:1b,run3_p6,105.31,58.0,,
9613.305,,gemma3:1b,run3_p7,78.80,50.0,,
9613.846,,gemma3:1b,run3_p7,68.61,57.0,,
9614.389,,gemma3:1b,run3_p7,89.09,57.0,,
9614.931,,gemma3:1b,run3_p7,105.00,57.0,,
9615.461,,gemma3:1b,run3_p7,104.71,57.0,,
9615.992,,gemma3:1b,run3_p7,105.01,58.0,,
9616.529,,gemma3:1b,run3_p7,105.88,58.0,,
9617.069,,gemma3:1b,run3_p7,105.85,58.0,,
9617.603,,gemma3:1b,run3_p7,106.40,58.0,,
9618.165,,gemma3:1b,run3_p8,89.48,54.0,,
9618.691,,gemma3:1b,run3_p8,75.05,55.0,,
9619.213,,gemma3:1b,run3_p8,87.60,57.0,,
9619.741,,gemma3:1b,run3_p8,104.00,58.0,,
9620.264,,gemma3:1b,run3_p8,105.01,57.0,,
9620.791,,gemma3:1b,run3_p8,105.50,58.0,,
9621.314,,gemma3:1b,run3_p8,106.00,58.0,,
9621.839,,gemma3:1b,run3_p8,105.64,58.0,,
9622.363,,gemma3:1b,run3_p8,104.86,58.0,,
9622.888,,gemma3:1b,run3_p8,104.36,58.0,,
9623.419,,gemma3:1b,run3_p8,105.06,58.0,,
9623.955,,gemma3:1b,run3_p9,82.30,54.0,,
9624.481,,gemma3:1b,run3_p9,70.29,49.0,,
9625.037,,gemma3:1b,run3_p9,88.43,58.0,,
9625.564,,gemma3:1b,run3_p10,86.37,58.0,,
9626.092,,gemma3:1b,run3_p10,69.61,49.0,,
9626.622,,gemma3:1b,run3_p10,89.79,57.0,,
9627.146,,gemma3:1b,run3_p10,105.59,58.0,,
9627.672,,gemma3:1b,run3_p10,105.13,58.0,,
9628.199,,gemma3:1b,run3_p10,106.14,58.0,,
9628.729,,gemma3:1b,run3_p10,106.47,58.0,,
9629.254,,gemma3:1b,run3_p10,105.96,58.0,,
9629.778,,gemma3:1b,run3_p10,105.58,58.0,,
9630.310,,gemma3:1b,run3_p11,91.45,50.0,,
9630.842,,gemma3:1b,run3_p11,78.22,57.0,,
9631.374,,gemma3:1b,run3_p11,91.41,58.0,,
9631.917,,gemma3:1b,run3_p11,105.98,58.0,,
9632.446,,gemma3:1b,run3_p11,106.18,58.0,,
9632.974,,gemma3:1b,run3_p11,106.63,58.0,,
9633.499,,gemma3:1b,run3_p11,106.58,58.0,,
9634.032,,gemma3:1b,run3_p11,106.01,58.0,,
9634.574,,gemma3:1b,run3_p11,105.03,58.0,,
9635.116,,gemma3:1b,run3_p11,104.67,58.0,,
9635.639,,gemma3:1b,run3_p11,105.08,58.0,,
9636.164,,gemma3:1b,run3_p11,105.45,58.0,,
9636.693,,gemma3:1b,run3_p11,106.11,58.0,,
9637.224,,gemma3:1b,run3_p11,106.37,58.0,,
9637.747,,gemma3:1b,run3_p11,106.20,58.0,,
9638.280,,gemma3:1b,run3_p12,84.32,51.0,,
9638.813,,gemma3:1b,run3_p12,68.29,55.0,,
9639.336,,gemma3:1b,run3_p12,90.39,58.0,,
9639.882,,gemma3:1b,run3_p13,101.97,57.0,,
9640.410,,gemma3:1b,run3_p13,88.89,55.0,,
9640.938,,gemma3:1b,run3_p13,90.91,57.0,,
9641.469,,gemma3:1b,run3_p13,105.33,58.0,,
9641.994,,gemma3:1b,run3_p13,104.88,57.0,,
9642.519,,gemma3:1b,run3_p13,105.30,58.0,,
9643.043,,gemma3:1b,run3_p13,104.95,58.0,,
9643.569,,gemma3:1b,run3_p13,104.93,58.0,,
9644.093,,gemma3:1b,run3_p13,105.58,58.0,,
9644.662,,gemma3:1b,run3_p14,100.94,58.0,,
9645.190,,gemma3:1b,run3_p14,88.50,51.0,,
9645.725,,gemma3:1b,run3_p14,88.09,58.0,,
9646.255,,gemma3:1b,run3_p14,103.49,58.0,,
9646.780,,gemma3:1b,run3_p14,104.01,58.0,,
9647.304,,gemma3:1b,run3_p14,104.64,58.0,,
9647.840,,gemma3:1b,run3_p14,105.09,58.0,,
9648.366,,gemma3:1b,run3_p14,103.20,57.0,,
9648.891,,gemma3:1b,run3_p14,103.24,58.0,,
9649.418,,gemma3:1b,run3_p14,105.44,58.0,,
9649.947,,gemma3:1b,run3_p14,104.69,58.0,,
9650.470,,gemma3:1b,run3_p14,104.59,58.0,,
9650.992,,gemma3:1b,run3_p14,104.79,58.0,,
9651.513,,gemma3:1b,run3_p14,104.77,58.0,,
9699.161,,gemma3:4b,idle,16.21,41.0,,
9699.697,,gemma3:4b,idle,16.73,41.0,,
9700.231,,gemma3:4b,idle,17.07,41.0,,
9700.756,,gemma3:4b,idle,16.64,41.0,,
9701.281,,gemma3:4b,idle,16.10,41.0,,
9701.824,,gemma3:4b,idle,16.46,41.0,,
9702.355,,gemma3:4b,idle,17.15,41.0,,
9702.885,,gemma3:4b,idle,16.93,41.0,,
9703.424,,gemma3:4b,idle,16.01,41.0,,
9703.950,,gemma3:4b,idle,16.06,41.0,,
9704.511,,gemma3:4b,idle,16.90,41.0,,
9705.047,,gemma3:4b,idle,16.96,41.0,,
9705.585,,gemma3:4b,idle,16.57,41.0,,
9706.121,,gemma3:4b,idle,16.40,41.0,,
9706.662,,gemma3:4b,idle,16.81,41.0,,
9707.204,,gemma3:4b,idle,17.17,41.0,,
9707.770,,gemma3:4b,idle,16.89,41.0,,
9708.298,,gemma3:4b,idle,16.17,41.0,,
9708.849,,gemma3:4b,idle,16.26,41.0,,
9709.383,,gemma3:4b,idle,16.90,41.0,,
9709.913,,gemma3:4b,idle,17.00,41.0,,
9710.442,,gemma3:4b,idle,16.40,41.0,,
9710.971,,gemma3:4b,idle,16.38,41.0,,
9711.500,,gemma3:4b,idle,16.38,41.0,,
9712.030,,gemma3:4b,idle,16.91,41.0,,
9712.571,,gemma3:4b,idle,16.50,41.0,,
9713.104,,gemma3:4b,idle,16.06,41.0,,
9713.641,,gemma3:4b,idle,16.20,41.0,,
9714.170,,gemma3:4b,idle,16.72,41.0,,
9714.710,,gemma3:4b,idle,17.07,41.0,,
9715.251,,gemma3:4b,idle,16.59,41.0,,
9715.791,,gemma3:4b,idle,16.16,41.0,,
9716.321,,gemma3:4b,idle,16.35,41.0,,
9716.849,,gemma3:4b,idle,17.02,41.0,,
9717.376,,gemma3:4b,idle,16.80,41.0,,
9717.903,,gemma3:4b,idle,16.22,41.0,,
9718.434,,gemma3:4b,idle,16.33,41.0,,
9718.971,,gemma3:4b,idle,16.91,41.0,,
9719.514,,gemma3:4b,run1_p0,17.15,42.0,,
9720.043,,gemma3:4b,run1_p0,18.52,42.0,,
9720.574,,gemma3:4b,run1_p1,54.47,49.0,,
9721.126,,gemma3:4b,run1_p1,92.69,46.0,,
9721.650,,gemma3:4b,run1_p1,101.90,54.0,,
9722.173,,gemma3:4b,run1_p1,120.03,56.0,,
9722.705,,gemma3:4b,run1_p2,104.53,57.0,,
9723.263,,gemma3:4b,run1_p2,89.04,47.0,,
9723.802,,gemma3:4b,run1_p3,91.66,49.0,,
9724.324,,gemma3:4b,run1_p3,94.81,49.0,,
9724.865,,gemma3:4b,run1_p3,100.63,57.0,,
9725.392,,gemma3:4b,run1_p3,121.42,58.0,,
9725.923,,gemma3:4b,run1_p4,104.63,49.0,,
9726.454,,gemma3:4b,run1_p4,87.79,57.0,,
9726.987,,gemma3:4b,run1_p5,90.96,53.0,,
9727.511,,gemma3:4b,run1_p5,95.83,57.0,,
9728.034,,gemma3:4b,run1_p5,103.07,59.0,,
9728.566,,gemma3:4b,run1_p6,103.46,51.0,,
9729.092,,gemma3:4b,run1_p6,88.37,57.0,,
9729.621,,gemma3:4b,run1_p6,100.86,59.0,,
9730.144,,gemma3:4b,run1_p6,123.85,60.0,,
9730.666,,gemma3:4b,run1_p6,124.32,60.0,,
9731.194,,gemma3:4b,run1_p6,124.18,60.0,,
9731.719,,gemma3:4b,run1_p6,124.18,61.0,,
9732.241,,gemma3:4b,run1_p6,124.53,61.0,,
9732.764,,gemma3:4b,run1_p6,124.44,61.0,,
9733.290,,gemma3:4b,run1_p6,124.92,61.0,,
9733.816,,gemma3:4b,run1_p6,124.65,61.0,,
9734.339,,gemma3:4b,run1_p6,124.64,60.0,,
9734.861,,gemma3:4b,run1_p6,124.54,62.0,,
9735.386,,gemma3:4b,run1_p6,125.23,62.0,,
9735.911,,gemma3:4b,run1_p6,124.81,62.0,,
9736.444,,gemma3:4b,run1_p6,124.49,62.0,,
9736.972,,gemma3:4b,run1_p6,124.55,62.0,,
9737.504,,gemma3:4b,run1_p6,124.58,63.0,,
9738.032,,gemma3:4b,run1_p6,125.03,63.0,,
9738.557,,gemma3:4b,run1_p6,125.31,63.0,,
9739.082,,gemma3:4b,run1_p6,125.57,63.0,,
9739.611,,gemma3:4b,run1_p6,125.26,63.0,,
9740.136,,gemma3:4b,run1_p6,125.29,62.0,,
9740.662,,gemma3:4b,run1_p6,125.43,64.0,,
9741.188,,gemma3:4b,run1_p6,125.17,63.0,,
9741.723,,gemma3:4b,run1_p6,125.18,63.0,,
9742.306,,gemma3:4b,run1_p7,113.99,63.0,,
9742.843,,gemma3:4b,run1_p7,104.12,54.0,,
9743.369,,gemma3:4b,run1_p7,106.71,62.0,,
9743.919,,gemma3:4b,run1_p7,126.41,63.0,,
9744.444,,gemma3:4b,run1_p7,126.64,63.0,,
9744.976,,gemma3:4b,run1_p7,126.30,63.0,,
9745.501,,gemma3:4b,run1_p7,125.85,63.0,,
9746.027,,gemma3:4b,run1_p7,125.75,63.0,,
9746.566,,gemma3:4b,run1_p7,126.13,64.0,,
9747.093,,gemma3:4b,run1_p7,126.57,63.0,,
9747.620,,gemma3:4b,run1_p7,126.68,63.0,,
9748.151,,gemma3:4b,run1_p7,126.33,63.0,,
9748.682,,gemma3:4b,run1_p7,126.23,62.0,,
9749.207,,gemma3:4b,run1_p7,125.80,63.0,,
9749.730,,gemma3:4b,run1_p7,125.51,64.0,,
9750.256,,gemma3:4b,run1_p7,125.73,64.0,,
9750.781,,gemma3:4b,run1_p7,126.11,63.0,,
9751.304,,gemma3:4b,run1_p7,126.22,63.0,,
9751.832,,gemma3:4b,run1_p7,125.81,63.0,,
9752.356,,gemma3:4b,run1_p7,125.51,63.0,,
9752.882,,gemma3:4b,run1_p7,125.74,63.0,,
9753.414,,gemma3:4b,run1_p7,125.94,63.0,,
9753.940,,gemma3:4b,run1_p7,126.40,63.0,,
9754.466,,gemma3:4b,run1_p7,126.40,63.0,,
9754.992,,gemma3:4b,run1_p7,125.83,63.0,,
9755.518,,gemma3:4b,run1_p7,125.61,63.0,,
9756.044,,gemma3:4b,run1_p7,125.88,63.0,,
9756.581,,gemma3:4b,run1_p8,104.65,58.0,,
9757.109,,gemma3:4b,run1_p8,87.62,55.0,,
9757.636,,gemma3:4b,run1_p8,101.15,62.0,,
9758.162,,gemma3:4b,run1_p8,125.92,63.0,,
9758.697,,gemma3:4b,run1_p8,125.63,63.0,,
9759.221,,gemma3:4b,run1_p8,126.06,63.0,,
9759.760,,gemma3:4b,run1_p8,126.67,63.0,,
9760.287,,gemma3:4b,run1_p8,125.81,63.0,,
9760.830,,gemma3:4b,run1_p8,125.55,63.0,,
9761.366,,gemma3:4b,run1_p8,126.45,63.0,,
9761.905,,gemma3:4b,run1_p8,126.17,63.0,,
9762.445,,gemma3:4b,run1_p8,125.61,63.0,,
9762.987,,gemma3:4b,run1_p8,126.04,63.0,,
9763.550,,gemma3:4b,run1_p8,126.19,63.0,,
9764.079,,gemma3:4b,run1_p8,125.81,63.0,,
9764.605,,gemma3:4b,run1_p8,125.78,63.0,,
9765.132,,gemma3:4b,run1_p8,126.14,63.0,,
9765.656,,gemma3:4b,run1_p8,125.95,63.0,,
9766.195,,gemma3:4b,run1_p8,125.70,63.0,,
9766.735,,gemma3:4b,run1_p8,126.17,63.0,,
9767.273,,gemma3:4b,run1_p8,125.87,63.0,,
9767.810,,gemma3:4b,run1_p8,126.12,63.0,,
9768.349,,gemma3:4b,run1_p8,126.66,63.0,,
9768.875,,gemma3:4b,run1_p8,126.60,62.0,,
9769.399,,gemma3:4b,run1_p8,126.52,63.0,,
9769.928,,gemma3:4b,run1_p8,126.48,63.0,,
9770.451,,gemma3:4b,run1_p8,126.21,63.0,,
9770.995,,gemma3:4b,run1_p9,94.33,54.0,,
9771.520,,gemma3:4b,run1_p9,78.36,56.0,,
9772.044,,gemma3:4b,run1_p9,102.56,62.0,,
9772.574,,gemma3:4b,run1_p9,126.20,62.0,,
9773.096,,gemma3:4b,run1_p9,126.08,62.0,,
9773.621,,gemma3:4b,run1_p10,126.40,63.0,,
9774.146,,gemma3:4b,run1_p10,112.43,54.0,,
9774.784,,gemma3:4b,run1_p10,114.47,63.0,,
9775.313,,gemma3:4b,run1_p10,126.30,62.0,,
9775.845,,gemma3:4b,run1_p10,126.81,63.0,,
9776.372,,gemma3:4b,run1_p10,127.20,64.0,,
9776.901,,gemma3:4b,run1_p10,127.31,63.0,,
9777.425,,gemma3:4b,run1_p10,127.31,63.0,,
9777.950,,gemma3:4b,run1_p10,126.99,61.0,,
9778.474,,gemma3:4b,run1_p10,127.06,63.0,,
9779.003,,gemma3:4b,run1_p10,126.80,63.0,,
9779.525,,gemma3:4b,run1_p10,126.49,63.0,,
9780.085,,gemma3:4b,run1_p10,126.89,63.0,,
9780.614,,gemma3:4b,run1_p10,126.70,63.0,,
9781.141,,gemma3:4b,run1_p10,126.38,63.0,,
9781.668,,gemma3:4b,run1_p10,126.13,63.0,,
9782.193,,gemma3:4b,run1_p10,126.39,63.0,,
9782.720,,gemma3:4b,run1_p10,126.29,63.0,,
9783.262,,gemma3:4b,run1_p10,126.15,63.0,,
9783.803,,gemma3:4b,run1_p10,126.69,63.0,,
9784.334,,gemma3:4b,run1_p10,126.54,63.0,,
9784.874,,gemma3:4b,run1_p10,126.62,63.0,,
9785.424,,gemma3:4b,run1_p11,105.78,55.0,,
9785.948,,gemma3:4b,run1_p11,85.08,59.0,,
9786.471,,gemma3:4b,run1_p11,106.36,62.0,,
9786.994,,gemma3:4b,run1_p11,126.68,63.0,,
9787.519,,gemma3:4b,run1_p11,126.57,63.0,,
9788.042,,gemma3:4b,run1_p11,126.54,63.0,,
9788.565,,gemma3:4b,run1_p11,126.64,63.0,,
9789.089,,gemma3:4b,run1_p11,126.93,63.0,,
9789.613,,gemma3:4b,run1_p11,126.82,63.0,,
9790.142,,gemma3:4b,run1_p11,126.92,63.0,,
9790.669,,gemma3:4b,run1_p11,126.18,63.0,,
9791.196,,gemma3:4b,run1_p11,125.27,63.0,,
9791.720,,gemma3:4b,run1_p11,125.35,63.0,,
9792.243,,gemma3:4b,run1_p11,125.24,63.0,,
9792.766,,gemma3:4b,run1_p11,125.13,63.0,,
9793.289,,gemma3:4b,run1_p11,124.90,63.0,,
9793.813,,gemma3:4b,run1_p11,124.89,63.0,,
9794.336,,gemma3:4b,run1_p11,124.93,62.0,,
9794.859,,gemma3:4b,run1_p11,125.50,63.0,,
9795.382,,gemma3:4b,run1_p11,125.77,63.0,,
9795.906,,gemma3:4b,run1_p11,125.58,63.0,,
9796.432,,gemma3:4b,run1_p11,125.19,63.0,,
9796.955,,gemma3:4b,run1_p11,125.00,63.0,,
9797.477,,gemma3:4b,run1_p11,125.20,63.0,,
9798.001,,gemma3:4b,run1_p11,125.38,63.0,,
9798.537,,gemma3:4b,run1_p11,125.29,62.0,,
9799.066,,gemma3:4b,run1_p11,124.36,63.0,,
9799.592,,gemma3:4b,run1_p11,124.57,63.0,,
9800.118,,gemma3:4b,run1_p11,124.33,62.0,,
9800.649,,gemma3:4b,run1_p11,124.15,63.0,,
9801.178,,gemma3:4b,run1_p11,124.15,63.0,,
9801.703,,gemma3:4b,run1_p11,124.43,62.0,,
9802.236,,gemma3:4b,run1_p11,124.32,63.0,,
9802.760,,gemma3:4b,run1_p11,124.28,63.0,,
9803.288,,gemma3:4b,run1_p12,109.67,63.0,,
9803.815,,gemma3:4b,run1_p12,91.26,53.0,,
9804.340,,gemma3:4b,run1_p12,106.57,62.0,,
9804.873,,gemma3:4b,run1_p12,125.86,62.0,,
9805.395,,gemma3:4b,run1_p12,126.30,63.0,,
9805.939,,gemma3:4b,run1_p12,126.08,63.0,,
9806.466,,gemma3:4b,run1_p12,126.41,63.0,,
9806.989,,gemma3:4b,run1_p12,126.01,63.0,,
9807.530,,gemma3:4b,run1_p13,93.64,52.0,,
9808.055,,gemma3:4b,run1_p13,73.14,60.0,,
9808.578,,gemma3:4b,run1_p13,105.33,62.0,,
9809.117,,gemma3:4b,run1_p13,126.47,63.0,,
9809.647,,gemma3:4b,run1_p13,126.46,63.0,,
9810.173,,gemma3:4b,run1_p13,126.77,63.0,,
9810.697,,gemma3:4b,run1_p13,126.75,63.0,,
9811.224,,gemma3:4b,run1_p13,125.91,62.0,,
9811.749,,gemma3:4b,run1_p13,125.85,63.0,,
9812.279,,gemma3:4b,run1_p13,126.50,63.0,,
9812.806,,gemma3:4b,run1_p13,126.69,63.0,,
9813.333,,gemma3:4b,run1_p13,126.83,63.0,,
9813.860,,gemma3:4b,run1_p13,126.35,62.0,,
9814.383,,gemma3:4b,run1_p13,125.61,63.0,,
9814.906,,gemma3:4b,run1_p13,125.74,63.0,,
9815.430,,gemma3:4b,run1_p13,126.13,63.0,,
9815.963,,gemma3:4b,run1_p13,126.61,63.0,,
9816.489,,gemma3:4b,run1_p13,126.04,63.0,,
9817.021,,gemma3:4b,run1_p13,126.09,63.0,,
9817.565,,gemma3:4b,run1_p13,125.89,63.0,,
9818.094,,gemma3:4b,run1_p13,125.32,63.0,,
9818.618,,gemma3:4b,run1_p14,125.46,63.0,,
9819.147,,gemma3:4b,run1_p14,111.14,55.0,,
9819.717,,gemma3:4b,run1_p14,111.72,62.0,,
9820.243,,gemma3:4b,run1_p14,126.70,63.0,,
9820.767,,gemma3:4b,run1_p14,126.67,63.0,,
9821.293,,gemma3:4b,run1_p14,126.58,63.0,,
9821.819,,gemma3:4b,run1_p14,126.68,64.0,,
9822.347,,gemma3:4b,run1_p14,126.15,64.0,,
9822.886,,gemma3:4b,run1_p14,126.10,63.0,,
9823.421,,gemma3:4b,run1_p14,126.30,63.0,,
9823.950,,gemma3:4b,run1_p14,126.75,63.0,,
9824.476,,gemma3:4b,run1_p14,127.16,63.0,,
9824.999,,gemma3:4b,run1_p14,127.10,63.0,,
9825.528,,gemma3:4b,run1_p14,126.71,63.0,,
9826.053,,gemma3:4b,run1_p14,126.29,64.0,,
9826.592,,gemma3:4b,run1_p14,126.21,63.0,,
9827.117,,gemma3:4b,run1_p14,125.88,63.0,,
9827.654,,gemma3:4b,run1_p14,126.40,63.0,,
9828.183,,gemma3:4b,run1_p14,126.17,63.0,,
9828.709,,gemma3:4b,run1_p14,126.05,62.0,,
9829.233,,gemma3:4b,run1_p14,125.61,63.0,,
9829.757,,gemma3:4b,run1_p14,125.86,63.0,,
9830.282,,gemma3:4b,run1_p14,126.27,63.0,,
9830.806,,gemma3:4b,run1_p14,126.45,63.0,,
9831.331,,gemma3:4b,run1_p14,126.25,63.0,,
9831.854,,gemma3:4b,run1_p14,126.20,63.0,,
9832.381,,gemma3:4b,run1_p14,126.25,63.0,,
9832.904,,gemma3:4b,run1_p14,125.71,63.0,,
9833.427,,gemma3:4b,run1_p14,125.21,63.0,,
9833.953,,gemma3:4b,run1_p14,125.19,61.0,,
9834.478,,gemma3:4b,run1_p14,125.97,64.0,,
9835.032,,gemma3:4b,run2_p0,118.10,63.0,,
9835.563,,gemma3:4b,run2_p0,103.90,59.0,,
9836.099,,gemma3:4b,run2_p1,74.13,54.0,,
9836.638,,gemma3:4b,run2_p1,76.34,52.0,,
9837.177,,gemma3:4b,run2_p1,106.82,62.0,,
9837.719,,gemma3:4b,run2_p1,126.54,63.0,,
9838.257,,gemma3:4b,run2_p1,126.58,63.0,,
9838.793,,gemma3:4b,run2_p2,115.96,63.0,,
9839.321,,gemma3:4b,run2_p2,96.20,53.0,,
9839.879,,gemma3:4b,run2_p3,99.64,62.0,,
9840.406,,gemma3:4b,run2_p3,100.33,53.0,,
9840.929,,gemma3:4b,run2_p3,104.66,62.0,,
9841.454,,gemma3:4b,run2_p4,108.73,63.0,,
9841.979,,gemma3:4b,run2_p4,90.68,53.0,,
9842.514,,gemma3:4b,run2_p5,84.54,61.0,,
9843.038,,gemma3:4b,run2_p5,90.51,52.0,,
9843.566,,gemma3:4b,run2_p5,106.38,62.0,,
9844.100,,gemma3:4b,run2_p6,100.18,63.0,,
9844.627,,gemma3:4b,run2_p6,85.47,52.0,,
9845.157,,gemma3:4b,run2_p6,103.29,62.0,,
9845.681,,gemma3:4b,run2_p6,125.91,62.0,,
9846.221,,gemma3:4b,run2_p6,125.70,62.0,,
9846.742,,gemma3:4b,run2_p6,125.37,62.0,,
9847.294,,gemma3:4b,run2_p6,125.85,62.0,,
9847.819,,gemma3:4b,run2_p6,125.73,63.0,,
9848.345,,gemma3:4b,run2_p6,125.81,63.0,,
9848.871,,gemma3:4b,run2_p6,125.69,62.0,,
9849.402,,gemma3:4b,run2_p6,125.58,63.0,,
9849.927,,gemma3:4b,run2_p6,126.05,63.0,,
9850.453,,gemma3:4b,run2_p6,125.60,63.0,,
9850.989,,gemma3:4b,run2_p6,125.97,62.0,,
9851.513,,gemma3:4b,run2_p6,126.46,63.0,,
9852.046,,gemma3:4b,run2_p6,126.03,63.0,,
9852.571,,gemma3:4b,run2_p6,126.01,63.0,,
9853.097,,gemma3:4b,run2_p6,125.83,63.0,,
9853.625,,gemma3:4b,run2_p6,126.01,63.0,,
9854.150,,gemma3:4b,run2_p6,126.01,63.0,,
9854.677,,gemma3:4b,run2_p6,125.86,63.0,,
9855.202,,gemma3:4b,run2_p6,125.98,63.0,,
9855.727,,gemma3:4b,run2_p6,125.76,63.0,,
9856.252,,gemma3:4b,run2_p6,125.93,63.0,,
9856.776,,gemma3:4b,run2_p6,125.88,63.0,,
9857.300,,gemma3:4b,run2_p6,125.42,63.0,,
9857.826,,gemma3:4b,run2_p7,87.81,54.0,,
9858.357,,gemma3:4b,run2_p7,73.67,51.0,,
9858.887,,gemma3:4b,run2_p7,103.52,62.0,,
9859.411,,gemma3:4b,run2_p7,125.90,62.0,,
9859.934,,gemma3:4b,run2_p7,126.46,63.0,,
9860.463,,gemma3:4b,run2_p7,126.39,62.0,,
9860.989,,gemma3:4b,run2_p7,126.47,63.0,,
9861.515,,gemma3:4b,run2_p7,126.89,63.0,,
9862.039,,gemma3:4b,run2_p7,126.70,63.0,,
9862.564,,gemma3:4b,run2_p7,126.92,63.0,,
9863.093,,gemma3:4b,run2_p7,126.61,63.0,,
9863.620,,gemma3:4b,run2_p7,126.41,63.0,,
9864.144,,gemma3:4b,run2_p7,127.07,63.0,,
9864.668,,gemma3:4b,run2_p7,126.78,63.0,,
9865.192,,gemma3:4b,run2_p7,126.67,63.0,,
9865.718,,gemma3:4b,run2_p7,126.13,63.0,,
9866.243,,gemma3:4b,run2_p7,126.50,63.0,,
9866.768,,gemma3:4b,run2_p7,126.88,63.0,,
9867.295,,gemma3:4b,run2_p7,126.43,63.0,,
9867.822,,gemma3:4b,run2_p7,126.18,63.0,,
9868.348,,gemma3:4b,run2_p7,125.85,63.0,,
9868.880,,gemma3:4b,run2_p8,126.22,63.0,,
9869.405,,gemma3:4b,run2_p8,113.31,63.0,,
9869.930,,gemma3:4b,run2_p8,113.39,63.0,,
9870.455,,gemma3:4b,run2_p8,126.69,63.0,,
9870.985,,gemma3:4b,run2_p8,126.71,63.0,,
9871.509,,gemma3:4b,run2_p8,126.58,63.0,,
9872.033,,gemma3:4b,run2_p8,127.22,63.0,,
9872.559,,gemma3:4b,run2_p8,126.92,63.0,,
9873.093,,gemma3:4b,run2_p8,126.71,63.0,,
9873.618,,gemma3:4b,run2_p8,126.60,63.0,,
9874.181,,gemma3:4b,run2_p8,126.33,63.0,,
9874.706,,gemma3:4b,run2_p8,126.42,63.0,,
9875.233,,gemma3:4b,run2_p8,127.29,63.0,,
9875.762,,gemma3:4b,run2_p8,126.96,64.0,,
9876.288,,gemma3:4b,run2_p8,125.49,63.0,,
9876.813,,gemma3:4b,run2_p8,125.42,63.0,,
9877.340,,gemma3:4b,run2_p8,126.95,63.0,,
9877.869,,gemma3:4b,run2_p8,126.59,64.0,,
9878.393,,gemma3:4b,run2_p8,126.36,64.0,,
9878.921,,gemma3:4b,run2_p8,126.51,63.0,,
9879.445,,gemma3:4b,run2_p8,126.75,63.0,,
9879.969,,gemma3:4b,run2_p8,126.50,63.0,,
9880.501,,gemma3:4b,run2_p8,126.52,63.0,,
9881.054,,gemma3:4b,run2_p9,103.08,57.0,,
9881.583,,gemma3:4b,run2_p9,89.73,59.0,,
9882.106,,gemma3:4b,run2_p9,105.40,62.0,,
9882.632,,gemma3:4b,run2_p9,126.50,63.0,,
9883.158,,gemma3:4b,run2_p9,126.56,63.0,,
9883.753,,gemma3:4b,run2_p10,104.49,63.0,,
9884.280,,gemma3:4b,run2_p10,94.69,52.0,,
9884.811,,gemma3:4b,run2_p10,107.34,62.0,,
9885.337,,gemma3:4b,run2_p10,127.21,63.0,,
9885.863,,gemma3:4b,run2_p10,127.46,63.0,,
9886.387,,gemma3:4b,run2_p10,127.17,63.0,,
9886.911,,gemma3:4b,run2_p10,127.51,63.0,,
9887.438,,gemma3:4b,run2_p10,127.09,63.0,,
9887.962,,gemma3:4b,run2_p10,126.74,63.0,,
9888.485,,gemma3:4b,run2_p10,127.01,63.0,,
9889.011,,gemma3:4b,run2_p10,127.18,62.0,,
9889.533,,gemma3:4b,run2_p10,127.39,63.0,,
9890.059,,gemma3:4b,run2_p10,127.28,63.0,,
9890.583,,gemma3:4b,run2_p10,127.09,63.0,,
9891.106,,gemma3:4b,run2_p10,126.20,63.0,,
9891.628,,gemma3:4b,run2_p10,125.87,63.0,,
9892.223,,gemma3:4b,run2_p10,126.75,63.0,,
9892.781,,gemma3:4b,run2_p10,127.05,63.0,,
9893.306,,gemma3:4b,run2_p10,126.82,63.0,,
9893.829,,gemma3:4b,run2_p10,126.93,63.0,,
9894.360,,gemma3:4b,run2_p10,126.79,63.0,,
9894.886,,gemma3:4b,run2_p11,119.21,63.0,,
9895.413,,gemma3:4b,run2_p11,103.84,61.0,,
9895.937,,gemma3:4b,run2_p11,104.27,63.0,,
9896.463,,gemma3:4b,run2_p11,126.58,63.0,,
9896.987,,gemma3:4b,run2_p11,127.22,63.0,,
9897.513,,gemma3:4b,run2_p11,127.24,64.0,,
9898.038,,gemma3:4b,run2_p11,126.98,63.0,,
9898.563,,gemma3:4b,run2_p11,126.68,63.0,,
9899.089,,gemma3:4b,run2_p11,126.96,63.0,,
9899.620,,gemma3:4b,run2_p11,127.26,64.0,,
9900.147,,gemma3:4b,run2_p11,127.16,64.0,,
9900.672,,gemma3:4b,run2_p11,127.43,64.0,,
9901.202,,gemma3:4b,run2_p11,127.51,64.0,,
9901.745,,gemma3:4b,run2_p11,127.09,64.0,,
9902.285,,gemma3:4b,run2_p11,126.79,62.0,,
9902.819,,gemma3:4b,run2_p11,126.68,63.0,,
9903.359,,gemma3:4b,run2_p11,126.77,63.0,,
9903.883,,gemma3:4b,run2_p11,127.09,64.0,,
9904.405,,gemma3:4b,run2_p11,127.10,63.0,,
9904.932,,gemma3:4b,run2_p11,126.94,63.0,,
9905.486,,gemma3:4b,run2_p11,126.80,63.0,,
9906.010,,gemma3:4b,run2_p11,126.84,63.0,,
9906.536,,gemma3:4b,run2_p11,126.93,63.0,,
9907.061,,gemma3:4b,run2_p11,126.61,63.0,,
9907.586,,gemma3:4b,run2_p11,126.93,64.0,,
9908.110,,gemma3:4b,run2_p11,127.07,64.0,,
9908.634,,gemma3:4b,run2_p11,127.02,63.0,,
9909.159,,gemma3:4b,run2_p11,126.89,63.0,,
9909.689,,gemma3:4b,run2_p11,126.83,63.0,,
9910.214,,gemma3:4b,run2_p11,126.90,64.0,,
9910.740,,gemma3:4b,run2_p11,126.60,64.0,,
9911.265,,gemma3:4b,run2_p11,126.83,63.0,,
9911.793,,gemma3:4b,run2_p11,127.28,63.0,,
9912.318,,gemma3:4b,run2_p11,126.77,64.0,,
9912.846,,gemma3:4b,run2_p11,126.65,64.0,,
9913.370,,gemma3:4b,run2_p11,126.54,63.0,,
9913.896,,gemma3:4b,run2_p11,126.57,63.0,,
9914.424,,gemma3:4b,run2_p12,95.17,53.0,,
9914.949,,gemma3:4b,run2_p12,79.41,61.0,,
9915.476,,gemma3:4b,run2_p12,103.42,63.0,,
9915.999,,gemma3:4b,run2_p12,127.31,63.0,,
9916.550,,gemma3:4b,run2_p12,127.14,63.0,,
9917.075,,gemma3:4b,run2_p12,127.28,63.0,,
9917.599,,gemma3:4b,run2_p12,127.54,64.0,,
9918.138,,gemma3:4b,run2_p13,119.35,63.0,,
9918.706,,gemma3:4b,run2_p13,102.83,61.0,,
9919.232,,gemma3:4b,run2_p13,110.97,63.0,,
9919.756,,gemma3:4b,run2_p13,127.60,64.0,,
9920.282,,gemma3:4b,run2_p13,127.24,64.0,,
9920.808,,gemma3:4b,run2_p13,127.62,63.0,,
9921.332,,gemma3:4b,run2_p13,127.59,63.0,,
9921.858,,gemma3:4b,run2_p13,127.63,63.0,,
9922.382,,gemma3:4b,run2_p13,126.75,63.0,,
9922.906,,gemma3:4b,run2_p13,126.24,63.0,,
9923.432,,gemma3:4b,run2_p13,126.70,64.0,,
9923.957,,gemma3:4b,run2_p13,126.89,64.0,,
9924.483,,gemma3:4b,run2_p13,126.54,64.0,,
9925.008,,gemma3:4b,run2_p13,126.41,64.0,,
9925.534,,gemma3:4b,run2_p13,126.42,63.0,,
9926.060,,gemma3:4b,run2_p13,126.66,64.0,,
9926.591,,gemma3:4b,run2_p13,126.93,64.0,,
9927.114,,gemma3:4b,run2_p13,126.87,63.0,,
9927.639,,gemma3:4b,run2_p13,126.58,63.0,,
9928.163,,gemma3:4b,run2_p13,126.30,63.0,,
9928.693,,gemma3:4b,run2_p13,126.69,64.0,,
9929.217,,gemma3:4b,run2_p13,126.38,63.0,,
9929.740,,gemma3:4b,run2_p13,126.69,63.0,,
9930.269,,gemma3:4b,run2_p13,126.55,64.0,,
9930.811,,gemma3:4b,run2_p14,103.89,63.0,,
9931.339,,gemma3:4b,run2_p14,89.57,53.0,,
9931.864,,gemma3:4b,run2_p14,104.15,62.0,,
9932.390,,gemma3:4b,run2_p14,126.26,63.0,,
9932.913,,gemma3:4b,run2_p14,126.30,63.0,,
9933.438,,gemma3:4b,run2_p14,126.60,63.0,,
9933.964,,gemma3:4b,run2_p14,126.57,63.0,,
9934.488,,gemma3:4b,run2_p14,126.12,63.0,,
9935.010,,gemma3:4b,run2_p14,126.05,63.0,,
9935.535,,gemma3:4b,run2_p14,126.80,64.0,,
9936.057,,gemma3:4b,run2_p14,126.92,64.0,,
9936.585,,gemma3:4b,run2_p14,126.45,64.0,,
9937.117,,gemma3:4b,run2_p14,126.71,64.0,,
9937.641,,gemma3:4b,run2_p14,126.51,64.0,,
9938.165,,gemma3:4b,run2_p14,125.93,64.0,,
9938.689,,gemma3:4b,run2_p14,125.82,63.0,,
9939.217,,gemma3:4b,run2_p14,125.68,64.0,,
9939.742,,gemma3:4b,run2_p14,125.66,63.0,,
9940.267,,gemma3:4b,run2_p14,126.37,64.0,,
9940.790,,gemma3:4b,run2_p14,126.36,63.0,,
9941.318,,gemma3:4b,run2_p14,126.21,64.0,,
9941.841,,gemma3:4b,run2_p14,126.19,63.0,,
9942.367,,gemma3:4b,run2_p14,126.19,63.0,,
9942.892,,gemma3:4b,run2_p14,126.52,64.0,,
9943.439,,gemma3:4b,run2_p14,126.32,64.0,,
9943.962,,gemma3:4b,run2_p14,126.14,63.0,,
9944.487,,gemma3:4b,run2_p14,126.51,64.0,,
9945.011,,gemma3:4b,run2_p14,126.07,64.0,,
9945.536,,gemma3:4b,run2_p14,125.96,63.0,,
9946.066,,gemma3:4b,run2_p14,125.57,63.0,,
9946.598,,gemma3:4b,run3_p0,92.23,54.0,,
9947.122,,gemma3:4b,run3_p0,78.99,59.0,,
9947.666,,gemma3:4b,run3_p1,73.74,54.0,,
9948.193,,gemma3:4b,run3_p1,78.16,57.0,,
9948.718,,gemma3:4b,run3_p1,102.39,62.0,,
9949.246,,gemma3:4b,run3_p1,126.95,63.0,,
9949.774,,gemma3:4b,run3_p1,126.36,63.0,,
9950.302,,gemma3:4b,run3_p2,115.63,64.0,,
9950.877,,gemma3:4b,run3_p2,95.96,52.0,,
9951.417,,gemma3:4b,run3_p3,95.24,62.0,,
9951.943,,gemma3:4b,run3_p3,96.20,53.0,,
9952.470,,gemma3:4b,run3_p3,99.13,62.0,,
9953.006,,gemma3:4b,run3_p4,106.59,63.0,,
9953.532,,gemma3:4b,run3_p4,92.35,52.0,,
9954.065,,gemma3:4b,run3_p5,83.43,62.0,,
9954.593,,gemma3:4b,run3_p5,89.26,52.0,,
9955.122,,gemma3:4b,run3_p5,102.66,61.0,,
9955.647,,gemma3:4b,run3_p6,105.98,52.0,,
9956.175,,gemma3:4b,run3_p6,87.24,61.0,,
9956.699,,gemma3:4b,run3_p6,100.24,62.0,,
9957.223,,gemma3:4b,run3_p6,126.00,62.0,,
9957.747,,gemma3:4b,run3_p6,126.35,62.0,,
9958.272,,gemma3:4b,run3_p6,126.64,63.0,,
9958.794,,gemma3:4b,run3_p6,126.47,63.0,,
9959.319,,gemma3:4b,run3_p6,126.25,62.0,,
9959.842,,gemma3:4b,run3_p6,125.86,63.0,,
9960.366,,gemma3:4b,run3_p6,126.50,62.0,,
9960.891,,gemma3:4b,run3_p6,126.49,63.0,,
9961.424,,gemma3:4b,run3_p6,126.98,63.0,,
9961.950,,gemma3:4b,run3_p6,127.02,62.0,,
9962.474,,gemma3:4b,run3_p6,126.76,63.0,,
9963.004,,gemma3:4b,run3_p6,126.67,63.0,,
9963.528,,gemma3:4b,run3_p6,126.84,63.0,,
9964.064,,gemma3:4b,run3_p6,126.23,63.0,,
9964.589,,gemma3:4b,run3_p6,126.43,63.0,,
9965.113,,gemma3:4b,run3_p6,126.28,63.0,,
9965.636,,gemma3:4b,run3_p6,126.53,63.0,,
9966.159,,gemma3:4b,run3_p6,126.22,63.0,,
9966.694,,gemma3:4b,run3_p6,126.29,63.0,,
9967.218,,gemma3:4b,run3_p6,126.60,63.0,,
9967.742,,gemma3:4b,run3_p7,105.02,55.0,,
9968.265,,gemma3:4b,run3_p7,85.22,59.0,,
9968.803,,gemma3:4b,run3_p7,106.13,62.0,,
9969.331,,gemma3:4b,run3_p7,126.53,63.0,,
9969.859,,gemma3:4b,run3_p7,127.07,63.0,,
9970.384,,gemma3:4b,run3_p7,127.64,63.0,,
9970.909,,gemma3:4b,run3_p7,127.61,63.0,,
9971.436,,gemma3:4b,run3_p7,126.77,63.0,,
9971.962,,gemma3:4b,run3_p7,126.85,63.0,,
9972.494,,gemma3:4b,run3_p7,127.24,63.0,,
9973.021,,gemma3:4b,run3_p7,126.56,63.0,,
9973.546,,gemma3:4b,run3_p7,126.70,63.0,,
9974.071,,gemma3:4b,run3_p7,127.35,63.0,,
9974.594,,gemma3:4b,run3_p7,127.05,63.0,,
9975.118,,gemma3:4b,run3_p7,126.96,63.0,,
9975.642,,gemma3:4b,run3_p7,126.91,63.0,,
9976.164,,gemma3:4b,run3_p7,126.52,63.0,,
9976.690,,gemma3:4b,run3_p7,126.43,63.0,,
9977.215,,gemma3:4b,run3_p7,126.17,63.0,,
9977.739,,gemma3:4b,run3_p7,126.69,64.0,,
9978.263,,gemma3:4b,run3_p7,126.65,63.0,,
9978.795,,gemma3:4b,run3_p7,126.54,63.0,,
9979.323,,gemma3:4b,run3_p7,126.50,63.0,,
9979.847,,gemma3:4b,run3_p7,126.68,63.0,,
9980.372,,gemma3:4b,run3_p7,127.13,62.0,,
9980.897,,gemma3:4b,run3_p8,96.91,63.0,,
9981.422,,gemma3:4b,run3_p8,80.69,52.0,,
9981.956,,gemma3:4b,run3_p8,102.88,62.0,,
9982.523,,gemma3:4b,run3_p8,126.53,63.0,,
9983.048,,gemma3:4b,run3_p8,127.05,63.0,,
9983.573,,gemma3:4b,run3_p8,127.01,63.0,,
9984.097,,gemma3:4b,run3_p8,126.88,63.0,,
9984.626,,gemma3:4b,run3_p8,126.55,63.0,,
9985.151,,gemma3:4b,run3_p8,126.27,63.0,,
9985.676,,gemma3:4b,run3_p8,126.61,64.0,,
9986.202,,gemma3:4b,run3_p8,126.67,63.0,,
9986.729,,gemma3:4b,run3_p8,126.23,63.0,,
9987.257,,gemma3:4b,run3_p8,126.11,63.0,,
9987.789,,gemma3:4b,run3_p8,126.36,63.0,,
9988.316,,gemma3:4b,run3_p8,126.47,63.0,,
9988.865,,gemma3:4b,run3_p8,126.40,63.0,,
9989.395,,gemma3:4b,run3_p8,126.64,63.0,,
9989.920,,gemma3:4b,run3_p8,126.06,63.0,,
9990.456,,gemma3:4b,run3_p8,126.37,63.0,,
9990.981,,gemma3:4b,run3_p8,126.70,63.0,,
9991.508,,gemma3:4b,run3_p8,126.07,63.0,,
9992.032,,gemma3:4b,run3_p8,126.28,64.0,,
9992.557,,gemma3:4b,run3_p8,126.35,63.0,,
9993.087,,gemma3:4b,run3_p8,126.40,63.0,,
9993.614,,gemma3:4b,run3_p8,126.44,63.0,,
9994.144,,gemma3:4b,run3_p8,126.40,63.0,,
9994.674,,gemma3:4b,run3_p9,95.84,55.0,,
9995.198,,gemma3:4b,run3_p9,76.50,53.0,,
9995.727,,gemma3:4b,run3_p9,99.61,63.0,,
9996.251,,gemma3:4b,run3_p9,126.58,63.0,,
9996.780,,gemma3:4b,run3_p9,126.47,63.0,,
9997.310,,gemma3:4b,run3_p10,103.73,63.0,,
9997.838,,gemma3:4b,run3_p10,88.01,52.0,,
9998.382,,gemma3:4b,run3_p10,103.03,62.0,,
9998.913,,gemma3:4b,run3_p10,126.73,63.0,,
9999.441,,gemma3:4b,run3_p10,126.98,64.0,,
9999.968,,gemma3:4b,run3_p10,126.00,63.0,,
10000.491,,gemma3:4b,run3_p10,126.28,63.0,,
10001.016,,gemma3:4b,run3_p10,127.09,63.0,,
10001.540,,gemma3:4b,run3_p10,126.93,63.0,,
10002.071,,gemma3:4b,run3_p10,126.94,63.0,,
10002.596,,gemma3:4b,run3_p10,127.09,63.0,,
10003.124,,gemma3:4b,run3_p10,127.45,63.0,,
10003.650,,gemma3:4b,run3_p10,126.88,62.0,,
10004.173,,gemma3:4b,run3_p10,126.38,63.0,,
10004.699,,gemma3:4b,run3_p10,126.65,63.0,,
10005.228,,gemma3:4b,run3_p10,126.40,63.0,,
10005.759,,gemma3:4b,run3_p10,126.34,64.0,,
10006.289,,gemma3:4b,run3_p10,126.52,63.0,,
10006.816,,gemma3:4b,run3_p10,126.53,63.0,,
10007.343,,gemma3:4b,run3_p10,126.35,63.0,,
10007.874,,gemma3:4b,run3_p10,126.41,63.0,,
10008.406,,gemma3:4b,run3_p10,125.87,62.0,,
10008.934,,gemma3:4b,run3_p11,126.19,63.0,,
10009.462,,gemma3:4b,run3_p11,112.18,62.0,,
10009.986,,gemma3:4b,run3_p11,111.93,63.0,,
10010.541,,gemma3:4b,run3_p11,127.18,63.0,,
10011.065,,gemma3:4b,run3_p11,126.84,63.0,,
10011.591,,gemma3:4b,run3_p11,126.85,63.0,,
10012.116,,gemma3:4b,run3_p11,126.84,62.0,,
10012.641,,gemma3:4b,run3_p11,126.65,63.0,,
10013.164,,gemma3:4b,run3_p11,126.86,63.0,,
10013.690,,gemma3:4b,run3_p11,126.63,63.0,,
10014.215,,gemma3:4b,run3_p11,127.01,64.0,,
10014.737,,gemma3:4b,run3_p11,127.36,64.0,,
10015.262,,gemma3:4b,run3_p11,127.22,63.0,,
10015.785,,gemma3:4b,run3_p11,126.49,63.0,,
10016.313,,gemma3:4b,run3_p11,126.53,64.0,,
10016.836,,gemma3:4b,run3_p11,126.62,63.0,,
10017.359,,gemma3:4b,run3_p11,126.84,64.0,,
10017.883,,gemma3:4b,run3_p11,127.08,63.0,,
10018.411,,gemma3:4b,run3_p11,127.03,64.0,,
10018.934,,gemma3:4b,run3_p11,126.48,64.0,,
10019.461,,gemma3:4b,run3_p11,126.80,63.0,,
10019.989,,gemma3:4b,run3_p11,126.83,63.0,,
10020.516,,gemma3:4b,run3_p11,126.66,64.0,,
10021.038,,gemma3:4b,run3_p11,126.67,64.0,,
10021.561,,gemma3:4b,run3_p11,126.93,64.0,,
10022.086,,gemma3:4b,run3_p11,127.44,63.0,,
10022.610,,gemma3:4b,run3_p11,126.82,64.0,,
10023.134,,gemma3:4b,run3_p11,126.86,63.0,,
10023.657,,gemma3:4b,run3_p11,126.94,63.0,,
10024.184,,gemma3:4b,run3_p11,127.04,64.0,,
10024.710,,gemma3:4b,run3_p11,126.49,64.0,,
10025.234,,gemma3:4b,run3_p11,126.42,63.0,,
10025.757,,gemma3:4b,run3_p11,126.84,63.0,,
10026.279,,gemma3:4b,run3_p11,127.02,64.0,,
10026.802,,gemma3:4b,run3_p11,126.81,63.0,,
10027.328,,gemma3:4b,run3_p11,126.85,63.0,,
10027.851,,gemma3:4b,run3_p11,126.89,64.0,,
10028.376,,gemma3:4b,run3_p11,126.28,63.0,,
10028.899,,gemma3:4b,run3_p11,126.56,64.0,,
10029.423,,gemma3:4b,run3_p11,126.21,64.0,,
10029.956,,gemma3:4b,run3_p12,111.68,63.0,,
10030.484,,gemma3:4b,run3_p12,98.05,54.0,,
10031.013,,gemma3:4b,run3_p12,102.80,63.0,,
10031.536,,gemma3:4b,run3_p12,126.86,63.0,,
10032.059,,gemma3:4b,run3_p12,127.50,64.0,,
10032.582,,gemma3:4b,run3_p12,127.73,64.0,,
10033.107,,gemma3:4b,run3_p12,127.80,64.0,,
10033.630,,gemma3:4b,run3_p12,128.13,63.0,,
10034.163,,gemma3:4b,run3_p13,95.43,53.0,,
10034.688,,gemma3:4b,run3_p13,79.75,62.0,,
10035.211,,gemma3:4b,run3_p13,103.58,63.0,,
10035.734,,gemma3:4b,run3_p13,126.70,63.0,,
10036.257,,gemma3:4b,run3_p13,126.87,63.0,,
10036.781,,gemma3:4b,run3_p13,127.46,64.0,,
10037.303,,gemma3:4b,run3_p13,127.16,63.0,,
10037.826,,gemma3:4b,run3_p13,127.15,63.0,,
10038.349,,gemma3:4b,run3_p13,127.20,64.0,,
10038.872,,gemma3:4b,run3_p13,127.36,64.0,,
10039.396,,gemma3:4b,run3_p13,126.81,63.0,,
10039.919,,gemma3:4b,run3_p13,126.88,64.0,,
10040.456,,gemma3:4b,run3_p13,127.32,64.0,,
10040.979,,gemma3:4b,run3_p13,127.41,64.0,,
10041.529,,gemma3:4b,run3_p13,126.99,63.0,,
10042.052,,gemma3:4b,run3_p13,127.24,63.0,,
10042.575,,gemma3:4b,run3_p13,127.26,64.0,,
10043.099,,gemma3:4b,run3_p13,127.25,64.0,,
10043.621,,gemma3:4b,run3_p13,127.17,64.0,,
10044.147,,gemma3:4b,run3_p13,127.08,63.0,,
10044.670,,gemma3:4b,run3_p13,126.87,64.0,,
10045.238,,gemma3:4b,run3_p14,122.26,64.0,,
10045.763,,gemma3:4b,run3_p14,106.66,59.0,,
10046.290,,gemma3:4b,run3_p14,105.99,64.0,,
10046.815,,gemma3:4b,run3_p14,126.31,63.0,,
10047.338,,gemma3:4b,run3_p14,126.47,63.0,,
10047.866,,gemma3:4b,run3_p14,126.83,64.0,,
10048.392,,gemma3:4b,run3_p14,126.62,63.0,,
10048.920,,gemma3:4b,run3_p14,126.19,63.0,,
10049.449,,gemma3:4b,run3_p14,126.02,63.0,,
10049.989,,gemma3:4b,run3_p14,126.64,63.0,,
10050.522,,gemma3:4b,run3_p14,126.97,63.0,,
10051.047,,gemma3:4b,run3_p14,126.84,63.0,,
10051.573,,gemma3:4b,run3_p14,126.41,63.0,,
10052.098,,gemma3:4b,run3_p14,126.23,63.0,,
10052.623,,gemma3:4b,run3_p14,126.07,63.0,,
10053.147,,gemma3:4b,run3_p14,126.08,64.0,,
10053.674,,gemma3:4b,run3_p14,126.17,64.0,,
10054.206,,gemma3:4b,run3_p14,126.70,63.0,,
10054.733,,gemma3:4b,run3_p14,126.85,63.0,,
10055.263,,gemma3:4b,run3_p14,126.54,64.0,,
10055.790,,gemma3:4b,run3_p14,126.19,64.0,,
10056.314,,gemma3:4b,run3_p14,126.45,64.0,,
10056.840,,gemma3:4b,run3_p14,126.87,63.0,,
10057.365,,gemma3:4b,run3_p14,126.57,63.0,,
10057.889,,gemma3:4b,run3_p14,126.59,63.0,,
10058.412,,gemma3:4b,run3_p14,126.25,64.0,,
10058.940,,gemma3:4b,run3_p14,125.71,63.0,,
10059.464,,gemma3:4b,run3_p14,125.67,64.0,,
10059.987,,gemma3:4b,run3_p14,125.98,63.0,,
10060.509,,gemma3:4b,run3_p14,125.69,63.0,,
10113.628,,gemma4:e2b,idle,16.90,42.0,,
10114.172,,gemma4:e2b,idle,16.72,41.0,,
10114.708,,gemma4:e2b,idle,16.62,41.0,,
10115.248,,gemma4:e2b,idle,17.11,41.0,,
10115.789,,gemma4:e2b,idle,17.01,41.0,,
10116.317,,gemma4:e2b,idle,16.24,41.0,,
10116.866,,gemma4:e2b,idle,16.47,41.0,,
10117.399,,gemma4:e2b,idle,16.63,41.0,,
10117.934,,gemma4:e2b,idle,17.25,41.0,,
10118.459,,gemma4:e2b,idle,17.23,41.0,,
10118.983,,gemma4:e2b,idle,16.79,41.0,,
10119.510,,gemma4:e2b,idle,16.82,41.0,,
10120.039,,gemma4:e2b,idle,17.07,41.0,,
10120.564,,gemma4:e2b,idle,16.93,41.0,,
10121.095,,gemma4:e2b,idle,16.53,41.0,,
10121.626,,gemma4:e2b,idle,16.20,41.0,,
10122.156,,gemma4:e2b,idle,16.50,41.0,,
10122.686,,gemma4:e2b,idle,17.20,41.0,,
10123.217,,gemma4:e2b,idle,16.83,41.0,,
10123.744,,gemma4:e2b,idle,16.01,41.0,,
10124.275,,gemma4:e2b,idle,16.25,41.0,,
10124.803,,gemma4:e2b,idle,16.63,41.0,,
10125.329,,gemma4:e2b,idle,17.09,41.0,,
10125.857,,gemma4:e2b,idle,16.52,41.0,,
10126.383,,gemma4:e2b,idle,15.91,41.0,,
10126.932,,gemma4:e2b,idle,16.04,41.0,,
10127.461,,gemma4:e2b,idle,16.65,41.0,,
10127.987,,gemma4:e2b,idle,17.22,41.0,,
10128.518,,gemma4:e2b,idle,16.78,41.0,,
10129.045,,gemma4:e2b,idle,16.35,41.0,,
10129.570,,gemma4:e2b,idle,16.07,41.0,,
10130.114,,gemma4:e2b,idle,16.27,41.0,,
10130.662,,gemma4:e2b,idle,16.91,41.0,,
10131.202,,gemma4:e2b,idle,17.09,41.0,,
10131.742,,gemma4:e2b,idle,17.11,41.0,,
10132.271,,gemma4:e2b,idle,16.68,41.0,,
10132.820,,gemma4:e2b,idle,16.43,41.0,,
10133.369,,gemma4:e2b,idle,16.48,41.0,,
10133.920,,gemma4:e2b,run1_p0,16.99,41.0,,
10134.455,,gemma4:e2b,run1_p0,24.33,42.0,,
10134.983,,gemma4:e2b,run1_p0,64.82,51.0,,
10135.513,,gemma4:e2b,run1_p1,95.56,55.0,,
10136.047,,gemma4:e2b,run1_p1,86.17,49.0,,
10136.574,,gemma4:e2b,run1_p1,91.38,55.0,,
10137.101,,gemma4:e2b,run1_p1,111.85,55.0,,
10137.627,,gemma4:e2b,run1_p1,113.02,57.0,,
10138.154,,gemma4:e2b,run1_p2,112.51,56.0,,
10138.678,,gemma4:e2b,run1_p2,100.31,49.0,,
10139.206,,gemma4:e2b,run1_p2,100.49,57.0,,
10139.730,,gemma4:e2b,run1_p2,113.70,57.0,,
10140.254,,gemma4:e2b,run1_p3,100.71,57.0,,
10140.794,,gemma4:e2b,run1_p3,87.09,48.0,,
10141.336,,gemma4:e2b,run1_p3,93.50,57.0,,
10141.874,,gemma4:e2b,run1_p3,114.02,58.0,,
10142.402,,gemma4:e2b,run1_p3,114.23,58.0,,
10142.925,,gemma4:e2b,run1_p3,114.31,58.0,,
10143.451,,gemma4:e2b,run1_p3,115.15,59.0,,
10144.000,,gemma4:e2b,run1_p4,107.59,59.0,,
10144.524,,gemma4:e2b,run1_p4,91.33,51.0,,
10145.048,,gemma4:e2b,run1_p4,92.63,58.0,,
10145.588,,gemma4:e2b,run1_p5,103.45,60.0,,
10146.114,,gemma4:e2b,run1_p5,92.40,52.0,,
10146.638,,gemma4:e2b,run1_p5,98.81,59.0,,
10147.169,,gemma4:e2b,run1_p5,116.39,59.0,,
10147.693,,gemma4:e2b,run1_p5,116.76,60.0,,
10148.218,,gemma4:e2b,run1_p5,116.33,61.0,,
10148.766,,gemma4:e2b,run1_p6,105.38,53.0,,
10149.301,,gemma4:e2b,run1_p6,88.62,59.0,,
10149.825,,gemma4:e2b,run1_p6,99.92,61.0,,
10150.348,,gemma4:e2b,run1_p6,116.26,61.0,,
10150.878,,gemma4:e2b,run1_p6,117.67,61.0,,
10151.410,,gemma4:e2b,run1_p6,117.28,62.0,,
10151.936,,gemma4:e2b,run1_p6,118.00,62.0,,
10152.462,,gemma4:e2b,run1_p6,118.03,62.0,,
10153.015,,gemma4:e2b,run1_p6,116.84,61.0,,
10153.540,,gemma4:e2b,run1_p6,116.68,62.0,,
10154.065,,gemma4:e2b,run1_p6,116.31,61.0,,
10154.590,,gemma4:e2b,run1_p6,117.35,62.0,,
10155.114,,gemma4:e2b,run1_p6,116.90,62.0,,
10155.640,,gemma4:e2b,run1_p6,116.77,62.0,,
10156.161,,gemma4:e2b,run1_p6,117.60,62.0,,
10156.689,,gemma4:e2b,run1_p6,118.85,62.0,,
10157.211,,gemma4:e2b,run1_p6,119.04,62.0,,
10157.780,,gemma4:e2b,run1_p6,118.74,62.0,,
10158.306,,gemma4:e2b,run1_p6,118.78,62.0,,
10158.829,,gemma4:e2b,run1_p6,118.23,62.0,,
10159.357,,gemma4:e2b,run1_p6,118.59,62.0,,
10159.883,,gemma4:e2b,run1_p6,117.90,62.0,,
10160.406,,gemma4:e2b,run1_p6,118.54,62.0,,
10160.929,,gemma4:e2b,run1_p6,118.75,62.0,,
10161.464,,gemma4:e2b,run1_p6,119.46,62.0,,
10161.992,,gemma4:e2b,run1_p6,119.88,62.0,,
10162.518,,gemma4:e2b,run1_p6,119.60,62.0,,
10163.046,,gemma4:e2b,run1_p7,92.08,57.0,,
10163.583,,gemma4:e2b,run1_p7,76.87,52.0,,
10164.109,,gemma4:e2b,run1_p7,97.09,61.0,,
10164.633,,gemma4:e2b,run1_p7,117.71,62.0,,
10165.158,,gemma4:e2b,run1_p7,118.44,62.0,,
10165.685,,gemma4:e2b,run1_p7,117.91,62.0,,
10166.209,,gemma4:e2b,run1_p7,117.41,61.0,,
10166.736,,gemma4:e2b,run1_p7,117.70,63.0,,
10167.260,,gemma4:e2b,run1_p7,118.36,62.0,,
10167.783,,gemma4:e2b,run1_p7,118.83,62.0,,
10168.315,,gemma4:e2b,run1_p7,118.34,63.0,,
10168.856,,gemma4:e2b,run1_p7,118.02,62.0,,
10169.380,,gemma4:e2b,run1_p7,118.06,62.0,,
10169.915,,gemma4:e2b,run1_p7,118.16,62.0,,
10170.442,,gemma4:e2b,run1_p7,117.52,61.0,,
10170.965,,gemma4:e2b,run1_p7,117.39,62.0,,
10171.492,,gemma4:e2b,run1_p7,117.43,62.0,,
10172.014,,gemma4:e2b,run1_p7,118.49,62.0,,
10172.541,,gemma4:e2b,run1_p7,118.59,61.0,,
10173.074,,gemma4:e2b,run1_p7,118.58,62.0,,
10173.599,,gemma4:e2b,run1_p7,118.14,62.0,,
10174.124,,gemma4:e2b,run1_p7,118.55,62.0,,
10174.651,,gemma4:e2b,run1_p7,118.10,63.0,,
10175.181,,gemma4:e2b,run1_p7,118.02,62.0,,
10175.710,,gemma4:e2b,run1_p7,118.35,63.0,,
10176.236,,gemma4:e2b,run1_p7,118.47,61.0,,
10176.785,,gemma4:e2b,run1_p7,118.32,62.0,,
10177.312,,gemma4:e2b,run1_p8,84.56,52.0,,
10177.838,,gemma4:e2b,run1_p8,63.59,59.0,,
10178.363,,gemma4:e2b,run1_p8,95.11,62.0,,
10178.895,,gemma4:e2b,run1_p8,116.92,62.0,,
10179.426,,gemma4:e2b,run1_p8,116.99,62.0,,
10179.959,,gemma4:e2b,run1_p8,116.97,62.0,,
10180.483,,gemma4:e2b,run1_p8,116.64,61.0,,
10181.010,,gemma4:e2b,run1_p8,116.61,62.0,,
10181.534,,gemma4:e2b,run1_p8,117.62,62.0,,
10182.057,,gemma4:e2b,run1_p8,117.70,62.0,,
10182.582,,gemma4:e2b,run1_p8,116.92,61.0,,
10183.108,,gemma4:e2b,run1_p8,117.20,62.0,,
10183.641,,gemma4:e2b,run1_p8,117.38,61.0,,
10184.165,,gemma4:e2b,run1_p8,117.48,62.0,,
10184.687,,gemma4:e2b,run1_p8,117.82,62.0,,
10185.213,,gemma4:e2b,run1_p8,118.68,62.0,,
10185.740,,gemma4:e2b,run1_p8,118.38,62.0,,
10186.270,,gemma4:e2b,run1_p8,117.20,61.0,,
10186.794,,gemma4:e2b,run1_p8,117.62,62.0,,
10187.319,,gemma4:e2b,run1_p8,118.17,62.0,,
10187.844,,gemma4:e2b,run1_p8,117.70,62.0,,
10188.371,,gemma4:e2b,run1_p8,118.37,62.0,,
10188.895,,gemma4:e2b,run1_p8,118.82,62.0,,
10189.421,,gemma4:e2b,run1_p8,118.85,62.0,,
10189.945,,gemma4:e2b,run1_p8,118.46,62.0,,
10190.485,,gemma4:e2b,run1_p9,105.12,62.0,,
10191.013,,gemma4:e2b,run1_p9,91.30,53.0,,
10191.540,,gemma4:e2b,run1_p9,97.20,61.0,,
10192.078,,gemma4:e2b,run1_p9,117.10,62.0,,
10192.603,,gemma4:e2b,run1_p9,116.52,62.0,,
10193.129,,gemma4:e2b,run1_p9,116.88,62.0,,
10193.655,,gemma4:e2b,run1_p9,116.78,63.0,,
10194.179,,gemma4:e2b,run1_p9,117.55,62.0,,
10194.703,,gemma4:e2b,run1_p9,117.56,62.0,,
10195.228,,gemma4:e2b,run1_p9,117.54,62.0,,
10195.756,,gemma4:e2b,run1_p9,117.64,62.0,,
10196.283,,gemma4:e2b,run1_p10,99.32,53.0,,
10196.819,,gemma4:e2b,run1_p10,84.40,61.0,,
10197.361,,gemma4:e2b,run1_p10,95.52,62.0,,
10197.901,,gemma4:e2b,run1_p10,117.34,62.0,,
10198.440,,gemma4:e2b,run1_p10,117.27,62.0,,
10198.980,,gemma4:e2b,run1_p10,117.34,62.0,,
10199.504,,gemma4:e2b,run1_p10,116.86,62.0,,
10200.030,,gemma4:e2b,run1_p10,117.24,62.0,,
10200.555,,gemma4:e2b,run1_p10,117.14,62.0,,
10201.084,,gemma4:e2b,run1_p10,117.54,62.0,,
10201.621,,gemma4:e2b,run1_p10,117.47,62.0,,
10202.165,,gemma4:e2b,run1_p10,117.91,62.0,,
10202.692,,gemma4:e2b,run1_p10,117.90,62.0,,
10203.218,,gemma4:e2b,run1_p10,117.76,62.0,,
10203.745,,gemma4:e2b,run1_p10,118.28,63.0,,
10204.282,,gemma4:e2b,run1_p10,118.68,63.0,,
10204.807,,gemma4:e2b,run1_p10,118.12,62.0,,
10205.331,,gemma4:e2b,run1_p10,118.02,62.0,,
10205.858,,gemma4:e2b,run1_p10,118.56,62.0,,
10206.383,,gemma4:e2b,run1_p10,118.48,62.0,,
10206.905,,gemma4:e2b,run1_p10,118.74,62.0,,
10207.431,,gemma4:e2b,run1_p10,118.61,62.0,,
10207.953,,gemma4:e2b,run1_p10,119.61,63.0,,
10208.476,,gemma4:e2b,run1_p10,118.98,62.0,,
10209.001,,gemma4:e2b,run1_p10,118.19,62.0,,
10209.528,,gemma4:e2b,run1_p10,118.58,61.0,,
10210.057,,gemma4:e2b,run1_p10,119.03,62.0,,
10210.591,,gemma4:e2b,run1_p10,118.61,62.0,,
10211.119,,gemma4:e2b,run1_p10,118.89,63.0,,
10211.649,,gemma4:e2b,run1_p10,118.25,63.0,,
10212.172,,gemma4:e2b,run1_p10,118.08,62.0,,
10212.702,,gemma4:e2b,run1_p10,118.75,62.0,,
10213.224,,gemma4:e2b,run1_p10,118.53,63.0,,
10213.761,,gemma4:e2b,run1_p11,102.28,53.0,,
10214.287,,gemma4:e2b,run1_p11,84.02,61.0,,
10214.814,,gemma4:e2b,run1_p11,92.88,62.0,,
10215.338,,gemma4:e2b,run1_p11,117.51,62.0,,
10215.864,,gemma4:e2b,run1_p11,117.69,62.0,,
10216.397,,gemma4:e2b,run1_p11,117.30,62.0,,
10216.927,,gemma4:e2b,run1_p11,117.21,62.0,,
10217.449,,gemma4:e2b,run1_p11,117.59,62.0,,
10217.973,,gemma4:e2b,run1_p11,117.28,60.0,,
10218.502,,gemma4:e2b,run1_p11,117.33,62.0,,
10219.040,,gemma4:e2b,run1_p11,116.43,62.0,,
10219.565,,gemma4:e2b,run1_p11,116.65,62.0,,
10220.109,,gemma4:e2b,run1_p11,117.73,62.0,,
10220.637,,gemma4:e2b,run1_p11,117.68,63.0,,
10221.162,,gemma4:e2b,run1_p11,118.02,62.0,,
10221.686,,gemma4:e2b,run1_p11,118.24,62.0,,
10222.209,,gemma4:e2b,run1_p11,118.75,63.0,,
10222.738,,gemma4:e2b,run1_p11,118.46,62.0,,
10223.267,,gemma4:e2b,run1_p11,118.39,63.0,,
10223.791,,gemma4:e2b,run1_p11,118.49,63.0,,
10224.316,,gemma4:e2b,run1_p11,118.64,63.0,,
10224.844,,gemma4:e2b,run1_p11,118.05,62.0,,
10225.369,,gemma4:e2b,run1_p11,118.80,63.0,,
10225.896,,gemma4:e2b,run1_p11,119.79,62.0,,
10226.422,,gemma4:e2b,run1_p11,119.55,63.0,,
10226.950,,gemma4:e2b,run1_p11,118.90,62.0,,
10227.473,,gemma4:e2b,run1_p11,119.16,62.0,,
10227.997,,gemma4:e2b,run1_p11,118.69,62.0,,
10228.523,,gemma4:e2b,run1_p11,118.70,62.0,,
10229.049,,gemma4:e2b,run1_p11,118.89,63.0,,
10229.575,,gemma4:e2b,run1_p11,119.28,62.0,,
10230.101,,gemma4:e2b,run1_p11,118.99,62.0,,
10230.626,,gemma4:e2b,run1_p11,118.97,62.0,,
10231.159,,gemma4:e2b,run1_p11,119.00,63.0,,
10231.684,,gemma4:e2b,run1_p11,120.48,63.0,,
10232.207,,gemma4:e2b,run1_p11,120.59,63.0,,
10232.733,,gemma4:e2b,run1_p11,119.74,62.0,,
10233.262,,gemma4:e2b,run1_p11,119.91,63.0,,
10233.827,,gemma4:e2b,run1_p11,120.75,63.0,,
10234.356,,gemma4:e2b,run1_p12,83.63,56.0,,
10234.880,,gemma4:e2b,run1_p12,66.80,52.0,,
10235.408,,gemma4:e2b,run1_p12,94.69,61.0,,
10235.938,,gemma4:e2b,run1_p12,117.21,62.0,,
10236.463,,gemma4:e2b,run1_p12,117.08,62.0,,
10237.005,,gemma4:e2b,run1_p12,116.78,62.0,,
10237.534,,gemma4:e2b,run1_p12,118.14,63.0,,
10238.058,,gemma4:e2b,run1_p12,118.78,62.0,,
10238.587,,gemma4:e2b,run1_p12,118.50,62.0,,
10239.111,,gemma4:e2b,run1_p12,118.04,62.0,,
10239.643,,gemma4:e2b,run1_p12,118.33,63.0,,
10240.206,,gemma4:e2b,run1_p13,110.75,61.0,,
10240.744,,gemma4:e2b,run1_p13,100.59,61.0,,
10241.269,,gemma4:e2b,run1_p13,100.77,62.0,,
10241.793,,gemma4:e2b,run1_p13,117.60,62.0,,
10242.324,,gemma4:e2b,run1_p13,116.83,62.0,,
10242.849,,gemma4:e2b,run1_p13,117.71,62.0,,
10243.373,,gemma4:e2b,run1_p13,117.46,63.0,,
10243.899,,gemma4:e2b,run1_p13,118.36,62.0,,
10244.423,,gemma4:e2b,run1_p13,118.00,63.0,,
10244.950,,gemma4:e2b,run1_p13,118.32,62.0,,
10245.476,,gemma4:e2b,run1_p13,118.89,63.0,,
10246.001,,gemma4:e2b,run1_p13,118.43,62.0,,
10246.528,,gemma4:e2b,run1_p13,118.14,63.0,,
10247.052,,gemma4:e2b,run1_p13,118.32,62.0,,
10247.586,,gemma4:e2b,run1_p13,118.83,63.0,,
10248.111,,gemma4:e2b,run1_p13,118.19,63.0,,
10248.640,,gemma4:e2b,run1_p13,118.61,63.0,,
10249.171,,gemma4:e2b,run1_p14,99.24,58.0,,
10249.701,,gemma4:e2b,run1_p14,80.23,52.0,,
10250.226,,gemma4:e2b,run1_p14,100.14,60.0,,
10250.749,,gemma4:e2b,run1_p14,118.74,62.0,,
10251.280,,gemma4:e2b,run1_p14,118.56,62.0,,
10251.803,,gemma4:e2b,run1_p14,118.18,62.0,,
10252.327,,gemma4:e2b,run1_p14,118.38,63.0,,
10252.853,,gemma4:e2b,run1_p14,117.63,62.0,,
10253.379,,gemma4:e2b,run1_p14,118.08,62.0,,
10253.918,,gemma4:e2b,run1_p14,118.18,62.0,,
10254.445,,gemma4:e2b,run1_p14,118.59,62.0,,
10254.970,,gemma4:e2b,run1_p14,119.10,62.0,,
10255.501,,gemma4:e2b,run1_p14,118.29,60.0,,
10256.028,,gemma4:e2b,run1_p14,118.62,62.0,,
10256.557,,gemma4:e2b,run1_p14,118.32,62.0,,
10257.094,,gemma4:e2b,run1_p14,118.50,62.0,,
10257.621,,gemma4:e2b,run1_p14,118.18,63.0,,
10258.152,,gemma4:e2b,run1_p14,117.93,62.0,,
10258.679,,gemma4:e2b,run1_p14,118.51,62.0,,
10259.208,,gemma4:e2b,run1_p14,119.03,63.0,,
10259.734,,gemma4:e2b,run1_p14,118.49,62.0,,
10260.263,,gemma4:e2b,run1_p14,118.43,63.0,,
10260.789,,gemma4:e2b,run1_p14,118.08,60.0,,
10261.314,,gemma4:e2b,run1_p14,118.91,62.0,,
10261.841,,gemma4:e2b,run1_p14,118.31,62.0,,
10262.372,,gemma4:e2b,run1_p14,119.50,63.0,,
10262.897,,gemma4:e2b,run1_p14,119.72,63.0,,
10263.429,,gemma4:e2b,run1_p14,119.66,63.0,,
10263.955,,gemma4:e2b,run1_p14,119.36,63.0,,
10264.483,,gemma4:e2b,run1_p14,119.79,62.0,,
10265.008,,gemma4:e2b,run1_p14,120.19,63.0,,
10265.536,,gemma4:e2b,run1_p14,120.55,63.0,,
10266.067,,gemma4:e2b,run2_p0,87.46,53.0,,
10266.593,,gemma4:e2b,run2_p0,69.21,58.0,,
10267.125,,gemma4:e2b,run2_p0,94.30,62.0,,
10267.652,,gemma4:e2b,run2_p1,97.83,56.0,,
10268.175,,gemma4:e2b,run2_p1,85.75,59.0,,
10268.699,,gemma4:e2b,run2_p1,99.20,62.0,,
10269.239,,gemma4:e2b,run2_p1,117.90,62.0,,
10269.764,,gemma4:e2b,run2_p1,118.06,62.0,,
10270.289,,gemma4:e2b,run2_p1,118.77,62.0,,
10270.837,,gemma4:e2b,run2_p2,110.53,63.0,,
10271.364,,gemma4:e2b,run2_p2,93.54,54.0,,
10271.889,,gemma4:e2b,run2_p2,101.03,61.0,,
10272.414,,gemma4:e2b,run2_p2,117.77,63.0,,
10272.959,,gemma4:e2b,run2_p3,102.45,62.0,,
10273.483,,gemma4:e2b,run2_p3,87.26,52.0,,
10274.013,,gemma4:e2b,run2_p3,96.51,62.0,,
10274.537,,gemma4:e2b,run2_p3,117.49,61.0,,
10275.060,,gemma4:e2b,run2_p3,118.14,61.0,,
10275.584,,gemma4:e2b,run2_p3,118.02,62.0,,
10276.108,,gemma4:e2b,run2_p3,118.50,62.0,,
10276.641,,gemma4:e2b,run2_p3,118.42,62.0,,
10277.166,,gemma4:e2b,run2_p3,118.56,62.0,,
10277.693,,gemma4:e2b,run2_p3,118.66,62.0,,
10278.216,,gemma4:e2b,run2_p3,118.72,62.0,,
10278.749,,gemma4:e2b,run2_p3,118.31,62.0,,
10279.272,,gemma4:e2b,run2_p3,117.67,63.0,,
10279.802,,gemma4:e2b,run2_p3,118.92,62.0,,
10280.326,,gemma4:e2b,run2_p4,119.21,63.0,,
10280.861,,gemma4:e2b,run2_p4,104.95,61.0,,
10281.386,,gemma4:e2b,run2_p4,105.51,63.0,,
10281.909,,gemma4:e2b,run2_p4,118.74,63.0,,
10282.454,,gemma4:e2b,run2_p5,87.43,52.0,,
10282.977,,gemma4:e2b,run2_p5,72.46,60.0,,
10283.506,,gemma4:e2b,run2_p5,96.79,61.0,,
10284.030,,gemma4:e2b,run2_p5,118.58,62.0,,
10284.555,,gemma4:e2b,run2_p5,118.33,62.0,,
10285.091,,gemma4:e2b,run2_p5,118.53,62.0,,
10285.619,,gemma4:e2b,run2_p6,116.43,61.0,,
10286.181,,gemma4:e2b,run2_p6,103.72,60.0,,
10286.702,,gemma4:e2b,run2_p6,103.85,62.0,,
10287.225,,gemma4:e2b,run2_p6,117.12,62.0,,
10287.750,,gemma4:e2b,run2_p6,117.90,62.0,,
10288.272,,gemma4:e2b,run2_p6,118.15,62.0,,
10288.795,,gemma4:e2b,run2_p6,118.53,63.0,,
10289.320,,gemma4:e2b,run2_p6,118.24,62.0,,
10289.846,,gemma4:e2b,run2_p6,118.14,61.0,,
10290.370,,gemma4:e2b,run2_p6,118.93,62.0,,
10290.897,,gemma4:e2b,run2_p6,117.90,61.0,,
10291.443,,gemma4:e2b,run2_p6,118.04,62.0,,
10291.972,,gemma4:e2b,run2_p6,117.55,62.0,,
10292.503,,gemma4:e2b,run2_p6,118.38,63.0,,
10293.026,,gemma4:e2b,run2_p6,118.95,63.0,,
10293.552,,gemma4:e2b,run2_p6,118.58,62.0,,
10294.079,,gemma4:e2b,run2_p6,118.07,62.0,,
10294.607,,gemma4:e2b,run2_p6,117.35,62.0,,
10295.134,,gemma4:e2b,run2_p6,117.55,62.0,,
10295.663,,gemma4:e2b,run2_p6,118.46,60.0,,
10296.186,,gemma4:e2b,run2_p6,117.99,62.0,,
10296.712,,gemma4:e2b,run2_p6,117.94,62.0,,
10297.240,,gemma4:e2b,run2_p6,117.82,62.0,,
10297.766,,gemma4:e2b,run2_p6,119.05,63.0,,
10298.293,,gemma4:e2b,run2_p6,118.45,62.0,,
10298.818,,gemma4:e2b,run2_p6,118.02,62.0,,
10299.351,,gemma4:e2b,run2_p7,98.33,62.0,,
10299.877,,gemma4:e2b,run2_p7,85.27,53.0,,
10300.420,,gemma4:e2b,run2_p7,97.69,62.0,,
10300.959,,gemma4:e2b,run2_p7,117.27,61.0,,
10301.486,,gemma4:e2b,run2_p7,117.26,63.0,,
10302.014,,gemma4:e2b,run2_p7,117.05,62.0,,
10302.539,,gemma4:e2b,run2_p7,117.32,63.0,,
10303.065,,gemma4:e2b,run2_p7,117.90,62.0,,
10303.597,,gemma4:e2b,run2_p7,117.56,62.0,,
10304.123,,gemma4:e2b,run2_p7,117.43,62.0,,
10304.648,,gemma4:e2b,run2_p7,117.50,63.0,,
10305.174,,gemma4:e2b,run2_p7,118.10,62.0,,
10305.698,,gemma4:e2b,run2_p7,118.58,63.0,,
10306.221,,gemma4:e2b,run2_p7,117.96,62.0,,
10306.746,,gemma4:e2b,run2_p7,117.85,62.0,,
10307.274,,gemma4:e2b,run2_p7,118.09,62.0,,
10307.798,,gemma4:e2b,run2_p7,118.01,63.0,,
10308.324,,gemma4:e2b,run2_p7,117.82,62.0,,
10308.853,,gemma4:e2b,run2_p7,118.58,62.0,,
10309.377,,gemma4:e2b,run2_p7,119.76,62.0,,
10309.904,,gemma4:e2b,run2_p7,119.21,63.0,,
10310.428,,gemma4:e2b,run2_p7,117.67,63.0,,
10310.957,,gemma4:e2b,run2_p7,118.21,61.0,,
10311.482,,gemma4:e2b,run2_p7,118.50,63.0,,
10312.006,,gemma4:e2b,run2_p7,118.74,62.0,,
10312.530,,gemma4:e2b,run2_p7,118.49,62.0,,
10313.056,,gemma4:e2b,run2_p7,119.25,63.0,,
10313.593,,gemma4:e2b,run2_p8,108.86,63.0,,
10314.118,,gemma4:e2b,run2_p8,94.90,58.0,,
10314.645,,gemma4:e2b,run2_p8,96.70,62.0,,
10315.176,,gemma4:e2b,run2_p8,117.83,62.0,,
10315.719,,gemma4:e2b,run2_p8,116.79,61.0,,
10316.253,,gemma4:e2b,run2_p8,116.87,62.0,,
10316.785,,gemma4:e2b,run2_p8,117.98,62.0,,
10317.323,,gemma4:e2b,run2_p8,117.13,63.0,,
10317.865,,gemma4:e2b,run2_p8,117.49,63.0,,
10318.404,,gemma4:e2b,run2_p8,117.37,61.0,,
10318.936,,gemma4:e2b,run2_p8,117.80,63.0,,
10319.461,,gemma4:e2b,run2_p8,117.94,62.0,,
10319.996,,gemma4:e2b,run2_p8,118.43,63.0,,
10320.525,,gemma4:e2b,run2_p8,118.58,62.0,,
10321.065,,gemma4:e2b,run2_p8,118.68,62.0,,
10321.593,,gemma4:e2b,run2_p8,118.92,63.0,,
10322.122,,gemma4:e2b,run2_p8,119.55,63.0,,
10322.661,,gemma4:e2b,run2_p8,119.06,62.0,,
10323.186,,gemma4:e2b,run2_p8,119.05,62.0,,
10323.716,,gemma4:e2b,run2_p8,118.87,62.0,,
10324.250,,gemma4:e2b,run2_p8,118.77,63.0,,
10324.791,,gemma4:e2b,run2_p8,117.67,60.0,,
10325.322,,gemma4:e2b,run2_p8,118.06,63.0,,
10325.846,,gemma4:e2b,run2_p8,118.36,62.0,,
10326.406,,gemma4:e2b,run2_p8,118.81,63.0,,
10326.945,,gemma4:e2b,run2_p8,119.67,63.0,,
10327.483,,gemma4:e2b,run2_p8,119.31,62.0,,
10328.011,,gemma4:e2b,run2_p8,118.96,62.0,,
10328.535,,gemma4:e2b,run2_p8,118.91,62.0,,
10329.070,,gemma4:e2b,run2_p8,119.66,63.0,,
10329.594,,gemma4:e2b,run2_p8,119.94,63.0,,
10330.133,,gemma4:e2b,run2_p8,119.45,62.0,,
10330.669,,gemma4:e2b,run2_p8,119.10,62.0,,
10331.205,,gemma4:e2b,run2_p8,119.49,63.0,,
10331.734,,gemma4:e2b,run2_p9,105.50,63.0,,
10332.258,,gemma4:e2b,run2_p9,92.68,53.0,,
10332.782,,gemma4:e2b,run2_p9,99.36,62.0,,
10333.308,,gemma4:e2b,run2_p9,118.65,62.0,,
10333.841,,gemma4:e2b,run2_p9,117.87,63.0,,
10334.371,,gemma4:e2b,run2_p9,117.62,63.0,,
10334.896,,gemma4:e2b,run2_p9,117.04,63.0,,
10335.434,,gemma4:e2b,run2_p9,118.22,62.0,,
10335.961,,gemma4:e2b,run2_p9,118.65,63.0,,
10336.546,,gemma4:e2b,run2_p10,115.26,63.0,,
10337.070,,gemma4:e2b,run2_p10,99.94,55.0,,
10337.602,,gemma4:e2b,run2_p10,99.72,62.0,,
10338.131,,gemma4:e2b,run2_p10,117.69,62.0,,
10338.657,,gemma4:e2b,run2_p10,117.78,62.0,,
10339.186,,gemma4:e2b,run2_p10,118.56,63.0,,
10339.713,,gemma4:e2b,run2_p10,118.75,63.0,,
10340.236,,gemma4:e2b,run2_p10,119.00,63.0,,
10340.763,,gemma4:e2b,run2_p10,118.61,63.0,,
10341.291,,gemma4:e2b,run2_p10,118.12,62.0,,
10341.816,,gemma4:e2b,run2_p10,118.22,62.0,,
10342.344,,gemma4:e2b,run2_p10,118.72,63.0,,
10342.867,,gemma4:e2b,run2_p10,118.38,62.0,,
10343.393,,gemma4:e2b,run2_p10,117.90,61.0,,
10343.921,,gemma4:e2b,run2_p10,117.95,63.0,,
10344.453,,gemma4:e2b,run2_p10,118.75,61.0,,
10345.006,,gemma4:e2b,run2_p10,118.37,63.0,,
10345.531,,gemma4:e2b,run2_p10,119.09,62.0,,
10346.074,,gemma4:e2b,run2_p10,119.58,63.0,,
10346.597,,gemma4:e2b,run2_p10,118.82,63.0,,
10347.122,,gemma4:e2b,run2_p10,119.35,63.0,,
10347.648,,gemma4:e2b,run2_p10,119.27,63.0,,
10348.171,,gemma4:e2b,run2_p10,118.54,62.0,,
10348.710,,gemma4:e2b,run2_p10,118.65,63.0,,
10349.240,,gemma4:e2b,run2_p10,118.49,63.0,,
10349.765,,gemma4:e2b,run2_p10,119.40,63.0,,
10350.290,,gemma4:e2b,run2_p10,119.67,63.0,,
10350.814,,gemma4:e2b,run2_p10,119.72,63.0,,
10351.340,,gemma4:e2b,run2_p10,119.75,62.0,,
10351.867,,gemma4:e2b,run2_p10,120.00,64.0,,
10352.392,,gemma4:e2b,run2_p10,119.53,63.0,,
10352.941,,gemma4:e2b,run2_p11,115.23,63.0,,
10353.469,,gemma4:e2b,run2_p11,99.85,54.0,,
10353.996,,gemma4:e2b,run2_p11,99.14,63.0,,
10354.523,,gemma4:e2b,run2_p11,118.89,62.0,,
10355.060,,gemma4:e2b,run2_p11,118.49,63.0,,
10355.582,,gemma4:e2b,run2_p11,117.59,63.0,,
10356.109,,gemma4:e2b,run2_p11,117.84,63.0,,
10356.633,,gemma4:e2b,run2_p11,117.29,63.0,,
10357.161,,gemma4:e2b,run2_p11,118.03,62.0,,
10357.688,,gemma4:e2b,run2_p11,118.37,63.0,,
10358.215,,gemma4:e2b,run2_p11,118.36,62.0,,
10358.741,,gemma4:e2b,run2_p11,118.87,63.0,,
10359.272,,gemma4:e2b,run2_p11,119.00,63.0,,
10359.796,,gemma4:e2b,run2_p11,118.96,63.0,,
10360.318,,gemma4:e2b,run2_p11,118.26,63.0,,
10360.858,,gemma4:e2b,run2_p11,118.16,63.0,,
10361.400,,gemma4:e2b,run2_p11,118.66,62.0,,
10361.932,,gemma4:e2b,run2_p11,118.76,63.0,,
10362.464,,gemma4:e2b,run2_p11,119.62,63.0,,
10363.005,,gemma4:e2b,run2_p11,119.86,62.0,,
10363.547,,gemma4:e2b,run2_p11,119.23,63.0,,
10364.087,,gemma4:e2b,run2_p11,118.65,63.0,,
10364.626,,gemma4:e2b,run2_p11,119.58,63.0,,
10365.162,,gemma4:e2b,run2_p11,120.04,63.0,,
10365.701,,gemma4:e2b,run2_p11,119.48,62.0,,
10366.226,,gemma4:e2b,run2_p11,119.67,63.0,,
10366.753,,gemma4:e2b,run2_p11,119.20,63.0,,
10367.295,,gemma4:e2b,run2_p11,120.15,63.0,,
10367.833,,gemma4:e2b,run2_p11,120.09,63.0,,
10368.363,,gemma4:e2b,run2_p11,119.57,62.0,,
10368.908,,gemma4:e2b,run2_p11,119.50,63.0,,
10369.451,,gemma4:e2b,run2_p11,120.22,63.0,,
10369.982,,gemma4:e2b,run2_p11,119.45,63.0,,
10370.506,,gemma4:e2b,run2_p11,120.09,63.0,,
10371.033,,gemma4:e2b,run2_p11,120.77,63.0,,
10371.560,,gemma4:e2b,run2_p11,120.92,63.0,,
10372.083,,gemma4:e2b,run2_p11,120.94,63.0,,
10372.606,,gemma4:e2b,run2_p11,120.67,63.0,,
10373.135,,gemma4:e2b,run2_p11,120.06,63.0,,
10373.660,,gemma4:e2b,run2_p11,119.65,62.0,,
10374.202,,gemma4:e2b,run2_p11,119.81,63.0,,
10374.730,,gemma4:e2b,run2_p12,114.96,63.0,,
10375.257,,gemma4:e2b,run2_p12,95.01,55.0,,
10375.782,,gemma4:e2b,run2_p12,99.36,61.0,,
10376.308,,gemma4:e2b,run2_p12,118.70,62.0,,
10376.837,,gemma4:e2b,run2_p12,119.29,63.0,,
10377.366,,gemma4:e2b,run2_p12,118.17,62.0,,
10377.892,,gemma4:e2b,run2_p12,118.29,62.0,,
10378.418,,gemma4:e2b,run2_p12,117.89,61.0,,
10378.943,,gemma4:e2b,run2_p12,118.36,62.0,,
10379.472,,gemma4:e2b,run2_p12,118.10,62.0,,
10379.999,,gemma4:e2b,run2_p12,118.68,63.0,,
10380.528,,gemma4:e2b,run2_p13,91.99,53.0,,
10381.054,,gemma4:e2b,run2_p13,78.41,60.0,,
10381.600,,gemma4:e2b,run2_p13,98.28,60.0,,
10382.133,,gemma4:e2b,run2_p13,118.45,62.0,,
10382.660,,gemma4:e2b,run2_p13,118.60,61.0,,
10383.198,,gemma4:e2b,run2_p13,118.60,62.0,,
10383.723,,gemma4:e2b,run2_p13,118.33,62.0,,
10384.248,,gemma4:e2b,run2_p13,118.17,62.0,,
10384.774,,gemma4:e2b,run2_p13,117.93,63.0,,
10385.340,,gemma4:e2b,run2_p13,118.58,62.0,,
10385.865,,gemma4:e2b,run2_p13,118.71,63.0,,
10386.392,,gemma4:e2b,run2_p13,118.43,62.0,,
10386.917,,gemma4:e2b,run2_p13,118.53,63.0,,
10387.446,,gemma4:e2b,run2_p13,118.89,62.0,,
10387.970,,gemma4:e2b,run2_p13,119.22,63.0,,
10388.495,,gemma4:e2b,run2_p13,119.32,63.0,,
10389.020,,gemma4:e2b,run2_p13,120.17,63.0,,
10389.543,,gemma4:e2b,run2_p13,120.56,63.0,,
10390.069,,gemma4:e2b,run2_p14,119.52,63.0,,
10390.593,,gemma4:e2b,run2_p14,102.71,55.0,,
10391.116,,gemma4:e2b,run2_p14,102.18,62.0,,
10391.641,,gemma4:e2b,run2_p14,119.08,62.0,,
10392.166,,gemma4:e2b,run2_p14,118.78,62.0,,
10392.693,,gemma4:e2b,run2_p14,118.60,63.0,,
10393.216,,gemma4:e2b,run2_p14,118.27,63.0,,
10393.753,,gemma4:e2b,run2_p14,117.80,62.0,,
10394.283,,gemma4:e2b,run2_p14,118.41,62.0,,
10394.809,,gemma4:e2b,run2_p14,117.92,62.0,,
10395.335,,gemma4:e2b,run2_p14,118.20,63.0,,
10395.858,,gemma4:e2b,run2_p14,118.45,63.0,,
10396.381,,gemma4:e2b,run2_p14,119.51,63.0,,
10396.904,,gemma4:e2b,run2_p14,118.76,62.0,,
10397.429,,gemma4:e2b,run2_p14,118.70,63.0,,
10397.954,,gemma4:e2b,run2_p14,119.27,62.0,,
10398.489,,gemma4:e2b,run2_p14,118.84,61.0,,
10399.012,,gemma4:e2b,run2_p14,119.11,63.0,,
10399.544,,gemma4:e2b,run2_p14,118.61,63.0,,
10400.071,,gemma4:e2b,run2_p14,119.38,63.0,,
10400.601,,gemma4:e2b,run2_p14,118.42,63.0,,
10401.131,,gemma4:e2b,run2_p14,118.60,62.0,,
10401.658,,gemma4:e2b,run2_p14,119.10,63.0,,
10402.189,,gemma4:e2b,run2_p14,119.77,63.0,,
10402.717,,gemma4:e2b,run2_p14,119.92,63.0,,
10403.240,,gemma4:e2b,run2_p14,119.98,62.0,,
10403.766,,gemma4:e2b,run2_p14,119.42,63.0,,
10404.293,,gemma4:e2b,run2_p14,119.65,63.0,,
10404.825,,gemma4:e2b,run2_p14,119.51,63.0,,
10405.349,,gemma4:e2b,run2_p14,119.95,63.0,,
10405.872,,gemma4:e2b,run2_p14,119.96,63.0,,
10406.399,,gemma4:e2b,run3_p0,118.11,62.0,,
10406.934,,gemma4:e2b,run3_p0,103.82,59.0,,
10407.470,,gemma4:e2b,run3_p0,103.69,62.0,,
10408.011,,gemma4:e2b,run3_p0,118.31,62.0,,
10408.557,,gemma4:e2b,run3_p1,97.62,57.0,,
10409.090,,gemma4:e2b,run3_p1,79.13,52.0,,
10409.614,,gemma4:e2b,run3_p1,100.19,62.0,,
10410.138,,gemma4:e2b,run3_p1,117.99,62.0,,
10410.664,,gemma4:e2b,run3_p1,118.38,62.0,,
10411.289,,gemma4:e2b,run3_p2,116.02,62.0,,
10411.816,,gemma4:e2b,run3_p2,101.61,54.0,,
10412.340,,gemma4:e2b,run3_p2,103.87,61.0,,
10412.868,,gemma4:e2b,run3_p2,118.73,62.0,,
10413.404,,gemma4:e2b,run3_p3,94.36,62.0,,
10413.927,,gemma4:e2b,run3_p3,76.54,52.0,,
10414.451,,gemma4:e2b,run3_p3,100.19,60.0,,
10414.975,,gemma4:e2b,run3_p3,118.17,62.0,,
10415.502,,gemma4:e2b,run3_p3,118.33,62.0,,
10416.026,,gemma4:e2b,run3_p3,117.95,62.0,,
10416.554,,gemma4:e2b,run3_p4,86.80,52.0,,
10417.082,,gemma4:e2b,run3_p4,72.30,61.0,,
10417.635,,gemma4:e2b,run3_p4,96.94,62.0,,
10418.160,,gemma4:e2b,run3_p4,117.76,62.0,,
10418.700,,gemma4:e2b,run3_p5,87.19,52.0,,
10419.227,,gemma4:e2b,run3_p5,73.81,59.0,,
10419.759,,gemma4:e2b,run3_p5,97.07,60.0,,
10420.297,,gemma4:e2b,run3_p5,116.88,62.0,,
10420.822,,gemma4:e2b,run3_p5,117.54,61.0,,
10421.352,,gemma4:e2b,run3_p5,116.97,62.0,,
10421.878,,gemma4:e2b,run3_p5,116.68,62.0,,
10422.410,,gemma4:e2b,run3_p6,92.80,54.0,,
10422.940,,gemma4:e2b,run3_p6,79.49,57.0,,
10423.468,,gemma4:e2b,run3_p6,97.35,61.0,,
10423.992,,gemma4:e2b,run3_p6,117.58,62.0,,
10424.516,,gemma4:e2b,run3_p6,117.05,62.0,,
10425.045,,gemma4:e2b,run3_p6,116.34,61.0,,
10425.569,,gemma4:e2b,run3_p6,117.11,61.0,,
10426.095,,gemma4:e2b,run3_p6,116.76,61.0,,
10426.622,,gemma4:e2b,run3_p6,117.48,62.0,,
10427.151,,gemma4:e2b,run3_p6,118.39,62.0,,
10427.674,,gemma4:e2b,run3_p6,117.99,62.0,,
10428.200,,gemma4:e2b,run3_p6,117.65,63.0,,
10428.733,,gemma4:e2b,run3_p6,116.67,62.0,,
10429.261,,gemma4:e2b,run3_p6,117.21,62.0,,
10429.789,,gemma4:e2b,run3_p6,117.48,62.0,,
10430.314,,gemma4:e2b,run3_p6,117.32,62.0,,
10430.838,,gemma4:e2b,run3_p6,116.77,62.0,,
10431.365,,gemma4:e2b,run3_p6,117.33,62.0,,
10431.893,,gemma4:e2b,run3_p6,116.94,62.0,,
10432.417,,gemma4:e2b,run3_p6,117.39,62.0,,
10432.943,,gemma4:e2b,run3_p6,117.97,62.0,,
10433.468,,gemma4:e2b,run3_p6,118.06,61.0,,
10433.999,,gemma4:e2b,run3_p6,117.62,62.0,,
10434.522,,gemma4:e2b,run3_p6,117.24,62.0,,
10435.050,,gemma4:e2b,run3_p6,118.17,61.0,,
10435.578,,gemma4:e2b,run3_p6,118.79,62.0,,
10436.101,,gemma4:e2b,run3_p6,118.39,62.0,,
10436.649,,gemma4:e2b,run3_p7,103.58,62.0,,
10437.177,,gemma4:e2b,run3_p7,89.85,60.0,,
10437.718,,gemma4:e2b,run3_p7,96.59,62.0,,
10438.244,,gemma4:e2b,run3_p7,117.07,62.0,,
10438.784,,gemma4:e2b,run3_p7,117.04,62.0,,
10439.308,,gemma4:e2b,run3_p7,116.92,61.0,,
10439.835,,gemma4:e2b,run3_p7,116.71,62.0,,
10440.364,,gemma4:e2b,run3_p7,117.37,60.0,,
10440.890,,gemma4:e2b,run3_p7,116.69,62.0,,
10441.422,,gemma4:e2b,run3_p7,117.12,62.0,,
10441.949,,gemma4:e2b,run3_p7,116.61,62.0,,
10442.473,,gemma4:e2b,run3_p7,117.03,62.0,,
10443.017,,gemma4:e2b,run3_p7,117.49,62.0,,
10443.543,,gemma4:e2b,run3_p7,117.85,62.0,,
10444.075,,gemma4:e2b,run3_p7,117.49,61.0,,
10444.601,,gemma4:e2b,run3_p7,118.22,63.0,,
10445.126,,gemma4:e2b,run3_p7,117.94,62.0,,
10445.652,,gemma4:e2b,run3_p7,117.93,63.0,,
10446.179,,gemma4:e2b,run3_p7,118.66,62.0,,
10446.705,,gemma4:e2b,run3_p7,118.03,62.0,,
10447.230,,gemma4:e2b,run3_p7,118.18,62.0,,
10447.755,,gemma4:e2b,run3_p7,118.15,62.0,,
10448.285,,gemma4:e2b,run3_p7,117.66,62.0,,
10448.824,,gemma4:e2b,run3_p7,118.84,62.0,,
10449.355,,gemma4:e2b,run3_p7,119.69,63.0,,
10449.882,,gemma4:e2b,run3_p7,119.41,62.0,,
10450.419,,gemma4:e2b,run3_p8,99.18,57.0,,
10450.950,,gemma4:e2b,run3_p8,80.64,52.0,,
10451.477,,gemma4:e2b,run3_p8,100.41,62.0,,
10452.003,,gemma4:e2b,run3_p8,118.72,62.0,,
10452.528,,gemma4:e2b,run3_p8,118.40,62.0,,
10453.053,,gemma4:e2b,run3_p8,117.63,62.0,,
10453.578,,gemma4:e2b,run3_p8,118.00,63.0,,
10454.104,,gemma4:e2b,run3_p8,117.91,62.0,,
10454.630,,gemma4:e2b,run3_p8,118.45,63.0,,
10455.154,,gemma4:e2b,run3_p8,118.29,62.0,,
10455.686,,gemma4:e2b,run3_p8,118.41,63.0,,
10456.210,,gemma4:e2b,run3_p8,118.53,62.0,,
10456.740,,gemma4:e2b,run3_p8,118.51,62.0,,
10457.266,,gemma4:e2b,run3_p8,118.47,63.0,,
10457.794,,gemma4:e2b,run3_p8,119.23,63.0,,
10458.320,,gemma4:e2b,run3_p8,118.62,62.0,,
10458.844,,gemma4:e2b,run3_p8,118.96,63.0,,
10459.368,,gemma4:e2b,run3_p8,118.98,63.0,,
10459.895,,gemma4:e2b,run3_p8,119.49,63.0,,
10460.419,,gemma4:e2b,run3_p8,119.34,62.0,,
10460.949,,gemma4:e2b,run3_p8,119.61,63.0,,
10461.477,,gemma4:e2b,run3_p8,119.57,62.0,,
10462.005,,gemma4:e2b,run3_p8,119.19,62.0,,
10462.546,,gemma4:e2b,run3_p9,87.07,52.0,,
10463.075,,gemma4:e2b,run3_p9,67.34,60.0,,
10463.599,,gemma4:e2b,run3_p9,95.74,62.0,,
10464.127,,gemma4:e2b,run3_p9,118.18,62.0,,
10464.655,,gemma4:e2b,run3_p9,117.88,63.0,,
10465.186,,gemma4:e2b,run3_p9,117.17,62.0,,
10465.714,,gemma4:e2b,run3_p9,117.95,62.0,,
10466.252,,gemma4:e2b,run3_p9,118.10,62.0,,
10466.797,,gemma4:e2b,run3_p9,118.41,62.0,,
10467.324,,gemma4:e2b,run3_p9,117.77,62.0,,
10467.859,,gemma4:e2b,run3_p10,85.76,53.0,,
10468.393,,gemma4:e2b,run3_p10,74.29,58.0,,
10468.917,,gemma4:e2b,run3_p10,98.93,61.0,,
10469.442,,gemma4:e2b,run3_p10,117.71,62.0,,
10469.979,,gemma4:e2b,run3_p10,118.05,62.0,,
10470.506,,gemma4:e2b,run3_p10,118.19,62.0,,
10471.032,,gemma4:e2b,run3_p10,117.89,62.0,,
10471.556,,gemma4:e2b,run3_p10,118.07,62.0,,
10472.079,,gemma4:e2b,run3_p10,118.50,62.0,,
10472.609,,gemma4:e2b,run3_p10,118.30,62.0,,
10473.134,,gemma4:e2b,run3_p10,117.96,62.0,,
10473.658,,gemma4:e2b,run3_p10,118.51,62.0,,
10474.183,,gemma4:e2b,run3_p10,118.33,62.0,,
10474.713,,gemma4:e2b,run3_p10,118.62,62.0,,
10475.239,,gemma4:e2b,run3_p10,118.40,62.0,,
10475.773,,gemma4:e2b,run3_p10,118.99,61.0,,
10476.298,,gemma4:e2b,run3_p10,118.54,62.0,,
10476.826,,gemma4:e2b,run3_p10,118.55,62.0,,
10477.350,,gemma4:e2b,run3_p10,118.24,62.0,,
10477.874,,gemma4:e2b,run3_p10,118.51,62.0,,
10478.399,,gemma4:e2b,run3_p10,118.86,62.0,,
10478.934,,gemma4:e2b,run3_p10,118.63,63.0,,
10479.463,,gemma4:e2b,run3_p10,118.96,62.0,,
10480.012,,gemma4:e2b,run3_p10,118.58,61.0,,
10480.541,,gemma4:e2b,run3_p10,118.57,62.0,,
10481.068,,gemma4:e2b,run3_p10,119.48,62.0,,
10481.606,,gemma4:e2b,run3_p11,86.94,52.0,,
10482.136,,gemma4:e2b,run3_p11,72.99,60.0,,
10482.665,,gemma4:e2b,run3_p11,96.53,62.0,,
10483.197,,gemma4:e2b,run3_p11,116.55,62.0,,
10483.721,,gemma4:e2b,run3_p11,116.43,62.0,,
10484.254,,gemma4:e2b,run3_p11,116.94,62.0,,
10484.778,,gemma4:e2b,run3_p11,117.32,62.0,,
10485.336,,gemma4:e2b,run3_p11,117.17,62.0,,
10485.863,,gemma4:e2b,run3_p11,116.40,62.0,,
10486.395,,gemma4:e2b,run3_p11,116.67,62.0,,
10486.919,,gemma4:e2b,run3_p11,117.10,62.0,,
10487.454,,gemma4:e2b,run3_p11,117.92,62.0,,
10487.979,,gemma4:e2b,run3_p11,117.88,62.0,,
10488.514,,gemma4:e2b,run3_p11,117.57,62.0,,
10489.039,,gemma4:e2b,run3_p11,117.07,62.0,,
10489.569,,gemma4:e2b,run3_p11,117.63,62.0,,
10490.097,,gemma4:e2b,run3_p11,117.96,62.0,,
10490.623,,gemma4:e2b,run3_p11,118.32,62.0,,
10491.153,,gemma4:e2b,run3_p11,117.56,62.0,,
10491.679,,gemma4:e2b,run3_p11,117.66,62.0,,
10492.204,,gemma4:e2b,run3_p11,118.08,62.0,,
10492.732,,gemma4:e2b,run3_p11,118.43,63.0,,
10493.258,,gemma4:e2b,run3_p11,118.16,62.0,,
10493.781,,gemma4:e2b,run3_p11,117.92,63.0,,
10494.309,,gemma4:e2b,run3_p11,117.95,62.0,,
10494.838,,gemma4:e2b,run3_p11,118.52,62.0,,
10495.363,,gemma4:e2b,run3_p11,118.46,63.0,,
10495.890,,gemma4:e2b,run3_p11,118.28,63.0,,
10496.415,,gemma4:e2b,run3_p11,118.26,63.0,,
10496.941,,gemma4:e2b,run3_p11,118.28,62.0,,
10497.466,,gemma4:e2b,run3_p11,117.77,63.0,,
10497.993,,gemma4:e2b,run3_p11,118.40,63.0,,
10498.518,,gemma4:e2b,run3_p11,118.44,62.0,,
10499.043,,gemma4:e2b,run3_p11,118.47,62.0,,
10499.569,,gemma4:e2b,run3_p11,119.02,62.0,,
10500.096,,gemma4:e2b,run3_p11,119.32,62.0,,
10500.620,,gemma4:e2b,run3_p11,119.25,62.0,,
10501.146,,gemma4:e2b,run3_p11,118.99,62.0,,
10501.672,,gemma4:e2b,run3_p11,118.97,62.0,,
10502.198,,gemma4:e2b,run3_p11,119.22,63.0,,
10502.723,,gemma4:e2b,run3_p11,118.51,62.0,,
10503.252,,gemma4:e2b,run3_p11,119.26,63.0,,
10503.805,,gemma4:e2b,run3_p11,119.80,62.0,,
10504.332,,gemma4:e2b,run3_p11,119.50,62.0,,
10504.861,,gemma4:e2b,run3_p12,88.18,52.0,,
10505.388,,gemma4:e2b,run3_p12,70.29,60.0,,
10505.926,,gemma4:e2b,run3_p12,93.44,62.0,,
10506.455,,gemma4:e2b,run3_p12,117.50,62.0,,
10506.984,,gemma4:e2b,run3_p12,117.06,62.0,,
10507.511,,gemma4:e2b,run3_p12,117.52,62.0,,
10508.035,,gemma4:e2b,run3_p12,117.15,62.0,,
10508.560,,gemma4:e2b,run3_p12,117.44,62.0,,
10509.088,,gemma4:e2b,run3_p12,117.95,63.0,,
10509.613,,gemma4:e2b,run3_p12,117.52,62.0,,
10510.157,,gemma4:e2b,run3_p13,103.22,56.0,,
10510.682,,gemma4:e2b,run3_p13,85.57,59.0,,
10511.210,,gemma4:e2b,run3_p13,100.17,62.0,,
10511.742,,gemma4:e2b,run3_p13,117.47,62.0,,
10512.273,,gemma4:e2b,run3_p13,117.16,62.0,,
10512.801,,gemma4:e2b,run3_p13,117.41,62.0,,
10513.326,,gemma4:e2b,run3_p13,117.83,62.0,,
10513.853,,gemma4:e2b,run3_p13,118.46,62.0,,
10514.378,,gemma4:e2b,run3_p13,118.35,62.0,,
10514.902,,gemma4:e2b,run3_p13,118.26,62.0,,
10515.431,,gemma4:e2b,run3_p13,119.33,62.0,,
10515.955,,gemma4:e2b,run3_p13,119.40,62.0,,
10516.483,,gemma4:e2b,run3_p13,118.63,62.0,,
10517.007,,gemma4:e2b,run3_p13,118.47,62.0,,
10517.531,,gemma4:e2b,run3_p13,118.22,62.0,,
10518.068,,gemma4:e2b,run3_p13,118.13,62.0,,
10518.600,,gemma4:e2b,run3_p14,89.89,56.0,,
10519.129,,gemma4:e2b,run3_p14,71.19,52.0,,
10519.653,,gemma4:e2b,run3_p14,99.71,61.0,,
10520.179,,gemma4:e2b,run3_p14,118.22,61.0,,
10520.708,,gemma4:e2b,run3_p14,118.99,62.0,,
10521.233,,gemma4:e2b,run3_p14,118.26,62.0,,
10521.757,,gemma4:e2b,run3_p14,118.15,63.0,,
10522.281,,gemma4:e2b,run3_p14,117.61,61.0,,
10522.807,,gemma4:e2b,run3_p14,117.95,62.0,,
10523.331,,gemma4:e2b,run3_p14,117.95,62.0,,
10523.856,,gemma4:e2b,run3_p14,118.86,60.0,,
10524.384,,gemma4:e2b,run3_p14,119.14,62.0,,
10524.911,,gemma4:e2b,run3_p14,118.46,62.0,,
10525.434,,gemma4:e2b,run3_p14,118.90,62.0,,
10525.958,,gemma4:e2b,run3_p14,118.72,62.0,,
10526.482,,gemma4:e2b,run3_p14,119.65,63.0,,
10527.015,,gemma4:e2b,run3_p14,119.59,62.0,,
10527.539,,gemma4:e2b,run3_p14,119.32,62.0,,
10528.063,,gemma4:e2b,run3_p14,118.92,62.0,,
10528.586,,gemma4:e2b,run3_p14,119.16,61.0,,
10529.108,,gemma4:e2b,run3_p14,119.35,62.0,,
10529.635,,gemma4:e2b,run3_p14,119.10,62.0,,
10530.162,,gemma4:e2b,run3_p14,119.18,62.0,,
10530.686,,gemma4:e2b,run3_p14,119.17,62.0,,
10531.212,,gemma4:e2b,run3_p14,119.60,62.0,,
10531.736,,gemma4:e2b,run3_p14,119.30,63.0,,
10532.266,,gemma4:e2b,run3_p14,119.80,63.0,,
10532.789,,gemma4:e2b,run3_p14,119.18,62.0,,
10533.313,,gemma4:e2b,run3_p14,119.02,63.0,,
10533.837,,gemma4:e2b,run3_p14,118.92,62.0,,
10534.362,,gemma4:e2b,run3_p14,118.82,62.0,,
10562.799,,llama3.2:1b,idle,17.34,43.0,,
10563.323,,llama3.2:1b,idle,17.12,43.0,,
10563.879,,llama3.2:1b,idle,16.61,43.0,,
10564.403,,llama3.2:1b,idle,16.64,43.0,,
10564.959,,llama3.2:1b,idle,17.02,43.0,,
10565.486,,llama3.2:1b,idle,17.25,43.0,,
10566.011,,llama3.2:1b,idle,17.06,43.0,,
10566.535,,llama3.2:1b,idle,16.48,43.0,,
10567.067,,llama3.2:1b,idle,16.41,43.0,,
10567.638,,llama3.2:1b,idle,13.34,42.0,,
10568.164,,llama3.2:1b,idle,9.99,42.0,,
10568.707,,llama3.2:1b,idle,10.05,42.0,,
10569.233,,llama3.2:1b,idle,10.04,42.0,,
10569.759,,llama3.2:1b,idle,9.34,42.0,,
10570.284,,llama3.2:1b,idle,8.93,42.0,,
10570.808,,llama3.2:1b,idle,8.95,42.0,,
10571.335,,llama3.2:1b,idle,8.87,42.0,,
10571.860,,llama3.2:1b,idle,8.82,41.0,,
10572.385,,llama3.2:1b,idle,8.90,41.0,,
10572.914,,llama3.2:1b,idle,8.97,41.0,,
10573.442,,llama3.2:1b,idle,8.84,41.0,,
10573.969,,llama3.2:1b,idle,8.81,41.0,,
10574.498,,llama3.2:1b,idle,8.91,41.0,,
10575.027,,llama3.2:1b,idle,8.84,41.0,,
10575.562,,llama3.2:1b,idle,8.79,41.0,,
10576.109,,llama3.2:1b,idle,9.03,41.0,,
10576.645,,llama3.2:1b,idle,9.07,41.0,,
10577.170,,llama3.2:1b,idle,8.91,41.0,,
10577.715,,llama3.2:1b,idle,8.82,41.0,,
10578.245,,llama3.2:1b,idle,8.84,41.0,,
10578.771,,llama3.2:1b,idle,8.84,41.0,,
10579.310,,llama3.2:1b,idle,8.70,41.0,,
10579.838,,llama3.2:1b,idle,8.57,41.0,,
10580.368,,llama3.2:1b,idle,8.64,41.0,,
10580.896,,llama3.2:1b,idle,8.59,40.0,,
10581.420,,llama3.2:1b,idle,8.59,40.0,,
10581.946,,llama3.2:1b,idle,8.58,40.0,,
10582.472,,llama3.2:1b,idle,8.65,40.0,,
10583.009,,llama3.2:1b,run1_p0,8.52,40.0,,
10583.545,,llama3.2:1b,run1_p1,15.93,41.0,,
10584.090,,llama3.2:1b,run1_p2,39.97,43.0,,
10584.635,,llama3.2:1b,run1_p3,53.67,43.0,,
10585.180,,llama3.2:1b,run1_p4,63.60,44.0,,
10585.725,,llama3.2:1b,run1_p5,67.38,45.0,,
10586.268,,llama3.2:1b,run1_p5,75.32,51.0,,
10586.808,,llama3.2:1b,run1_p6,67.52,45.0,,
10587.348,,llama3.2:1b,run1_p6,70.59,52.0,,
10587.887,,llama3.2:1b,run1_p6,90.74,53.0,,
10588.424,,llama3.2:1b,run1_p6,103.47,53.0,,
10588.969,,llama3.2:1b,run1_p6,104.01,54.0,,
10589.501,,llama3.2:1b,run1_p6,104.38,54.0,,
10590.059,,llama3.2:1b,run1_p7,86.64,48.0,,
10590.591,,llama3.2:1b,run1_p7,77.18,53.0,,
10591.115,,llama3.2:1b,run1_p7,93.96,54.0,,
10591.640,,llama3.2:1b,run1_p7,102.94,54.0,,
10592.165,,llama3.2:1b,run1_p7,103.72,55.0,,
10592.695,,llama3.2:1b,run1_p7,103.87,55.0,,
10593.226,,llama3.2:1b,run1_p8,79.13,49.0,,
10593.780,,llama3.2:1b,run1_p8,71.30,53.0,,
10594.304,,llama3.2:1b,run1_p8,95.73,55.0,,
10594.829,,llama3.2:1b,run1_p8,103.38,55.0,,
10595.354,,llama3.2:1b,run1_p8,103.82,56.0,,
10595.878,,llama3.2:1b,run1_p8,103.90,56.0,,
10596.404,,llama3.2:1b,run1_p8,103.89,56.0,,
10596.937,,llama3.2:1b,run1_p9,96.84,56.0,,
10597.462,,llama3.2:1b,run1_p9,89.31,52.0,,
10597.984,,llama3.2:1b,run1_p9,90.61,56.0,,
10598.529,,llama3.2:1b,run1_p10,100.79,57.0,,
10599.058,,llama3.2:1b,run1_p10,91.25,51.0,,
10599.583,,llama3.2:1b,run1_p10,94.37,57.0,,
10600.109,,llama3.2:1b,run1_p10,104.23,57.0,,
10600.641,,llama3.2:1b,run1_p11,97.37,57.0,,
10601.168,,llama3.2:1b,run1_p11,90.55,52.0,,
10601.696,,llama3.2:1b,run1_p11,91.56,58.0,,
10602.222,,llama3.2:1b,run1_p11,104.43,58.0,,
10602.751,,llama3.2:1b,run1_p11,105.23,58.0,,
10603.282,,llama3.2:1b,run1_p11,106.46,59.0,,
10603.815,,llama3.2:1b,run1_p11,106.72,59.0,,
10604.349,,llama3.2:1b,run1_p11,107.05,60.0,,
10604.879,,llama3.2:1b,run1_p11,107.25,59.0,,
10605.421,,llama3.2:1b,run1_p12,80.05,52.0,,
10605.949,,llama3.2:1b,run1_p12,69.52,58.0,,
10606.477,,llama3.2:1b,run1_p12,95.74,59.0,,
10607.002,,llama3.2:1b,run1_p12,105.11,60.0,,
10607.539,,llama3.2:1b,run1_p13,86.10,53.0,,
10608.072,,llama3.2:1b,run1_p13,79.40,59.0,,
10608.596,,llama3.2:1b,run1_p13,92.74,60.0,,
10609.122,,llama3.2:1b,run1_p13,105.50,60.0,,
10609.651,,llama3.2:1b,run1_p13,105.83,60.0,,
10610.177,,llama3.2:1b,run1_p13,106.14,60.0,,
10610.725,,llama3.2:1b,run1_p14,92.26,60.0,,
10611.265,,llama3.2:1b,run1_p14,85.55,58.0,,
10611.795,,llama3.2:1b,run1_p14,93.27,60.0,,
10612.321,,llama3.2:1b,run1_p14,106.46,60.0,,
10612.864,,llama3.2:1b,run1_p14,107.55,61.0,,
10613.403,,llama3.2:1b,run1_p14,107.96,61.0,,
10613.931,,llama3.2:1b,run1_p14,107.90,61.0,,
10614.455,,llama3.2:1b,run1_p14,107.99,61.0,,
10614.979,,llama3.2:1b,run1_p14,108.13,61.0,,
10615.505,,llama3.2:1b,run1_p14,108.26,61.0,,
10616.066,,llama3.2:1b,run2_p0,85.54,61.0,,
10616.601,,llama3.2:1b,run2_p1,59.64,53.0,,
10617.125,,llama3.2:1b,run2_p1,65.48,52.0,,
10617.663,,llama3.2:1b,run2_p2,65.34,59.0,,
10618.198,,llama3.2:1b,run2_p3,56.69,52.0,,
10618.728,,llama3.2:1b,run2_p4,70.37,52.0,,
10619.264,,llama3.2:1b,run2_p5,74.39,53.0,,
10619.789,,llama3.2:1b,run2_p5,78.74,59.0,,
10620.320,,llama3.2:1b,run2_p6,75.36,52.0,,
10620.843,,llama3.2:1b,run2_p6,79.38,58.0,,
10621.369,,llama3.2:1b,run2_p6,92.01,59.0,,
10621.893,,llama3.2:1b,run2_p6,105.76,60.0,,
10622.422,,llama3.2:1b,run2_p6,106.18,60.0,,
10622.951,,llama3.2:1b,run2_p6,106.52,60.0,,
10623.500,,llama3.2:1b,run2_p7,79.38,52.0,,
10624.024,,llama3.2:1b,run2_p7,73.44,58.0,,
10624.553,,llama3.2:1b,run2_p7,94.26,59.0,,
10625.081,,llama3.2:1b,run2_p7,105.76,59.0,,
10625.620,,llama3.2:1b,run2_p7,106.57,60.0,,
10626.146,,llama3.2:1b,run2_p7,107.49,60.0,,
10626.685,,llama3.2:1b,run2_p7,107.63,60.0,,
10627.224,,llama3.2:1b,run2_p7,107.81,60.0,,
10627.757,,llama3.2:1b,run2_p8,83.31,54.0,,
10628.286,,llama3.2:1b,run2_p8,74.65,57.0,,
10628.819,,llama3.2:1b,run2_p8,92.12,59.0,,
10629.345,,llama3.2:1b,run2_p8,105.74,59.0,,
10629.871,,llama3.2:1b,run2_p8,105.99,60.0,,
10630.397,,llama3.2:1b,run2_p8,106.09,60.0,,
10630.947,,llama3.2:1b,run2_p9,88.55,60.0,,
10631.471,,llama3.2:1b,run2_p9,82.47,56.0,,
10631.999,,llama3.2:1b,run2_p9,93.64,59.0,,
10632.524,,llama3.2:1b,run2_p9,105.42,59.0,,
10633.061,,llama3.2:1b,run2_p10,83.69,57.0,,
10633.595,,llama3.2:1b,run2_p10,74.12,51.0,,
10634.128,,llama3.2:1b,run2_p10,96.05,59.0,,
10634.652,,llama3.2:1b,run2_p10,105.93,59.0,,
10635.180,,llama3.2:1b,run2_p10,106.40,59.0,,
10635.710,,llama3.2:1b,run2_p11,78.58,57.0,,
10636.236,,llama3.2:1b,run2_p11,69.49,51.0,,
10636.832,,llama3.2:1b,run2_p11,97.93,59.0,,
10637.357,,llama3.2:1b,run2_p11,107.28,59.0,,
10637.886,,llama3.2:1b,run2_p11,107.53,59.0,,
10638.411,,llama3.2:1b,run2_p11,107.49,59.0,,
10638.935,,llama3.2:1b,run2_p11,107.57,59.0,,
10639.462,,llama3.2:1b,run2_p11,108.02,60.0,,
10639.988,,llama3.2:1b,run2_p11,108.19,59.0,,
10640.514,,llama3.2:1b,run2_p11,108.12,60.0,,
10641.039,,llama3.2:1b,run2_p11,108.24,60.0,,
10641.563,,llama3.2:1b,run2_p11,108.53,60.0,,
10642.094,,llama3.2:1b,run2_p12,86.02,53.0,,
10642.619,,llama3.2:1b,run2_p12,79.33,58.0,,
10643.149,,llama3.2:1b,run2_p12,92.39,59.0,,
10643.692,,llama3.2:1b,run2_p12,106.09,59.0,,
10644.238,,llama3.2:1b,run2_p13,77.56,52.0,,
10644.782,,llama3.2:1b,run2_p13,71.75,57.0,,
10645.330,,llama3.2:1b,run2_p13,94.22,59.0,,
10645.859,,llama3.2:1b,run2_p13,106.06,59.0,,
10646.395,,llama3.2:1b,run2_p13,106.25,59.0,,
10646.920,,llama3.2:1b,run2_p13,106.58,59.0,,
10647.457,,llama3.2:1b,run2_p13,106.53,59.0,,
10647.986,,llama3.2:1b,run2_p13,106.74,59.0,,
10648.517,,llama3.2:1b,run2_p14,89.93,59.0,,
10649.063,,llama3.2:1b,run2_p14,80.37,51.0,,
10649.603,,llama3.2:1b,run2_p14,96.84,59.0,,
10650.134,,llama3.2:1b,run2_p14,105.94,59.0,,
10650.665,,llama3.2:1b,run2_p14,106.27,59.0,,
10651.192,,llama3.2:1b,run2_p14,106.50,59.0,,
10651.718,,llama3.2:1b,run2_p14,106.61,59.0,,
10652.247,,llama3.2:1b,run2_p14,106.91,59.0,,
10652.774,,llama3.2:1b,run2_p14,107.22,59.0,,
10653.299,,llama3.2:1b,run3_p0,106.64,59.0,,
10653.840,,llama3.2:1b,run3_p1,79.27,52.0,,
10654.375,,llama3.2:1b,run3_p2,61.60,52.0,,
10654.922,,llama3.2:1b,run3_p3,60.51,51.0,,
10655.457,,llama3.2:1b,run3_p4,57.13,52.0,,
10655.990,,llama3.2:1b,run3_p5,64.51,56.0,,
10656.525,,llama3.2:1b,run3_p5,78.56,57.0,,
10657.059,,llama3.2:1b,run3_p6,65.30,51.0,,
10657.582,,llama3.2:1b,run3_p6,69.34,56.0,,
10658.104,,llama3.2:1b,run3_p6,91.52,58.0,,
10658.629,,llama3.2:1b,run3_p6,106.21,58.0,,
10659.153,,llama3.2:1b,run3_p6,106.88,59.0,,
10659.678,,llama3.2:1b,run3_p6,107.16,59.0,,
10660.204,,llama3.2:1b,run3_p6,107.49,59.0,,
10660.739,,llama3.2:1b,run3_p7,104.85,59.0,,
10661.279,,llama3.2:1b,run3_p7,98.06,57.0,,
10661.865,,llama3.2:1b,run3_p7,99.74,59.0,,
10662.391,,llama3.2:1b,run3_p7,105.96,59.0,,
10662.929,,llama3.2:1b,run3_p7,106.43,59.0,,
10663.469,,llama3.2:1b,run3_p7,106.51,59.0,,
10664.016,,llama3.2:1b,run3_p8,79.18,59.0,,
10664.546,,llama3.2:1b,run3_p8,74.32,51.0,,
10665.069,,llama3.2:1b,run3_p8,95.06,58.0,,
10665.603,,llama3.2:1b,run3_p8,105.25,58.0,,
10666.127,,llama3.2:1b,run3_p8,105.72,58.0,,
10666.669,,llama3.2:1b,run3_p8,106.49,59.0,,
10667.200,,llama3.2:1b,run3_p9,106.83,59.0,,
10667.729,,llama3.2:1b,run3_p9,99.77,59.0,,
10668.261,,llama3.2:1b,run3_p9,99.21,58.0,,
10668.793,,llama3.2:1b,run3_p9,105.55,59.0,,
10669.322,,llama3.2:1b,run3_p10,90.75,53.0,,
10669.849,,llama3.2:1b,run3_p10,84.03,58.0,,
10670.375,,llama3.2:1b,run3_p10,91.48,59.0,,
10670.901,,llama3.2:1b,run3_p10,105.39,59.0,,
10671.427,,llama3.2:1b,run3_p10,106.15,59.0,,
10671.957,,llama3.2:1b,run3_p11,89.63,53.0,,
10672.525,,llama3.2:1b,run3_p11,83.96,58.0,,
10673.051,,llama3.2:1b,run3_p11,95.36,59.0,,
10673.582,,llama3.2:1b,run3_p11,106.43,59.0,,
10674.109,,llama3.2:1b,run3_p11,106.82,59.0,,
10674.644,,llama3.2:1b,run3_p11,106.89,59.0,,
10675.176,,llama3.2:1b,run3_p11,106.96,59.0,,
10675.706,,llama3.2:1b,run3_p11,107.23,59.0,,
10676.238,,llama3.2:1b,run3_p11,107.63,59.0,,
10676.768,,llama3.2:1b,run3_p11,107.73,59.0,,
10677.295,,llama3.2:1b,run3_p11,107.71,59.0,,
10677.820,,llama3.2:1b,run3_p11,107.17,59.0,,
10678.349,,llama3.2:1b,run3_p12,76.36,53.0,,
10678.876,,llama3.2:1b,run3_p12,69.37,55.0,,
10679.406,,llama3.2:1b,run3_p12,93.51,59.0,,
10679.932,,llama3.2:1b,run3_p12,105.07,59.0,,
10680.467,,llama3.2:1b,run3_p13,83.44,57.0,,
10681.043,,llama3.2:1b,run3_p13,73.18,53.0,,
10681.568,,llama3.2:1b,run3_p13,97.70,58.0,,
10682.093,,llama3.2:1b,run3_p13,105.61,59.0,,
10682.618,,llama3.2:1b,run3_p13,106.16,59.0,,
10683.142,,llama3.2:1b,run3_p13,106.95,59.0,,
10683.666,,llama3.2:1b,run3_p13,107.11,59.0,,
10684.219,,llama3.2:1b,run3_p14,93.09,59.0,,
10684.749,,llama3.2:1b,run3_p14,89.03,53.0,,
10685.274,,llama3.2:1b,run3_p14,96.18,58.0,,
10685.802,,llama3.2:1b,run3_p14,105.24,59.0,,
10686.341,,llama3.2:1b,run3_p14,105.44,59.0,,
10686.869,,llama3.2:1b,run3_p14,105.71,59.0,,
10687.412,,llama3.2:1b,run3_p14,105.54,59.0,,
10687.941,,llama3.2:1b,run3_p14,105.81,59.0,,
10688.502,,llama3.2:1b,run3_p14,106.19,59.0,,
10689.029,,llama3.2:1b,run3_p14,106.14,59.0,,
10723.019,,llama3.2:3b,idle,9.13,42.0,,
10723.577,,llama3.2:3b,idle,9.28,42.0,,
10724.106,,llama3.2:3b,idle,9.30,41.0,,
10724.630,,llama3.2:3b,idle,9.23,41.0,,
10725.168,,llama3.2:3b,idle,9.21,41.0,,
10725.711,,llama3.2:3b,idle,9.52,41.0,,
10726.249,,llama3.2:3b,idle,9.46,41.0,,
10726.779,,llama3.2:3b,idle,9.15,41.0,,
10727.316,,llama3.2:3b,idle,9.20,41.0,,
10727.849,,llama3.2:3b,idle,9.20,41.0,,
10728.382,,llama3.2:3b,idle,9.19,41.0,,
10728.912,,llama3.2:3b,idle,9.19,41.0,,
10729.444,,llama3.2:3b,idle,9.21,41.0,,
10729.991,,llama3.2:3b,idle,9.25,41.0,,
10730.522,,llama3.2:3b,idle,9.12,41.0,,
10731.049,,llama3.2:3b,idle,9.22,41.0,,
10731.576,,llama3.2:3b,idle,9.08,41.0,,
10732.104,,llama3.2:3b,idle,9.00,41.0,,
10732.647,,llama3.2:3b,idle,8.93,40.0,,
10733.176,,llama3.2:3b,idle,9.00,40.0,,
10733.704,,llama3.2:3b,idle,8.87,40.0,,
10734.243,,llama3.2:3b,idle,8.85,40.0,,
10734.787,,llama3.2:3b,idle,8.87,40.0,,
10735.319,,llama3.2:3b,idle,8.85,40.0,,
10735.867,,llama3.2:3b,idle,8.80,40.0,,
10736.404,,llama3.2:3b,idle,8.85,40.0,,
10736.936,,llama3.2:3b,idle,8.85,40.0,,
10737.467,,llama3.2:3b,idle,8.84,40.0,,
10738.011,,llama3.2:3b,idle,8.83,40.0,,
10738.550,,llama3.2:3b,idle,8.88,41.0,,
10739.079,,llama3.2:3b,idle,8.77,41.0,,
10739.612,,llama3.2:3b,idle,8.74,41.0,,
10740.149,,llama3.2:3b,idle,8.82,41.0,,
10740.677,,llama3.2:3b,idle,8.87,41.0,,
10741.201,,llama3.2:3b,idle,8.86,41.0,,
10741.726,,llama3.2:3b,idle,8.86,41.0,,
10742.254,,llama3.2:3b,idle,8.88,41.0,,
10742.780,,llama3.2:3b,idle,8.91,41.0,,
10743.330,,llama3.2:3b,run1_p0,8.88,41.0,,
10743.866,,llama3.2:3b,run1_p0,9.12,41.0,,
10744.421,,llama3.2:3b,run1_p0,9.14,41.0,,
10744.948,,llama3.2:3b,run1_p0,8.95,41.0,,
10745.473,,llama3.2:3b,run1_p0,8.89,41.0,,
10746.001,,llama3.2:3b,run1_p0,8.88,41.0,,
10746.528,,llama3.2:3b,run1_p0,8.94,41.0,,
10747.054,,llama3.2:3b,run1_p0,8.88,41.0,,
10747.582,,llama3.2:3b,run1_p0,8.93,41.0,,
10748.112,,llama3.2:3b,run1_p0,9.79,41.0,,
10748.646,,llama3.2:3b,run1_p1,20.63,41.0,,
10749.178,,llama3.2:3b,run1_p2,42.78,42.0,,
10749.707,,llama3.2:3b,run1_p3,60.82,44.0,,
10750.246,,llama3.2:3b,run1_p4,59.69,45.0,,
10750.787,,llama3.2:3b,run1_p5,53.93,45.0,,
10751.319,,llama3.2:3b,run1_p5,80.72,56.0,,
10751.861,,llama3.2:3b,run1_p6,93.65,47.0,,
10752.394,,llama3.2:3b,run1_p6,98.01,57.0,,
10752.923,,llama3.2:3b,run1_p6,111.05,57.0,,
10753.466,,llama3.2:3b,run1_p6,125.70,58.0,,
10754.004,,llama3.2:3b,run1_p6,125.85,59.0,,
10754.542,,llama3.2:3b,run1_p6,125.95,59.0,,
10755.084,,llama3.2:3b,run1_p6,126.46,59.0,,
10755.615,,llama3.2:3b,run1_p7,126.56,59.0,,
10756.145,,llama3.2:3b,run1_p7,118.52,58.0,,
10756.684,,llama3.2:3b,run1_p7,118.57,60.0,,
10757.225,,llama3.2:3b,run1_p7,126.89,60.0,,
10757.766,,llama3.2:3b,run1_p7,127.03,60.0,,
10758.303,,llama3.2:3b,run1_p7,127.60,61.0,,
10758.845,,llama3.2:3b,run1_p7,128.12,61.0,,
10759.375,,llama3.2:3b,run1_p7,128.31,61.0,,
10759.914,,llama3.2:3b,run1_p7,128.53,62.0,,
10760.450,,llama3.2:3b,run1_p7,128.50,62.0,,
10761.002,,llama3.2:3b,run1_p8,102.46,61.0,,
10761.528,,llama3.2:3b,run1_p8,89.86,50.0,,
10762.051,,llama3.2:3b,run1_p8,115.88,61.0,,
10762.574,,llama3.2:3b,run1_p8,128.89,62.0,,
10763.097,,llama3.2:3b,run1_p8,129.24,62.0,,
10763.623,,llama3.2:3b,run1_p8,129.43,62.0,,
10764.150,,llama3.2:3b,run1_p8,129.41,62.0,,
10764.673,,llama3.2:3b,run1_p8,129.75,62.0,,
10765.195,,llama3.2:3b,run1_p8,130.04,63.0,,
10765.720,,llama3.2:3b,run1_p8,130.45,63.0,,
10766.248,,llama3.2:3b,run1_p9,118.67,53.0,,
10766.772,,llama3.2:3b,run1_p9,107.47,62.0,,
10767.293,,llama3.2:3b,run1_p9,109.76,63.0,,
10767.818,,llama3.2:3b,run1_p9,129.88,63.0,,
10768.341,,llama3.2:3b,run1_p9,130.08,63.0,,
10768.873,,llama3.2:3b,run1_p10,102.41,52.0,,
10769.397,,llama3.2:3b,run1_p10,95.12,62.0,,
10769.932,,llama3.2:3b,run1_p10,114.67,63.0,,
10770.456,,llama3.2:3b,run1_p10,130.12,63.0,,
10770.979,,llama3.2:3b,run1_p10,130.40,63.0,,
10771.516,,llama3.2:3b,run1_p11,109.19,53.0,,
10772.044,,llama3.2:3b,run1_p11,96.99,61.0,,
10772.569,,llama3.2:3b,run1_p11,109.58,63.0,,
10773.094,,llama3.2:3b,run1_p11,129.71,63.0,,
10773.620,,llama3.2:3b,run1_p11,130.08,63.0,,
10774.146,,llama3.2:3b,run1_p11,130.50,63.0,,
10774.673,,llama3.2:3b,run1_p11,130.56,63.0,,
10775.207,,llama3.2:3b,run1_p11,130.66,64.0,,
10775.734,,llama3.2:3b,run1_p11,130.89,63.0,,
10776.261,,llama3.2:3b,run1_p11,130.90,63.0,,
10776.791,,llama3.2:3b,run1_p11,130.84,64.0,,
10777.319,,llama3.2:3b,run1_p11,130.59,63.0,,
10777.857,,llama3.2:3b,run1_p11,130.73,63.0,,
10778.400,,llama3.2:3b,run1_p11,131.20,63.0,,
10778.923,,llama3.2:3b,run1_p11,131.51,64.0,,
10779.501,,llama3.2:3b,run1_p11,132.08,64.0,,
10780.038,,llama3.2:3b,run1_p12,106.10,64.0,,
10780.563,,llama3.2:3b,run1_p12,96.22,58.0,,
10781.086,,llama3.2:3b,run1_p12,113.54,63.0,,
10781.608,,llama3.2:3b,run1_p12,130.73,63.0,,
10782.131,,llama3.2:3b,run1_p12,130.79,63.0,,
10782.661,,llama3.2:3b,run1_p12,130.55,63.0,,
10783.206,,llama3.2:3b,run1_p13,104.94,64.0,,
10783.731,,llama3.2:3b,run1_p13,98.57,52.0,,
10784.253,,llama3.2:3b,run1_p13,116.00,63.0,,
10784.786,,llama3.2:3b,run1_p13,130.78,63.0,,
10785.313,,llama3.2:3b,run1_p13,130.81,63.0,,
10785.837,,llama3.2:3b,run1_p13,130.75,64.0,,
10786.364,,llama3.2:3b,run1_p13,131.30,64.0,,
10786.893,,llama3.2:3b,run1_p13,131.74,64.0,,
10787.425,,llama3.2:3b,run1_p13,131.66,64.0,,
10787.946,,llama3.2:3b,run1_p13,131.72,64.0,,
10788.470,,llama3.2:3b,run1_p13,131.97,64.0,,
10789.002,,llama3.2:3b,run1_p13,131.40,64.0,,
10789.539,,llama3.2:3b,run1_p13,131.29,64.0,,
10790.065,,llama3.2:3b,run1_p13,131.71,64.0,,
10790.590,,llama3.2:3b,run1_p13,131.85,64.0,,
10791.121,,llama3.2:3b,run1_p14,112.29,54.0,,
10791.654,,llama3.2:3b,run1_p14,98.33,62.0,,
10792.180,,llama3.2:3b,run1_p14,117.20,63.0,,
10792.715,,llama3.2:3b,run1_p14,130.23,63.0,,
10793.239,,llama3.2:3b,run1_p14,130.73,63.0,,
10793.761,,llama3.2:3b,run1_p14,131.43,64.0,,
10794.286,,llama3.2:3b,run1_p14,131.72,64.0,,
10794.810,,llama3.2:3b,run1_p14,131.70,64.0,,
10795.337,,llama3.2:3b,run1_p14,131.76,64.0,,
10795.865,,llama3.2:3b,run1_p14,131.68,64.0,,
10796.389,,llama3.2:3b,run1_p14,131.88,64.0,,
10796.912,,llama3.2:3b,run1_p14,131.92,64.0,,
10797.440,,llama3.2:3b,run1_p14,131.94,64.0,,
10797.979,,llama3.2:3b,run1_p14,131.84,64.0,,
10798.505,,llama3.2:3b,run1_p14,131.76,64.0,,
10799.036,,llama3.2:3b,run2_p0,103.08,56.0,,
10799.583,,llama3.2:3b,run2_p1,67.74,55.0,,
10800.118,,llama3.2:3b,run2_p1,82.82,59.0,,
10800.641,,llama3.2:3b,run2_p1,117.18,63.0,,
10801.186,,llama3.2:3b,run2_p2,94.66,56.0,,
10801.717,,llama3.2:3b,run2_p3,70.17,57.0,,
10802.261,,llama3.2:3b,run2_p4,62.36,53.0,,
10802.799,,llama3.2:3b,run2_p4,81.67,51.0,,
10803.324,,llama3.2:3b,run2_p5,97.07,62.0,,
10803.857,,llama3.2:3b,run2_p5,101.98,52.0,,
10804.389,,llama3.2:3b,run2_p6,108.76,62.0,,
10804.911,,llama3.2:3b,run2_p6,114.14,54.0,,
10805.435,,llama3.2:3b,run2_p6,114.31,63.0,,
10805.959,,llama3.2:3b,run2_p6,129.58,63.0,,
10806.483,,llama3.2:3b,run2_p6,129.65,63.0,,
10807.013,,llama3.2:3b,run2_p6,130.12,63.0,,
10807.540,,llama3.2:3b,run2_p6,130.12,63.0,,
10808.062,,llama3.2:3b,run2_p6,129.89,63.0,,
10808.589,,llama3.2:3b,run2_p6,130.05,63.0,,
10809.133,,llama3.2:3b,run2_p7,91.69,51.0,,
10809.659,,llama3.2:3b,run2_p7,81.13,62.0,,
10810.182,,llama3.2:3b,run2_p7,111.26,63.0,,
10810.704,,llama3.2:3b,run2_p7,129.75,63.0,,
10811.228,,llama3.2:3b,run2_p7,129.86,63.0,,
10811.761,,llama3.2:3b,run2_p7,129.90,63.0,,
10812.290,,llama3.2:3b,run2_p7,130.36,63.0,,
10812.828,,llama3.2:3b,run2_p7,130.83,63.0,,
10813.353,,llama3.2:3b,run2_p7,130.54,63.0,,
10813.876,,llama3.2:3b,run2_p7,130.18,63.0,,
10814.401,,llama3.2:3b,run2_p7,130.01,63.0,,
10814.945,,llama3.2:3b,run2_p8,107.31,54.0,,
10815.470,,llama3.2:3b,run2_p8,93.69,61.0,,
10815.997,,llama3.2:3b,run2_p8,116.04,63.0,,
10816.519,,llama3.2:3b,run2_p8,129.59,63.0,,
10817.043,,llama3.2:3b,run2_p8,129.80,63.0,,
10817.566,,llama3.2:3b,run2_p8,130.39,63.0,,
10818.091,,llama3.2:3b,run2_p8,131.05,64.0,,
10818.615,,llama3.2:3b,run2_p8,131.45,64.0,,
10819.140,,llama3.2:3b,run2_p8,131.40,64.0,,
10819.665,,llama3.2:3b,run2_p8,131.67,64.0,,
10820.217,,llama3.2:3b,run2_p9,115.63,63.0,,
10820.745,,llama3.2:3b,run2_p9,110.18,60.0,,
10821.269,,llama3.2:3b,run2_p9,117.35,63.0,,
10821.831,,llama3.2:3b,run2_p9,130.45,64.0,,
10822.356,,llama3.2:3b,run2_p9,130.51,64.0,,
10822.891,,llama3.2:3b,run2_p10,100.03,64.0,,
10823.423,,llama3.2:3b,run2_p10,93.57,52.0,,
10823.947,,llama3.2:3b,run2_p10,115.57,63.0,,
10824.482,,llama3.2:3b,run2_p10,130.29,63.0,,
10825.021,,llama3.2:3b,run2_p11,130.16,63.0,,
10825.546,,llama3.2:3b,run2_p11,119.62,57.0,,
10826.071,,llama3.2:3b,run2_p11,119.70,63.0,,
10826.609,,llama3.2:3b,run2_p11,131.83,64.0,,
10827.181,,llama3.2:3b,run2_p11,132.06,64.0,,
10827.709,,llama3.2:3b,run2_p11,131.95,64.0,,
10828.235,,llama3.2:3b,run2_p11,131.91,64.0,,
10828.761,,llama3.2:3b,run2_p11,132.19,64.0,,
10829.288,,llama3.2:3b,run2_p11,132.24,64.0,,
10829.814,,llama3.2:3b,run2_p11,131.98,64.0,,
10830.343,,llama3.2:3b,run2_p11,132.01,64.0,,
10830.867,,llama3.2:3b,run2_p11,132.01,64.0,,
10831.392,,llama3.2:3b,run2_p11,131.87,64.0,,
10831.916,,llama3.2:3b,run2_p11,131.86,64.0,,
10832.451,,llama3.2:3b,run2_p11,131.75,64.0,,
10832.973,,llama3.2:3b,run2_p11,132.18,64.0,,
10833.503,,llama3.2:3b,run2_p11,132.70,64.0,,
10834.041,,llama3.2:3b,run2_p11,132.71,64.0,,
10834.566,,llama3.2:3b,run2_p11,132.45,64.0,,
10835.092,,llama3.2:3b,run2_p11,132.31,64.0,,
10835.615,,llama3.2:3b,run2_p11,132.65,64.0,,
10836.138,,llama3.2:3b,run2_p11,132.63,64.0,,
10836.662,,llama3.2:3b,run2_p11,132.55,64.0,,
10837.185,,llama3.2:3b,run2_p11,132.55,64.0,,
10837.710,,llama3.2:3b,run2_p11,132.33,65.0,,
10838.238,,llama3.2:3b,run2_p11,132.35,65.0,,
10838.768,,llama3.2:3b,run2_p12,102.95,56.0,,
10839.291,,llama3.2:3b,run2_p12,87.76,60.0,,
10839.815,,llama3.2:3b,run2_p12,116.54,64.0,,
10840.343,,llama3.2:3b,run2_p12,130.60,64.0,,
10840.866,,llama3.2:3b,run2_p12,130.63,64.0,,
10841.392,,llama3.2:3b,run2_p12,130.70,64.0,,
10841.920,,llama3.2:3b,run2_p13,92.76,55.0,,
10842.455,,llama3.2:3b,run2_p13,81.52,55.0,,
10842.981,,llama3.2:3b,run2_p13,111.16,63.0,,
10843.506,,llama3.2:3b,run2_p13,130.70,64.0,,
10844.032,,llama3.2:3b,run2_p13,130.45,64.0,,
10844.558,,llama3.2:3b,run2_p13,130.21,64.0,,
10845.085,,llama3.2:3b,run2_p13,130.27,64.0,,
10845.612,,llama3.2:3b,run2_p13,130.10,64.0,,
10846.134,,llama3.2:3b,run2_p13,131.21,64.0,,
10846.660,,llama3.2:3b,run2_p13,131.87,65.0,,
10847.190,,llama3.2:3b,run2_p14,97.46,64.0,,
10847.761,,llama3.2:3b,run2_p14,81.83,63.0,,
10848.290,,llama3.2:3b,run2_p14,118.83,64.0,,
10848.829,,llama3.2:3b,run2_p14,130.57,64.0,,
10849.356,,llama3.2:3b,run2_p14,130.69,64.0,,
10849.885,,llama3.2:3b,run2_p14,130.84,64.0,,
10850.410,,llama3.2:3b,run2_p14,130.94,64.0,,
10850.935,,llama3.2:3b,run2_p14,131.07,64.0,,
10851.462,,llama3.2:3b,run2_p14,131.14,64.0,,
10851.989,,llama3.2:3b,run2_p14,131.20,64.0,,
10852.517,,llama3.2:3b,run2_p14,131.25,64.0,,
10853.045,,llama3.2:3b,run2_p14,131.08,64.0,,
10853.570,,llama3.2:3b,run2_p14,130.73,64.0,,
10854.097,,llama3.2:3b,run2_p14,130.89,64.0,,
10854.626,,llama3.2:3b,run3_p0,113.70,57.0,,
10855.157,,llama3.2:3b,run3_p1,70.57,53.0,,
10855.685,,llama3.2:3b,run3_p1,81.39,61.0,,
10856.274,,llama3.2:3b,run3_p2,113.14,63.0,,
10856.817,,llama3.2:3b,run3_p3,94.90,62.0,,
10857.347,,llama3.2:3b,run3_p4,63.74,59.0,,
10857.901,,llama3.2:3b,run3_p5,57.24,58.0,,
10858.427,,llama3.2:3b,run3_p5,81.14,56.0,,
10858.961,,llama3.2:3b,run3_p6,109.68,63.0,,
10859.487,,llama3.2:3b,run3_p6,115.24,53.0,,
10860.011,,llama3.2:3b,run3_p6,117.49,63.0,,
10860.535,,llama3.2:3b,run3_p6,130.02,63.0,,
10861.060,,llama3.2:3b,run3_p6,130.30,63.0,,
10861.585,,llama3.2:3b,run3_p6,130.46,63.0,,
10862.111,,llama3.2:3b,run3_p6,130.42,63.0,,
10862.643,,llama3.2:3b,run3_p6,130.60,63.0,,
10863.168,,llama3.2:3b,run3_p6,130.98,63.0,,
10863.693,,llama3.2:3b,run3_p7,107.27,64.0,,
10864.218,,llama3.2:3b,run3_p7,94.01,52.0,,
10864.744,,llama3.2:3b,run3_p7,109.02,62.0,,
10865.270,,llama3.2:3b,run3_p7,130.40,63.0,,
10865.794,,llama3.2:3b,run3_p7,131.16,63.0,,
10866.318,,llama3.2:3b,run3_p7,131.47,64.0,,
10866.842,,llama3.2:3b,run3_p7,131.79,64.0,,
10867.369,,llama3.2:3b,run3_p7,132.02,64.0,,
10867.893,,llama3.2:3b,run3_p7,132.05,64.0,,
10868.459,,llama3.2:3b,run3_p8,131.98,64.0,,
10868.987,,llama3.2:3b,run3_p8,122.28,63.0,,
10869.526,,llama3.2:3b,run3_p8,121.57,64.0,,
10870.054,,llama3.2:3b,run3_p8,130.78,64.0,,
10870.584,,llama3.2:3b,run3_p8,130.98,64.0,,
10871.122,,llama3.2:3b,run3_p8,131.22,64.0,,
10871.669,,llama3.2:3b,run3_p8,131.08,64.0,,
10872.198,,llama3.2:3b,run3_p8,131.36,64.0,,
10872.721,,llama3.2:3b,run3_p8,131.94,64.0,,
10873.245,,llama3.2:3b,run3_p8,132.16,64.0,,
10873.770,,llama3.2:3b,run3_p8,132.43,64.0,,
10874.294,,llama3.2:3b,run3_p8,132.40,64.0,,
10874.830,,llama3.2:3b,run3_p9,112.29,64.0,,
10875.396,,llama3.2:3b,run3_p9,95.43,60.0,,
10875.923,,llama3.2:3b,run3_p9,117.37,63.0,,
10876.460,,llama3.2:3b,run3_p9,130.21,64.0,,
10876.985,,llama3.2:3b,run3_p9,130.10,64.0,,
10877.526,,llama3.2:3b,run3_p10,101.06,64.0,,
10878.051,,llama3.2:3b,run3_p10,87.95,52.0,,
10878.575,,llama3.2:3b,run3_p11,116.42,63.0,,
10879.103,,llama3.2:3b,run3_p11,122.45,57.0,,
10879.639,,llama3.2:3b,run3_p11,122.36,64.0,,
10880.168,,llama3.2:3b,run3_p11,130.44,64.0,,
10880.693,,llama3.2:3b,run3_p11,130.61,64.0,,
10881.224,,llama3.2:3b,run3_p11,130.87,64.0,,
10881.753,,llama3.2:3b,run3_p11,131.65,64.0,,
10882.282,,llama3.2:3b,run3_p11,132.74,64.0,,
10882.814,,llama3.2:3b,run3_p11,132.90,65.0,,
10883.342,,llama3.2:3b,run3_p11,132.71,64.0,,
10883.874,,llama3.2:3b,run3_p11,132.77,64.0,,
10884.401,,llama3.2:3b,run3_p11,132.74,64.0,,
10884.928,,llama3.2:3b,run3_p11,132.86,64.0,,
10885.459,,llama3.2:3b,run3_p11,132.88,64.0,,
10885.983,,llama3.2:3b,run3_p11,132.62,64.0,,
10886.511,,llama3.2:3b,run3_p11,132.87,65.0,,
10887.039,,llama3.2:3b,run3_p11,133.30,64.0,,
10887.564,,llama3.2:3b,run3_p11,133.24,65.0,,
10888.091,,llama3.2:3b,run3_p11,133.08,64.0,,
10888.616,,llama3.2:3b,run3_p11,132.79,64.0,,
10889.138,,llama3.2:3b,run3_p11,133.00,65.0,,
10889.662,,llama3.2:3b,run3_p11,133.52,65.0,,
10890.185,,llama3.2:3b,run3_p11,133.67,65.0,,
10890.708,,llama3.2:3b,run3_p11,133.66,65.0,,
10891.235,,llama3.2:3b,run3_p11,133.48,64.0,,
10891.758,,llama3.2:3b,run3_p11,133.50,65.0,,
10892.301,,llama3.2:3b,run3_p12,104.78,56.0,,
10892.824,,llama3.2:3b,run3_p12,96.22,62.0,,
10893.348,,llama3.2:3b,run3_p12,115.62,64.0,,
10893.872,,llama3.2:3b,run3_p12,131.20,64.0,,
10894.397,,llama3.2:3b,run3_p12,131.44,64.0,,
10894.921,,llama3.2:3b,run3_p12,131.73,64.0,,
10895.449,,llama3.2:3b,run3_p13,94.33,55.0,,
10895.990,,llama3.2:3b,run3_p13,84.47,60.0,,
10896.527,,llama3.2:3b,run3_p13,118.07,64.0,,
10897.064,,llama3.2:3b,run3_p13,130.82,64.0,,
10897.600,,llama3.2:3b,run3_p13,131.28,64.0,,
10898.229,,llama3.2:3b,run3_p13,115.45,56.0,,
10898.794,,llama3.2:3b,run3_p13,110.95,64.0,,
10899.527,,llama3.2:3b,run3_p13,126.21,64.0,,
10900.054,,llama3.2:3b,run3_p13,129.66,63.0,,
10900.584,,llama3.2:3b,run3_p14,95.66,53.0,,
10901.286,,llama3.2:3b,run3_p14,83.65,61.0,,
10902.006,,llama3.2:3b,run3_p14,127.60,63.0,,
10902.778,,llama3.2:3b,run3_p14,125.85,63.0,,
10903.352,,llama3.2:3b,run3_p14,126.08,63.0,,
10903.879,,llama3.2:3b,run3_p14,128.16,64.0,,
10904.407,,llama3.2:3b,run3_p14,130.31,64.0,,
10904.942,,llama3.2:3b,run3_p14,130.80,64.0,,
10905.467,,llama3.2:3b,run3_p14,130.80,64.0,,
10905.998,,llama3.2:3b,run3_p14,130.95,64.0,,
10906.521,,llama3.2:3b,run3_p14,131.18,64.0,,
10907.045,,llama3.2:3b,run3_p14,131.60,64.0,,
10907.572,,llama3.2:3b,run3_p14,131.45,65.0,,
10908.096,,llama3.2:3b,run3_p14,131.54,64.0,,
10948.012,,mistral:7b,idle,12.21,42.0,,
10948.538,,mistral:7b,idle,12.16,42.0,,
10949.062,,mistral:7b,idle,12.28,42.0,,
10949.586,,mistral:7b,idle,12.16,42.0,,
10950.116,,mistral:7b,idle,11.87,41.0,,
10950.643,,mistral:7b,idle,12.04,41.0,,
10951.169,,mistral:7b,idle,12.08,41.0,,
10951.693,,mistral:7b,idle,12.24,41.0,,
10952.219,,mistral:7b,idle,12.18,41.0,,
10952.754,,mistral:7b,idle,11.50,41.0,,
10953.278,,mistral:7b,idle,10.93,41.0,,
10953.807,,mistral:7b,idle,10.80,41.0,,
10954.338,,mistral:7b,idle,11.30,41.0,,
10954.875,,mistral:7b,idle,11.97,41.0,,
10955.404,,mistral:7b,idle,11.85,41.0,,
10955.943,,mistral:7b,idle,12.09,41.0,,
10956.479,,mistral:7b,idle,12.22,41.0,,
10957.012,,mistral:7b,idle,12.07,41.0,,
10957.544,,mistral:7b,idle,11.82,41.0,,
10958.071,,mistral:7b,idle,12.04,41.0,,
10958.608,,mistral:7b,idle,12.05,41.0,,
10959.134,,mistral:7b,idle,11.85,41.0,,
10959.670,,mistral:7b,idle,11.96,41.0,,
10960.200,,mistral:7b,idle,11.87,41.0,,
10960.730,,mistral:7b,idle,12.00,41.0,,
10961.258,,mistral:7b,idle,12.28,41.0,,
10961.787,,mistral:7b,idle,12.33,41.0,,
10962.311,,mistral:7b,idle,12.29,41.0,,
10962.856,,mistral:7b,idle,12.19,41.0,,
10963.385,,mistral:7b,idle,11.89,41.0,,
10963.912,,mistral:7b,idle,11.97,41.0,,
10964.442,,mistral:7b,idle,12.08,41.0,,
10964.973,,mistral:7b,idle,12.09,41.0,,
10965.498,,mistral:7b,idle,12.23,41.0,,
10966.029,,mistral:7b,idle,12.27,41.0,,
10966.553,,mistral:7b,idle,12.48,41.0,,
10967.081,,mistral:7b,idle,12.44,41.0,,
10967.607,,mistral:7b,idle,12.10,41.0,,
10968.148,,mistral:7b,run1_p0,11.96,41.0,,
10968.674,,mistral:7b,run1_p0,28.03,42.0,,
10969.205,,mistral:7b,run1_p0,81.73,55.0,,
10969.746,,mistral:7b,run1_p1,95.41,47.0,,
10970.277,,mistral:7b,run1_p1,91.86,55.0,,
10970.804,,mistral:7b,run1_p1,124.53,57.0,,
10971.334,,mistral:7b,run1_p1,130.95,58.0,,
10971.868,,mistral:7b,run1_p2,120.46,59.0,,
10972.397,,mistral:7b,run1_p3,103.97,56.0,,
10972.948,,mistral:7b,run1_p4,92.46,56.0,,
10973.495,,mistral:7b,run1_p4,114.97,55.0,,
10974.071,,mistral:7b,run1_p5,125.17,59.0,,
10974.594,,mistral:7b,run1_p5,129.80,55.0,,
10975.117,,mistral:7b,run1_p5,130.40,60.0,,
10975.644,,mistral:7b,run1_p5,133.96,61.0,,
10976.168,,mistral:7b,run1_p5,134.20,61.0,,
10976.694,,mistral:7b,run1_p5,134.23,61.0,,
10977.235,,mistral:7b,run1_p6,102.48,50.0,,
10977.778,,mistral:7b,run1_p6,97.91,61.0,,
10978.308,,mistral:7b,run1_p6,121.34,62.0,,
10978.838,,mistral:7b,run1_p6,134.68,62.0,,
10979.365,,mistral:7b,run1_p6,134.67,62.0,,
10979.891,,mistral:7b,run1_p6,135.11,63.0,,
10980.418,,mistral:7b,run1_p6,135.60,63.0,,
10980.950,,mistral:7b,run1_p6,135.76,63.0,,
10981.478,,mistral:7b,run1_p6,135.88,63.0,,
10982.005,,mistral:7b,run1_p6,136.04,63.0,,
10982.542,,mistral:7b,run1_p6,136.00,63.0,,
10983.068,,mistral:7b,run1_p6,136.06,63.0,,
10983.598,,mistral:7b,run1_p7,113.28,60.0,,
10984.122,,mistral:7b,run1_p7,110.89,62.0,,
10984.650,,mistral:7b,run1_p7,125.35,64.0,,
10985.177,,mistral:7b,run1_p7,136.57,64.0,,
10985.700,,mistral:7b,run1_p7,136.43,64.0,,
10986.225,,mistral:7b,run1_p7,136.52,64.0,,
10986.753,,mistral:7b,run1_p7,136.85,64.0,,
10987.277,,mistral:7b,run1_p7,136.84,64.0,,
10987.803,,mistral:7b,run1_p7,136.92,64.0,,
10988.327,,mistral:7b,run1_p7,136.91,64.0,,
10988.876,,mistral:7b,run1_p7,136.86,64.0,,
10989.400,,mistral:7b,run1_p7,137.05,64.0,,
10989.937,,mistral:7b,run1_p8,119.34,64.0,,
10990.460,,mistral:7b,run1_p8,114.89,61.0,,
10990.986,,mistral:7b,run1_p8,122.16,64.0,,
10991.515,,mistral:7b,run1_p8,137.08,64.0,,
10992.040,,mistral:7b,run1_p8,137.34,64.0,,
10992.566,,mistral:7b,run1_p8,137.30,64.0,,
10993.091,,mistral:7b,run1_p8,136.71,64.0,,
10993.617,,mistral:7b,run1_p8,136.28,64.0,,
10994.144,,mistral:7b,run1_p8,136.32,65.0,,
10994.673,,mistral:7b,run1_p8,136.39,64.0,,
10995.211,,mistral:7b,run1_p9,112.29,64.0,,
10995.738,,mistral:7b,run1_p9,104.94,64.0,,
10996.267,,mistral:7b,run1_p9,129.42,64.0,,
10996.791,,mistral:7b,run1_p9,137.17,64.0,,
10997.317,,mistral:7b,run1_p9,137.25,65.0,,
10997.840,,mistral:7b,run1_p9,137.46,65.0,,
10998.387,,mistral:7b,run1_p10,132.58,64.0,,
10998.914,,mistral:7b,run1_p10,127.31,64.0,,
10999.438,,mistral:7b,run1_p10,131.94,65.0,,
10999.977,,mistral:7b,run1_p10,136.92,65.0,,
11000.507,,mistral:7b,run1_p10,136.59,65.0,,
11001.034,,mistral:7b,run1_p10,136.33,65.0,,
11001.561,,mistral:7b,run1_p10,136.43,65.0,,
11002.084,,mistral:7b,run1_p10,136.39,65.0,,
11002.607,,mistral:7b,run1_p10,136.51,65.0,,
11003.131,,mistral:7b,run1_p10,136.57,65.0,,
11003.659,,mistral:7b,run1_p10,136.63,65.0,,
11004.181,,mistral:7b,run1_p10,136.63,65.0,,
11004.727,,mistral:7b,run1_p11,130.37,65.0,,
11005.250,,mistral:7b,run1_p11,128.11,64.0,,
11005.772,,mistral:7b,run1_p11,129.32,65.0,,
11006.295,,mistral:7b,run1_p11,138.28,65.0,,
11006.817,,mistral:7b,run1_p11,138.38,65.0,,
11007.346,,mistral:7b,run1_p11,138.33,65.0,,
11007.873,,mistral:7b,run1_p11,138.11,65.0,,
11008.407,,mistral:7b,run1_p11,138.13,65.0,,
11008.939,,mistral:7b,run1_p11,138.26,65.0,,
11009.484,,mistral:7b,run1_p11,138.42,65.0,,
11010.015,,mistral:7b,run1_p11,138.48,65.0,,
11010.538,,mistral:7b,run1_p11,138.54,65.0,,
11011.067,,mistral:7b,run1_p11,138.46,65.0,,
11011.592,,mistral:7b,run1_p11,138.48,65.0,,
11012.117,,mistral:7b,run1_p11,138.37,65.0,,
11012.646,,mistral:7b,run1_p11,138.27,65.0,,
11013.172,,mistral:7b,run1_p11,138.46,65.0,,
11013.699,,mistral:7b,run1_p11,138.61,65.0,,
11014.225,,mistral:7b,run1_p11,138.60,65.0,,
11014.751,,mistral:7b,run1_p11,138.24,65.0,,
11015.279,,mistral:7b,run1_p11,137.78,65.0,,
11015.804,,mistral:7b,run1_p11,137.55,65.0,,
11016.333,,mistral:7b,run1_p11,137.84,65.0,,
11016.856,,mistral:7b,run1_p11,137.69,65.0,,
11017.378,,mistral:7b,run1_p11,137.65,65.0,,
11017.902,,mistral:7b,run1_p11,137.83,65.0,,
11018.450,,mistral:7b,run1_p12,134.56,65.0,,
11018.973,,mistral:7b,run1_p12,132.90,65.0,,
11019.510,,mistral:7b,run1_p12,133.20,65.0,,
11020.033,,mistral:7b,run1_p12,138.41,65.0,,
11020.572,,mistral:7b,run1_p12,138.46,66.0,,
11021.097,,mistral:7b,run1_p12,137.85,65.0,,
11021.634,,mistral:7b,run1_p12,137.37,65.0,,
11022.159,,mistral:7b,run1_p12,137.27,65.0,,
11022.683,,mistral:7b,run1_p12,137.11,65.0,,
11023.207,,mistral:7b,run1_p12,137.45,65.0,,
11023.734,,mistral:7b,run1_p12,137.63,65.0,,
11024.274,,mistral:7b,run1_p13,109.46,55.0,,
11024.796,,mistral:7b,run1_p13,101.75,63.0,,
11025.318,,mistral:7b,run1_p13,130.25,65.0,,
11025.842,,mistral:7b,run1_p13,138.42,65.0,,
11026.365,,mistral:7b,run1_p13,138.00,65.0,,
11026.887,,mistral:7b,run1_p13,137.60,65.0,,
11027.411,,mistral:7b,run1_p13,137.55,65.0,,
11027.932,,mistral:7b,run1_p13,137.46,65.0,,
11028.456,,mistral:7b,run1_p13,137.43,65.0,,
11028.982,,mistral:7b,run1_p13,137.44,65.0,,
11029.506,,mistral:7b,run1_p13,137.46,65.0,,
11030.029,,mistral:7b,run1_p13,137.52,65.0,,
11030.553,,mistral:7b,run1_p13,137.38,65.0,,
11031.084,,mistral:7b,run1_p13,137.46,65.0,,
11031.609,,mistral:7b,run1_p13,137.60,65.0,,
11032.155,,mistral:7b,run1_p13,137.63,65.0,,
11032.677,,mistral:7b,run1_p13,137.73,65.0,,
11033.201,,mistral:7b,run1_p13,137.76,65.0,,
11033.725,,mistral:7b,run1_p13,137.59,65.0,,
11034.255,,mistral:7b,run1_p14,105.01,60.0,,
11034.783,,mistral:7b,run1_p14,97.82,60.0,,
11035.308,,mistral:7b,run1_p14,130.64,65.0,,
11035.831,,mistral:7b,run1_p14,138.51,65.0,,
11036.357,,mistral:7b,run1_p14,138.30,65.0,,
11036.880,,mistral:7b,run1_p14,138.06,65.0,,
11037.404,,mistral:7b,run1_p14,137.97,65.0,,
11037.931,,mistral:7b,run1_p14,138.05,65.0,,
11038.469,,mistral:7b,run1_p14,137.88,65.0,,
11039.007,,mistral:7b,run1_p14,137.84,65.0,,
11039.531,,mistral:7b,run1_p14,137.92,65.0,,
11040.054,,mistral:7b,run1_p14,137.90,65.0,,
11040.582,,mistral:7b,run1_p14,138.06,65.0,,
11041.105,,mistral:7b,run1_p14,138.39,65.0,,
11041.629,,mistral:7b,run1_p14,138.34,66.0,,
11042.155,,mistral:7b,run1_p14,138.23,65.0,,
11042.682,,mistral:7b,run1_p14,137.97,65.0,,
11043.205,,mistral:7b,run1_p14,137.94,65.0,,
11043.729,,mistral:7b,run1_p14,138.23,65.0,,
11044.255,,mistral:7b,run1_p14,138.55,65.0,,
11044.784,,mistral:7b,run1_p14,138.46,65.0,,
11045.310,,mistral:7b,run1_p14,138.40,65.0,,
11045.834,,mistral:7b,run1_p14,138.53,65.0,,
11046.358,,mistral:7b,run1_p14,138.59,65.0,,
11046.881,,mistral:7b,run1_p14,138.73,65.0,,
11047.404,,mistral:7b,run1_p14,138.72,65.0,,
11047.933,,mistral:7b,run1_p14,138.56,65.0,,
11048.458,,mistral:7b,run1_p14,138.24,66.0,,
11048.984,,mistral:7b,run1_p14,137.88,65.0,,
11049.515,,mistral:7b,run1_p14,137.50,65.0,,
11050.043,,mistral:7b,run1_p14,137.52,65.0,,
11050.575,,mistral:7b,run1_p14,137.49,65.0,,
11051.100,,mistral:7b,run1_p14,137.55,65.0,,
11051.625,,mistral:7b,run1_p14,137.67,65.0,,
11052.149,,mistral:7b,run1_p14,137.76,65.0,,
11052.671,,mistral:7b,run1_p14,137.60,65.0,,
11053.201,,mistral:7b,run2_p0,101.99,55.0,,
11053.730,,mistral:7b,run2_p1,72.65,57.0,,
11054.268,,mistral:7b,run2_p1,100.69,62.0,,
11054.793,,mistral:7b,run2_p1,129.99,65.0,,
11055.325,,mistral:7b,run2_p2,129.18,65.0,,
11055.883,,mistral:7b,run2_p2,126.69,63.0,,
11056.408,,mistral:7b,run2_p2,126.82,65.0,,
11056.933,,mistral:7b,run2_p2,138.03,65.0,,
11057.477,,mistral:7b,run2_p2,137.50,65.0,,
11057.999,,mistral:7b,run2_p2,136.99,65.0,,
11058.536,,mistral:7b,run2_p3,108.87,65.0,,
11059.081,,mistral:7b,run2_p4,92.24,54.0,,
11059.608,,mistral:7b,run2_p4,105.76,54.0,,
11060.148,,mistral:7b,run2_p5,114.76,64.0,,
11060.671,,mistral:7b,run2_p5,120.63,55.0,,
11061.211,,mistral:7b,run2_p5,129.44,65.0,,
11061.793,,mistral:7b,run2_p6,127.33,62.0,,
11062.318,,mistral:7b,run2_p6,127.26,65.0,,
11062.842,,mistral:7b,run2_p6,132.26,65.0,,
11063.367,,mistral:7b,run2_p6,137.82,65.0,,
11063.893,,mistral:7b,run2_p6,137.80,65.0,,
11064.421,,mistral:7b,run2_p6,137.70,65.0,,
11064.945,,mistral:7b,run2_p6,137.92,65.0,,
11065.473,,mistral:7b,run2_p6,138.01,65.0,,
11066.000,,mistral:7b,run2_p6,137.50,65.0,,
11066.528,,mistral:7b,run2_p6,136.83,65.0,,
11067.053,,mistral:7b,run2_p6,136.95,65.0,,
11067.585,,mistral:7b,run2_p6,137.17,65.0,,
11068.121,,mistral:7b,run2_p7,115.53,65.0,,
11068.644,,mistral:7b,run2_p7,111.33,63.0,,
11069.168,,mistral:7b,run2_p7,125.68,65.0,,
11069.695,,mistral:7b,run2_p7,137.90,65.0,,
11070.219,,mistral:7b,run2_p7,138.04,65.0,,
11070.747,,mistral:7b,run2_p7,138.14,65.0,,
11071.271,,mistral:7b,run2_p7,138.33,65.0,,
11071.799,,mistral:7b,run2_p7,137.84,65.0,,
11072.323,,mistral:7b,run2_p7,137.17,65.0,,
11072.848,,mistral:7b,run2_p7,136.84,65.0,,
11073.396,,mistral:7b,run2_p7,136.94,65.0,,
11073.919,,mistral:7b,run2_p7,137.16,65.0,,
11074.447,,mistral:7b,run2_p7,137.19,65.0,,
11074.972,,mistral:7b,run2_p7,137.34,65.0,,
11075.495,,mistral:7b,run2_p7,137.07,65.0,,
11076.017,,mistral:7b,run2_p7,136.88,65.0,,
11076.554,,mistral:7b,run2_p8,113.25,65.0,,
11077.087,,mistral:7b,run2_p8,110.13,56.0,,
11077.611,,mistral:7b,run2_p8,125.91,65.0,,
11078.135,,mistral:7b,run2_p8,138.09,65.0,,
11078.660,,mistral:7b,run2_p8,138.08,65.0,,
11079.184,,mistral:7b,run2_p8,138.01,65.0,,
11079.711,,mistral:7b,run2_p8,137.97,65.0,,
11080.236,,mistral:7b,run2_p8,138.02,65.0,,
11080.819,,mistral:7b,run2_p9,133.75,65.0,,
11081.347,,mistral:7b,run2_p9,131.38,65.0,,
11081.873,,mistral:7b,run2_p9,135.51,65.0,,
11082.398,,mistral:7b,run2_p9,137.98,65.0,,
11082.923,,mistral:7b,run2_p9,137.96,65.0,,
11083.452,,mistral:7b,run2_p9,138.01,65.0,,
11083.980,,mistral:7b,run2_p9,137.92,65.0,,
11084.504,,mistral:7b,run2_p9,138.10,65.0,,
11085.029,,mistral:7b,run2_p9,137.96,65.0,,
11085.553,,mistral:7b,run2_p9,137.97,65.0,,
11086.077,,mistral:7b,run2_p9,138.05,65.0,,
11086.628,,mistral:7b,run2_p10,91.85,54.0,,
11087.156,,mistral:7b,run2_p10,90.74,63.0,,
11087.680,,mistral:7b,run2_p10,128.02,65.0,,
11088.206,,mistral:7b,run2_p10,137.71,65.0,,
11088.732,,mistral:7b,run2_p10,137.91,65.0,,
11089.258,,mistral:7b,run2_p10,137.98,65.0,,
11089.782,,mistral:7b,run2_p10,137.58,65.0,,
11090.304,,mistral:7b,run2_p10,137.08,65.0,,
11090.826,,mistral:7b,run2_p10,136.99,65.0,,
11091.352,,mistral:7b,run2_p10,137.09,65.0,,
11091.876,,mistral:7b,run2_p10,137.16,65.0,,
11092.415,,mistral:7b,run2_p11,107.94,65.0,,
11092.945,,mistral:7b,run2_p11,105.92,62.0,,
11093.469,,mistral:7b,run2_p11,126.64,65.0,,
11093.997,,mistral:7b,run2_p11,137.14,65.0,,
11094.521,,mistral:7b,run2_p11,137.10,65.0,,
11095.076,,mistral:7b,run2_p11,137.16,65.0,,
11095.601,,mistral:7b,run2_p11,137.14,65.0,,
11096.127,,mistral:7b,run2_p11,137.11,65.0,,
11096.651,,mistral:7b,run2_p11,137.12,65.0,,
11097.173,,mistral:7b,run2_p11,137.18,65.0,,
11097.697,,mistral:7b,run2_p11,137.25,65.0,,
11098.220,,mistral:7b,run2_p11,137.24,65.0,,
11098.743,,mistral:7b,run2_p11,137.26,65.0,,
11099.267,,mistral:7b,run2_p11,137.25,65.0,,
11099.791,,mistral:7b,run2_p11,137.40,65.0,,
11100.316,,mistral:7b,run2_p11,137.45,65.0,,
11100.842,,mistral:7b,run2_p11,137.31,65.0,,
11101.384,,mistral:7b,run2_p11,137.25,65.0,,
11101.908,,mistral:7b,run2_p11,137.22,65.0,,
11102.443,,mistral:7b,run2_p11,137.21,65.0,,
11102.966,,mistral:7b,run2_p11,137.42,65.0,,
11103.491,,mistral:7b,run2_p11,137.51,65.0,,
11104.013,,mistral:7b,run2_p11,137.22,65.0,,
11104.539,,mistral:7b,run2_p11,137.13,65.0,,
11105.062,,mistral:7b,run2_p11,137.42,65.0,,
11105.585,,mistral:7b,run2_p11,137.48,65.0,,
11106.122,,mistral:7b,run2_p11,137.51,65.0,,
11106.645,,mistral:7b,run2_p11,137.53,65.0,,
11107.169,,mistral:7b,run2_p11,137.67,65.0,,
11107.706,,mistral:7b,run2_p12,109.81,54.0,,
11108.230,,mistral:7b,run2_p12,104.43,64.0,,
11108.755,,mistral:7b,run2_p12,123.83,65.0,,
11109.281,,mistral:7b,run2_p12,137.52,65.0,,
11109.805,,mistral:7b,run2_p12,137.12,65.0,,
11110.334,,mistral:7b,run2_p12,136.83,65.0,,
11110.857,,mistral:7b,run2_p12,136.79,65.0,,
11111.384,,mistral:7b,run2_p12,136.88,65.0,,
11111.909,,mistral:7b,run2_p12,136.91,65.0,,
11112.434,,mistral:7b,run2_p12,136.99,65.0,,
11112.961,,mistral:7b,run2_p12,136.65,65.0,,
11113.491,,mistral:7b,run2_p12,135.12,65.0,,
11114.017,,mistral:7b,run2_p12,134.04,65.0,,
11114.591,,mistral:7b,run2_p13,108.81,58.0,,
11115.124,,mistral:7b,run2_p13,108.14,63.0,,
11115.664,,mistral:7b,run2_p13,125.07,65.0,,
11116.194,,mistral:7b,run2_p13,134.12,65.0,,
11116.735,,mistral:7b,run2_p13,134.22,65.0,,
11117.263,,mistral:7b,run2_p13,134.22,65.0,,
11117.790,,mistral:7b,run2_p13,134.02,65.0,,
11118.320,,mistral:7b,run2_p13,133.98,65.0,,
11118.842,,mistral:7b,run2_p13,134.13,65.0,,
11119.385,,mistral:7b,run2_p13,134.23,65.0,,
11119.913,,mistral:7b,run2_p13,134.52,65.0,,
11120.447,,mistral:7b,run2_p13,134.85,65.0,,
11120.986,,mistral:7b,run2_p13,134.86,65.0,,
11121.510,,mistral:7b,run2_p13,134.78,65.0,,
11122.043,,mistral:7b,run2_p13,134.85,65.0,,
11122.578,,mistral:7b,run2_p13,134.91,64.0,,
11123.105,,mistral:7b,run2_p13,134.78,65.0,,
11123.645,,mistral:7b,run2_p13,134.79,65.0,,
11124.174,,mistral:7b,run2_p13,134.66,65.0,,
11124.701,,mistral:7b,run2_p13,134.65,65.0,,
11125.233,,mistral:7b,run2_p14,125.73,57.0,,
11125.761,,mistral:7b,run2_p14,118.38,64.0,,
11126.286,,mistral:7b,run2_p14,127.37,65.0,,
11126.814,,mistral:7b,run2_p14,134.37,65.0,,
11127.338,,mistral:7b,run2_p14,134.49,65.0,,
11127.863,,mistral:7b,run2_p14,134.60,65.0,,
11128.388,,mistral:7b,run2_p14,134.32,65.0,,
11128.913,,mistral:7b,run2_p14,134.22,65.0,,
11129.436,,mistral:7b,run2_p14,134.77,65.0,,
11129.967,,mistral:7b,run2_p14,135.13,65.0,,
11130.490,,mistral:7b,run2_p14,135.24,65.0,,
11131.015,,mistral:7b,run2_p14,135.37,65.0,,
11131.541,,mistral:7b,run2_p14,135.27,65.0,,
11132.067,,mistral:7b,run2_p14,135.23,65.0,,
11132.590,,mistral:7b,run2_p14,135.09,65.0,,
11133.112,,mistral:7b,run2_p14,134.99,65.0,,
11133.640,,mistral:7b,run2_p14,134.93,65.0,,
11134.163,,mistral:7b,run2_p14,135.12,65.0,,
11134.686,,mistral:7b,run2_p14,134.83,65.0,,
11135.209,,mistral:7b,run2_p14,134.24,64.0,,
11135.734,,mistral:7b,run2_p14,133.98,65.0,,
11136.265,,mistral:7b,run2_p14,133.90,65.0,,
11136.789,,mistral:7b,run2_p14,134.10,65.0,,
11137.330,,mistral:7b,run2_p14,134.29,65.0,,
11137.853,,mistral:7b,run2_p14,134.22,64.0,,
11138.393,,mistral:7b,run2_p14,134.25,64.0,,
11138.917,,mistral:7b,run2_p14,134.38,65.0,,
11139.442,,mistral:7b,run2_p14,134.54,65.0,,
11139.977,,mistral:7b,run2_p14,134.32,64.0,,
11140.511,,mistral:7b,run2_p14,134.20,65.0,,
11141.036,,mistral:7b,run2_p14,134.39,65.0,,
11141.559,,mistral:7b,run2_p14,134.44,65.0,,
11142.082,,mistral:7b,run2_p14,134.49,64.0,,
11142.606,,mistral:7b,run2_p14,134.42,65.0,,
11143.130,,mistral:7b,run2_p14,134.36,65.0,,
11143.660,,mistral:7b,run2_p14,134.40,65.0,,
11144.182,,mistral:7b,run2_p14,134.22,65.0,,
11144.706,,mistral:7b,run2_p14,134.28,65.0,,
11145.230,,mistral:7b,run2_p14,134.29,64.0,,
11145.756,,mistral:7b,run2_p14,134.22,65.0,,
11146.279,,mistral:7b,run2_p14,134.33,65.0,,
11146.818,,mistral:7b,run3_p0,123.68,57.0,,
11147.343,,mistral:7b,run3_p0,122.89,65.0,,
11147.867,,mistral:7b,run3_p0,125.69,65.0,,
11148.399,,mistral:7b,run3_p1,116.15,55.0,,
11148.924,,mistral:7b,run3_p1,109.94,64.0,,
11149.479,,mistral:7b,run3_p1,134.79,65.0,,
11150.026,,mistral:7b,run3_p2,101.70,54.0,,
11150.559,,mistral:7b,run3_p3,84.96,63.0,,
11151.100,,mistral:7b,run3_p4,95.73,63.0,,
11151.646,,mistral:7b,run3_p4,116.62,63.0,,
11152.171,,mistral:7b,run3_p4,126.54,64.0,,
11152.729,,mistral:7b,run3_p5,130.50,64.0,,
11153.257,,mistral:7b,run3_p5,124.73,63.0,,
11153.820,,mistral:7b,run3_p5,128.32,64.0,,
11154.346,,mistral:7b,run3_p5,133.51,64.0,,
11154.876,,mistral:7b,run3_p6,97.94,56.0,,
11155.409,,mistral:7b,run3_p6,92.71,60.0,,
11155.944,,mistral:7b,run3_p6,128.69,64.0,,
11156.474,,mistral:7b,run3_p6,134.52,64.0,,
11157.011,,mistral:7b,run3_p6,134.68,64.0,,
11157.535,,mistral:7b,run3_p6,134.84,64.0,,
11158.061,,mistral:7b,run3_p6,134.87,64.0,,
11158.584,,mistral:7b,run3_p6,134.42,64.0,,
11159.110,,mistral:7b,run3_p6,133.96,64.0,,
11159.649,,mistral:7b,run3_p6,133.60,64.0,,
11160.177,,mistral:7b,run3_p6,133.57,64.0,,
11160.705,,mistral:7b,run3_p6,133.75,64.0,,
11161.231,,mistral:7b,run3_p6,133.68,64.0,,
11161.772,,mistral:7b,run3_p6,133.60,64.0,,
11162.296,,mistral:7b,run3_p6,133.54,64.0,,
11162.819,,mistral:7b,run3_p6,133.54,64.0,,
11163.345,,mistral:7b,run3_p6,133.54,64.0,,
11163.885,,mistral:7b,run3_p6,133.41,64.0,,
11164.411,,mistral:7b,run3_p6,133.32,64.0,,
11164.953,,mistral:7b,run3_p7,127.15,64.0,,
11165.475,,mistral:7b,run3_p7,125.66,64.0,,
11165.999,,mistral:7b,run3_p7,126.17,64.0,,
11166.523,,mistral:7b,run3_p7,134.28,65.0,,
11167.052,,mistral:7b,run3_p7,134.33,64.0,,
11167.578,,mistral:7b,run3_p7,134.36,64.0,,
11168.110,,mistral:7b,run3_p7,134.44,65.0,,
11168.634,,mistral:7b,run3_p7,134.59,65.0,,
11169.160,,mistral:7b,run3_p7,134.64,65.0,,
11169.683,,mistral:7b,run3_p7,134.63,65.0,,
11170.211,,mistral:7b,run3_p7,134.48,64.0,,
11170.733,,mistral:7b,run3_p7,134.44,65.0,,
11171.256,,mistral:7b,run3_p7,134.26,65.0,,
11171.780,,mistral:7b,run3_p7,133.72,64.0,,
11172.314,,mistral:7b,run3_p7,133.54,64.0,,
11172.851,,mistral:7b,run3_p7,133.70,65.0,,
11173.386,,mistral:7b,run3_p8,125.34,65.0,,
11173.910,,mistral:7b,run3_p8,124.14,63.0,,
11174.456,,mistral:7b,run3_p8,124.42,64.0,,
11174.981,,mistral:7b,run3_p8,133.34,64.0,,
11175.510,,mistral:7b,run3_p8,132.85,64.0,,
11176.035,,mistral:7b,run3_p8,133.04,64.0,,
11176.558,,mistral:7b,run3_p8,133.14,64.0,,
11177.083,,mistral:7b,run3_p8,133.11,65.0,,
11177.605,,mistral:7b,run3_p8,133.00,65.0,,
11178.133,,mistral:7b,run3_p8,133.19,64.0,,
11178.659,,mistral:7b,run3_p8,133.15,64.0,,
11179.184,,mistral:7b,run3_p8,133.18,64.0,,
11179.710,,mistral:7b,run3_p8,133.51,65.0,,
11180.235,,mistral:7b,run3_p8,133.31,64.0,,
11180.776,,mistral:7b,run3_p9,109.61,53.0,,
11181.299,,mistral:7b,run3_p9,102.41,64.0,,
11181.822,,mistral:7b,run3_p9,125.81,64.0,,
11182.345,,mistral:7b,run3_p9,133.16,64.0,,
11182.868,,mistral:7b,run3_p9,133.27,64.0,,
11183.393,,mistral:7b,run3_p9,133.32,64.0,,
11183.916,,mistral:7b,run3_p9,133.14,65.0,,
11184.439,,mistral:7b,run3_p9,133.02,64.0,,
11184.973,,mistral:7b,run3_p9,133.30,65.0,,
11185.512,,mistral:7b,run3_p10,97.31,53.0,,
11186.037,,mistral:7b,run3_p10,90.68,63.0,,
11186.561,,mistral:7b,run3_p10,126.94,64.0,,
11187.088,,mistral:7b,run3_p10,133.90,64.0,,
11187.613,,mistral:7b,run3_p10,133.94,64.0,,
11188.139,,mistral:7b,run3_p10,133.89,64.0,,
11188.667,,mistral:7b,run3_p10,133.78,64.0,,
11189.198,,mistral:7b,run3_p10,133.16,64.0,,
11189.728,,mistral:7b,run3_p10,132.74,64.0,,
11190.257,,mistral:7b,run3_p10,132.57,64.0,,
11190.787,,mistral:7b,run3_p10,132.88,64.0,,
11191.317,,mistral:7b,run3_p10,133.46,64.0,,
11191.849,,mistral:7b,run3_p10,133.57,64.0,,
11192.376,,mistral:7b,run3_p10,133.56,64.0,,
11192.910,,mistral:7b,run3_p10,133.42,64.0,,
11193.439,,mistral:7b,run3_p10,133.65,64.0,,
11193.972,,mistral:7b,run3_p11,108.52,64.0,,
11194.497,,mistral:7b,run3_p11,108.34,62.0,,
11195.023,,mistral:7b,run3_p11,125.88,64.0,,
11195.551,,mistral:7b,run3_p11,133.84,64.0,,
11196.088,,mistral:7b,run3_p11,133.86,65.0,,
11196.613,,mistral:7b,run3_p11,134.21,65.0,,
11197.149,,mistral:7b,run3_p11,134.40,64.0,,
11197.673,,mistral:7b,run3_p11,134.24,65.0,,
11198.197,,mistral:7b,run3_p11,134.24,65.0,,
11198.720,,mistral:7b,run3_p11,134.28,64.0,,
11199.243,,mistral:7b,run3_p11,134.33,64.0,,
11199.776,,mistral:7b,run3_p11,134.49,64.0,,
11200.299,,mistral:7b,run3_p11,133.97,64.0,,
11200.826,,mistral:7b,run3_p11,133.49,64.0,,
11201.349,,mistral:7b,run3_p11,133.48,65.0,,
11201.873,,mistral:7b,run3_p11,133.63,64.0,,
11202.398,,mistral:7b,run3_p11,133.67,64.0,,
11202.922,,mistral:7b,run3_p11,133.87,64.0,,
11203.444,,mistral:7b,run3_p11,133.92,65.0,,
11203.969,,mistral:7b,run3_p11,133.62,64.0,,
11204.492,,mistral:7b,run3_p11,133.50,65.0,,
11205.014,,mistral:7b,run3_p11,133.68,65.0,,
11205.547,,mistral:7b,run3_p11,133.65,65.0,,
11206.081,,mistral:7b,run3_p12,98.42,53.0,,
11206.606,,mistral:7b,run3_p12,94.93,64.0,,
11207.128,,mistral:7b,run3_p12,122.18,64.0,,
11207.655,,mistral:7b,run3_p12,134.22,64.0,,
11208.177,,mistral:7b,run3_p12,134.36,64.0,,
11208.700,,mistral:7b,run3_p12,134.35,65.0,,
11209.224,,mistral:7b,run3_p12,134.19,65.0,,
11209.746,,mistral:7b,run3_p12,134.26,64.0,,
11210.269,,mistral:7b,run3_p12,134.38,64.0,,
11210.792,,mistral:7b,run3_p12,134.40,65.0,,
11211.315,,mistral:7b,run3_p12,134.38,65.0,,
11211.837,,mistral:7b,run3_p12,134.48,65.0,,
11212.375,,mistral:7b,run3_p13,134.40,65.0,,
11212.913,,mistral:7b,run3_p13,130.05,64.0,,
11213.451,,mistral:7b,run3_p13,130.12,65.0,,
11213.974,,mistral:7b,run3_p13,133.92,64.0,,
11214.500,,mistral:7b,run3_p13,133.43,64.0,,
11215.025,,mistral:7b,run3_p13,133.48,65.0,,
11215.552,,mistral:7b,run3_p13,133.55,65.0,,
11216.079,,mistral:7b,run3_p13,133.32,65.0,,
11216.603,,mistral:7b,run3_p13,133.24,65.0,,
11217.128,,mistral:7b,run3_p13,133.15,65.0,,
11217.651,,mistral:7b,run3_p13,133.21,64.0,,
11218.177,,mistral:7b,run3_p13,133.35,64.0,,
11218.702,,mistral:7b,run3_p13,133.52,65.0,,
11219.225,,mistral:7b,run3_p13,133.59,65.0,,
11219.752,,mistral:7b,run3_p13,133.60,65.0,,
11220.277,,mistral:7b,run3_p13,133.51,64.0,,
11220.801,,mistral:7b,run3_p13,133.40,64.0,,
11221.326,,mistral:7b,run3_p13,133.29,65.0,,
11221.851,,mistral:7b,run3_p13,133.23,65.0,,
11222.376,,mistral:7b,run3_p13,133.40,65.0,,
11222.934,,mistral:7b,run3_p13,133.30,65.0,,
11223.464,,mistral:7b,run3_p14,110.68,65.0,,
11223.997,,mistral:7b,run3_p14,109.10,59.0,,
11224.529,,mistral:7b,run3_p14,123.78,64.0,,
11225.066,,mistral:7b,run3_p14,133.70,65.0,,
11225.589,,mistral:7b,run3_p14,133.28,64.0,,
11226.113,,mistral:7b,run3_p14,133.12,64.0,,
11226.639,,mistral:7b,run3_p14,133.20,64.0,,
11227.165,,mistral:7b,run3_p14,133.29,64.0,,
11227.700,,mistral:7b,run3_p14,133.54,64.0,,
11228.226,,mistral:7b,run3_p14,133.56,65.0,,
11228.750,,mistral:7b,run3_p14,133.32,65.0,,
11229.287,,mistral:7b,run3_p14,133.34,64.0,,
11229.813,,mistral:7b,run3_p14,133.64,65.0,,
11230.335,,mistral:7b,run3_p14,133.59,64.0,,
11230.859,,mistral:7b,run3_p14,133.47,65.0,,
11231.400,,mistral:7b,run3_p14,133.45,65.0,,
11231.925,,mistral:7b,run3_p14,133.22,65.0,,
11232.449,,mistral:7b,run3_p14,133.32,65.0,,
11232.977,,mistral:7b,run3_p14,133.68,65.0,,
11233.502,,mistral:7b,run3_p14,133.71,65.0,,
11234.027,,mistral:7b,run3_p14,133.56,64.0,,
11234.552,,mistral:7b,run3_p14,133.67,65.0,,
11235.088,,mistral:7b,run3_p14,133.20,65.0,,
11235.615,,mistral:7b,run3_p14,133.26,64.0,,
11236.139,,mistral:7b,run3_p14,133.37,65.0,,
11236.664,,mistral:7b,run3_p14,133.21,64.0,,
11237.188,,mistral:7b,run3_p14,133.17,65.0,,
11237.711,,mistral:7b,run3_p14,133.60,65.0,,
11238.236,,mistral:7b,run3_p14,133.84,64.0,,
11238.761,,mistral:7b,run3_p14,133.76,64.0,,
11239.287,,mistral:7b,run3_p14,133.84,65.0,,
11239.811,,mistral:7b,run3_p14,133.80,65.0,,
11240.353,,mistral:7b,run3_p14,133.76,64.0,,
11240.883,,mistral:7b,run3_p14,133.80,65.0,,
11241.421,,mistral:7b,run3_p14,133.93,65.0,,
11241.950,,mistral:7b,run3_p14,133.84,65.0,,
11242.498,,mistral:7b,run3_p14,133.79,65.0,,
11243.023,,mistral:7b,run3_p14,133.96,65.0,,
11243.554,,mistral:7b,run3_p14,133.94,64.0,,
11288.743,,phi4-mini:3.8b,idle,17.18,42.0,,
11289.284,,phi4-mini:3.8b,idle,17.42,42.0,,
11289.824,,phi4-mini:3.8b,idle,16.75,42.0,,
11290.360,,phi4-mini:3.8b,idle,16.28,42.0,,
11290.900,,phi4-mini:3.8b,idle,16.47,42.0,,
11291.439,,phi4-mini:3.8b,idle,17.20,42.0,,
11291.991,,phi4-mini:3.8b,idle,16.82,41.0,,
11292.530,,phi4-mini:3.8b,idle,16.40,41.0,,
11293.070,,phi4-mini:3.8b,idle,16.36,41.0,,
11293.625,,phi4-mini:3.8b,idle,16.83,41.0,,
11294.165,,phi4-mini:3.8b,idle,16.80,41.0,,
11294.706,,phi4-mini:3.8b,idle,16.23,41.0,,
11295.244,,phi4-mini:3.8b,idle,16.03,41.0,,
11295.790,,phi4-mini:3.8b,idle,16.33,41.0,,
11296.326,,phi4-mini:3.8b,idle,17.22,41.0,,
11296.865,,phi4-mini:3.8b,idle,16.97,41.0,,
11297.407,,phi4-mini:3.8b,idle,16.27,41.0,,
11297.949,,phi4-mini:3.8b,idle,16.31,41.0,,
11298.486,,phi4-mini:3.8b,idle,16.75,41.0,,
11299.015,,phi4-mini:3.8b,idle,16.88,41.0,,
11299.543,,phi4-mini:3.8b,idle,16.31,41.0,,
11300.069,,phi4-mini:3.8b,idle,16.05,41.0,,
11300.611,,phi4-mini:3.8b,idle,16.16,41.0,,
11301.141,,phi4-mini:3.8b,idle,16.79,41.0,,
11301.672,,phi4-mini:3.8b,idle,16.90,41.0,,
11302.197,,phi4-mini:3.8b,idle,16.24,41.0,,
11302.734,,phi4-mini:3.8b,idle,16.18,41.0,,
11303.305,,phi4-mini:3.8b,idle,16.79,41.0,,
11303.848,,phi4-mini:3.8b,idle,16.76,41.0,,
11304.380,,phi4-mini:3.8b,idle,16.14,41.0,,
11304.920,,phi4-mini:3.8b,idle,15.89,41.0,,
11305.467,,phi4-mini:3.8b,idle,16.29,41.0,,
11306.012,,phi4-mini:3.8b,idle,16.34,41.0,,
11306.551,,phi4-mini:3.8b,idle,16.34,41.0,,
11307.094,,phi4-mini:3.8b,idle,16.24,41.0,,
11307.654,,phi4-mini:3.8b,idle,16.55,41.0,,
11308.183,,phi4-mini:3.8b,idle,16.82,41.0,,
11308.725,,phi4-mini:3.8b,idle,16.59,41.0,,
11309.277,,phi4-mini:3.8b,run1_p0,16.01,41.0,,
11309.814,,phi4-mini:3.8b,run1_p0,23.75,42.0,,
11310.383,,phi4-mini:3.8b,run1_p1,70.17,54.0,,
11310.969,,phi4-mini:3.8b,run1_p1,107.45,53.0,,
11312.067,,phi4-mini:3.8b,run1_p1,124.85,56.0,,
11312.609,,phi4-mini:3.8b,run1_p2,125.78,58.0,,
11313.142,,phi4-mini:3.8b,run1_p3,100.48,52.0,,
11313.674,,phi4-mini:3.8b,run1_p3,87.19,48.0,,
11314.218,,phi4-mini:3.8b,run1_p4,81.37,58.0,,
11314.744,,phi4-mini:3.8b,run1_p4,86.56,58.0,,
11315.270,,phi4-mini:3.8b,run1_p4,110.19,59.0,,
11315.798,,phi4-mini:3.8b,run1_p5,101.57,49.0,,
11316.324,,phi4-mini:3.8b,run1_p5,90.56,59.0,,
11316.846,,phi4-mini:3.8b,run1_p5,107.57,60.0,,
11317.371,,phi4-mini:3.8b,run1_p6,93.37,49.0,,
11317.896,,phi4-mini:3.8b,run1_p6,79.80,58.0,,
11318.424,,phi4-mini:3.8b,run1_p6,113.31,61.0,,
11318.951,,phi4-mini:3.8b,run1_p6,127.05,60.0,,
11319.476,,phi4-mini:3.8b,run1_p6,127.08,60.0,,
11319.999,,phi4-mini:3.8b,run1_p6,127.47,62.0,,
11320.526,,phi4-mini:3.8b,run1_p6,128.21,61.0,,
11321.054,,phi4-mini:3.8b,run1_p6,127.97,62.0,,
11321.579,,phi4-mini:3.8b,run1_p6,127.70,62.0,,
11322.104,,phi4-mini:3.8b,run1_p6,127.94,62.0,,
11322.630,,phi4-mini:3.8b,run1_p6,128.78,62.0,,
11323.161,,phi4-mini:3.8b,run1_p7,93.66,53.0,,
11323.687,,phi4-mini:3.8b,run1_p7,86.07,60.0,,
11324.211,,phi4-mini:3.8b,run1_p7,113.54,62.0,,
11324.736,,phi4-mini:3.8b,run1_p7,129.07,63.0,,
11325.260,,phi4-mini:3.8b,run1_p7,129.47,63.0,,
11325.784,,phi4-mini:3.8b,run1_p7,129.86,63.0,,
11326.309,,phi4-mini:3.8b,run1_p7,129.90,63.0,,
11326.836,,phi4-mini:3.8b,run1_p7,129.98,64.0,,
11327.364,,phi4-mini:3.8b,run1_p8,94.52,54.0,,
11327.893,,phi4-mini:3.8b,run1_p8,80.41,59.0,,
11328.420,,phi4-mini:3.8b,run1_p8,115.79,63.0,,
11328.948,,phi4-mini:3.8b,run1_p8,130.10,64.0,,
11329.474,,phi4-mini:3.8b,run1_p8,130.24,64.0,,
11330.002,,phi4-mini:3.8b,run1_p8,130.06,64.0,,
11330.526,,phi4-mini:3.8b,run1_p8,130.13,64.0,,
11331.059,,phi4-mini:3.8b,run1_p8,130.82,64.0,,
11331.587,,phi4-mini:3.8b,run1_p8,130.87,64.0,,
11332.119,,phi4-mini:3.8b,run1_p9,109.78,64.0,,
11332.657,,phi4-mini:3.8b,run1_p9,102.43,53.0,,
11333.202,,phi4-mini:3.8b,run1_p10,112.19,63.0,,
11333.725,,phi4-mini:3.8b,run1_p10,109.26,54.0,,
11334.250,,phi4-mini:3.8b,run1_p10,110.40,63.0,,
11334.786,,phi4-mini:3.8b,run1_p10,129.84,64.0,,
11335.324,,phi4-mini:3.8b,run1_p10,129.47,63.0,,
11335.847,,phi4-mini:3.8b,run1_p10,129.84,64.0,,
11336.390,,phi4-mini:3.8b,run1_p10,130.38,64.0,,
11336.914,,phi4-mini:3.8b,run1_p10,131.13,64.0,,
11337.469,,phi4-mini:3.8b,run1_p11,94.91,52.0,,
11337.993,,phi4-mini:3.8b,run1_p11,80.11,62.0,,
11338.519,,phi4-mini:3.8b,run1_p11,115.74,64.0,,
11339.044,,phi4-mini:3.8b,run1_p11,130.24,64.0,,
11339.573,,phi4-mini:3.8b,run1_p11,130.82,64.0,,
11340.098,,phi4-mini:3.8b,run1_p11,130.77,64.0,,
11340.626,,phi4-mini:3.8b,run1_p11,130.84,64.0,,
11341.159,,phi4-mini:3.8b,run1_p12,113.83,57.0,,
11341.702,,phi4-mini:3.8b,run1_p12,100.16,62.0,,
11342.242,,phi4-mini:3.8b,run1_p12,117.02,63.0,,
11342.780,,phi4-mini:3.8b,run1_p12,130.34,64.0,,
11343.317,,phi4-mini:3.8b,run1_p12,130.96,64.0,,
11343.857,,phi4-mini:3.8b,run1_p12,130.72,64.0,,
11344.392,,phi4-mini:3.8b,run1_p12,130.41,64.0,,
11344.941,,phi4-mini:3.8b,run1_p13,117.25,64.0,,
11345.465,,phi4-mini:3.8b,run1_p13,107.99,56.0,,
11345.993,,phi4-mini:3.8b,run1_p13,110.90,64.0,,
11346.522,,phi4-mini:3.8b,run1_p13,129.96,63.0,,
11347.053,,phi4-mini:3.8b,run1_p13,129.69,64.0,,
11347.581,,phi4-mini:3.8b,run1_p13,130.21,64.0,,
11348.111,,phi4-mini:3.8b,run1_p13,130.68,64.0,,
11348.638,,phi4-mini:3.8b,run1_p13,130.89,63.0,,
11349.163,,phi4-mini:3.8b,run1_p13,131.05,64.0,,
11349.701,,phi4-mini:3.8b,run1_p14,121.56,65.0,,
11350.228,,phi4-mini:3.8b,run1_p14,108.96,54.0,,
11350.763,,phi4-mini:3.8b,run1_p14,109.86,63.0,,
11351.289,,phi4-mini:3.8b,run1_p14,130.24,64.0,,
11351.825,,phi4-mini:3.8b,run1_p14,131.06,64.0,,
11352.353,,phi4-mini:3.8b,run1_p14,131.32,64.0,,
11352.875,,phi4-mini:3.8b,run1_p14,130.97,64.0,,
11353.399,,phi4-mini:3.8b,run1_p14,131.06,64.0,,
11353.947,,phi4-mini:3.8b,run2_p0,129.81,64.0,,
11354.475,,phi4-mini:3.8b,run2_p0,117.01,63.0,,
11355.020,,phi4-mini:3.8b,run2_p1,118.56,64.0,,
11355.544,,phi4-mini:3.8b,run2_p1,116.41,63.0,,
11356.069,,phi4-mini:3.8b,run2_p1,116.49,64.0,,
11356.611,,phi4-mini:3.8b,run2_p1,131.29,64.0,,
11357.179,,phi4-mini:3.8b,run2_p2,125.87,65.0,,
11357.706,,phi4-mini:3.8b,run2_p2,120.71,63.0,,
11358.231,,phi4-mini:3.8b,run2_p2,120.25,64.0,,
11358.787,,phi4-mini:3.8b,run2_p2,131.31,65.0,,
11359.310,,phi4-mini:3.8b,run2_p2,131.62,65.0,,
11359.840,,phi4-mini:3.8b,run2_p3,98.65,57.0,,
11360.378,,phi4-mini:3.8b,run2_p3,90.08,59.0,,
11360.904,,phi4-mini:3.8b,run2_p3,113.82,63.0,,
11361.429,,phi4-mini:3.8b,run2_p3,129.31,63.0,,
11361.957,,phi4-mini:3.8b,run2_p3,129.32,63.0,,
11362.497,,phi4-mini:3.8b,run2_p4,101.33,56.0,,
11363.021,,phi4-mini:3.8b,run2_p4,87.40,52.0,,
11363.547,,phi4-mini:3.8b,run2_p4,115.94,64.0,,
11364.071,,phi4-mini:3.8b,run2_p4,130.79,64.0,,
11364.594,,phi4-mini:3.8b,run2_p4,131.18,64.0,,
11365.118,,phi4-mini:3.8b,run2_p4,131.22,64.0,,
11365.655,,phi4-mini:3.8b,run2_p5,98.36,64.0,,
11366.179,,phi4-mini:3.8b,run2_p5,87.24,52.0,,
11366.709,,phi4-mini:3.8b,run2_p5,111.92,63.0,,
11367.240,,phi4-mini:3.8b,run2_p6,128.26,64.0,,
11367.765,,phi4-mini:3.8b,run2_p6,113.61,56.0,,
11368.307,,phi4-mini:3.8b,run2_p6,116.23,64.0,,
11368.830,,phi4-mini:3.8b,run2_p6,130.78,64.0,,
11369.363,,phi4-mini:3.8b,run2_p6,130.35,64.0,,
11369.888,,phi4-mini:3.8b,run2_p6,129.80,64.0,,
11370.413,,phi4-mini:3.8b,run2_p6,129.96,64.0,,
11370.938,,phi4-mini:3.8b,run2_p6,129.57,64.0,,
11371.468,,phi4-mini:3.8b,run2_p6,129.53,64.0,,
11371.992,,phi4-mini:3.8b,run2_p6,129.96,64.0,,
11372.516,,phi4-mini:3.8b,run2_p6,130.08,64.0,,
11373.043,,phi4-mini:3.8b,run2_p6,129.67,64.0,,
11373.574,,phi4-mini:3.8b,run2_p7,111.51,56.0,,
11374.105,,phi4-mini:3.8b,run2_p7,101.88,62.0,,
11374.628,,phi4-mini:3.8b,run2_p7,112.15,63.0,,
11375.152,,phi4-mini:3.8b,run2_p7,130.77,64.0,,
11375.682,,phi4-mini:3.8b,run2_p7,131.42,64.0,,
11376.210,,phi4-mini:3.8b,run2_p7,130.87,64.0,,
11376.742,,phi4-mini:3.8b,run2_p7,131.11,65.0,,
11377.280,,phi4-mini:3.8b,run2_p7,131.46,64.0,,
11377.824,,phi4-mini:3.8b,run2_p8,127.93,64.0,,
11378.350,,phi4-mini:3.8b,run2_p8,116.06,62.0,,
11378.875,,phi4-mini:3.8b,run2_p8,116.56,64.0,,
11379.403,,phi4-mini:3.8b,run2_p8,131.50,64.0,,
11379.932,,phi4-mini:3.8b,run2_p8,131.06,65.0,,
11380.458,,phi4-mini:3.8b,run2_p8,131.36,65.0,,
11380.984,,phi4-mini:3.8b,run2_p8,131.66,65.0,,
11381.520,,phi4-mini:3.8b,run2_p9,96.60,54.0,,
11382.066,,phi4-mini:3.8b,run2_p9,83.88,60.0,,
11382.592,,phi4-mini:3.8b,run2_p9,110.85,64.0,,
11383.125,,phi4-mini:3.8b,run2_p10,111.63,64.0,,
11383.649,,phi4-mini:3.8b,run2_p10,103.85,59.0,,
11384.175,,phi4-mini:3.8b,run2_p10,115.07,64.0,,
11384.701,,phi4-mini:3.8b,run2_p10,130.17,63.0,,
11385.225,,phi4-mini:3.8b,run2_p10,129.28,64.0,,
11385.750,,phi4-mini:3.8b,run2_p10,128.96,63.0,,
11386.276,,phi4-mini:3.8b,run2_p10,129.28,64.0,,
11386.826,,phi4-mini:3.8b,run2_p11,118.78,64.0,,
11387.351,,phi4-mini:3.8b,run2_p11,113.64,54.0,,
11387.881,,phi4-mini:3.8b,run2_p11,118.57,64.0,,
11388.407,,phi4-mini:3.8b,run2_p11,132.11,64.0,,
11388.965,,phi4-mini:3.8b,run2_p11,132.23,65.0,,
11389.490,,phi4-mini:3.8b,run2_p11,132.23,64.0,,
11390.016,,phi4-mini:3.8b,run2_p11,132.24,64.0,,
11390.541,,phi4-mini:3.8b,run2_p11,131.32,64.0,,
11391.066,,phi4-mini:3.8b,run2_p11,130.81,65.0,,
11391.592,,phi4-mini:3.8b,run2_p11,130.27,64.0,,
11392.117,,phi4-mini:3.8b,run2_p11,130.14,64.0,,
11392.656,,phi4-mini:3.8b,run2_p12,102.54,53.0,,
11393.232,,phi4-mini:3.8b,run2_p12,87.07,63.0,,
11393.769,,phi4-mini:3.8b,run2_p12,119.04,64.0,,
11394.307,,phi4-mini:3.8b,run2_p12,131.41,64.0,,
11394.846,,phi4-mini:3.8b,run2_p12,132.02,64.0,,
11395.381,,phi4-mini:3.8b,run2_p12,131.89,64.0,,
11395.919,,phi4-mini:3.8b,run2_p12,131.90,64.0,,
11396.455,,phi4-mini:3.8b,run2_p13,112.50,65.0,,
11396.996,,phi4-mini:3.8b,run2_p13,100.43,60.0,,
11397.535,,phi4-mini:3.8b,run2_p13,119.28,64.0,,
11398.076,,phi4-mini:3.8b,run2_p13,131.41,64.0,,
11398.619,,phi4-mini:3.8b,run2_p13,131.95,64.0,,
11399.156,,phi4-mini:3.8b,run2_p13,131.89,64.0,,
11399.694,,phi4-mini:3.8b,run2_p13,131.87,64.0,,
11400.221,,phi4-mini:3.8b,run2_p13,132.13,65.0,,
11400.760,,phi4-mini:3.8b,run2_p13,132.50,64.0,,
11401.301,,phi4-mini:3.8b,run2_p13,132.47,64.0,,
11401.825,,phi4-mini:3.8b,run2_p13,132.04,65.0,,
11402.375,,phi4-mini:3.8b,run2_p13,132.21,65.0,,
11402.914,,phi4-mini:3.8b,run2_p13,132.42,65.0,,
11403.461,,phi4-mini:3.8b,run2_p14,116.14,55.0,,
11403.997,,phi4-mini:3.8b,run2_p14,105.81,63.0,,
11404.533,,phi4-mini:3.8b,run2_p14,112.58,64.0,,
11405.074,,phi4-mini:3.8b,run2_p14,131.57,65.0,,
11405.613,,phi4-mini:3.8b,run2_p14,132.04,65.0,,
11406.151,,phi4-mini:3.8b,run2_p14,132.04,65.0,,
11406.679,,phi4-mini:3.8b,run2_p14,131.99,64.0,,
11407.233,,phi4-mini:3.8b,run3_p0,118.69,65.0,,
11407.757,,phi4-mini:3.8b,run3_p0,110.99,63.0,,
11408.280,,phi4-mini:3.8b,run3_p0,115.49,64.0,,
11408.811,,phi4-mini:3.8b,run3_p0,131.19,64.0,,
11409.340,,phi4-mini:3.8b,run3_p0,131.82,64.0,,
11409.869,,phi4-mini:3.8b,run3_p0,131.64,64.0,,
11410.393,,phi4-mini:3.8b,run3_p0,131.56,65.0,,
11410.920,,phi4-mini:3.8b,run3_p0,131.29,65.0,,
11411.448,,phi4-mini:3.8b,run3_p0,131.72,64.0,,
11411.971,,phi4-mini:3.8b,run3_p0,131.84,65.0,,
11412.496,,phi4-mini:3.8b,run3_p0,131.49,65.0,,
11413.021,,phi4-mini:3.8b,run3_p0,131.68,65.0,,
11413.549,,phi4-mini:3.8b,run3_p0,131.96,65.0,,
11414.074,,phi4-mini:3.8b,run3_p0,131.61,65.0,,
11414.599,,phi4-mini:3.8b,run3_p0,131.53,64.0,,
11415.137,,phi4-mini:3.8b,run3_p0,131.65,64.0,,
11415.662,,phi4-mini:3.8b,run3_p0,131.59,64.0,,
11416.185,,phi4-mini:3.8b,run3_p0,131.67,65.0,,
11416.708,,phi4-mini:3.8b,run3_p0,131.67,65.0,,
11417.233,,phi4-mini:3.8b,run3_p0,131.89,65.0,,
11417.757,,phi4-mini:3.8b,run3_p0,131.82,65.0,,
11418.283,,phi4-mini:3.8b,run3_p0,131.71,64.0,,
11418.807,,phi4-mini:3.8b,run3_p0,131.69,65.0,,
11419.333,,phi4-mini:3.8b,run3_p0,131.54,65.0,,
11419.860,,phi4-mini:3.8b,run3_p0,131.71,64.0,,
11420.384,,phi4-mini:3.8b,run3_p0,131.81,65.0,,
11420.938,,phi4-mini:3.8b,run3_p0,131.67,65.0,,
11421.472,,phi4-mini:3.8b,run3_p0,131.49,65.0,,
11422.001,,phi4-mini:3.8b,run3_p0,130.90,65.0,,
11422.529,,phi4-mini:3.8b,run3_p0,129.92,64.0,,
11423.056,,phi4-mini:3.8b,run3_p0,130.16,65.0,,
11423.587,,phi4-mini:3.8b,run3_p1,125.35,65.0,,
11424.114,,phi4-mini:3.8b,run3_p1,112.17,63.0,,
11424.648,,phi4-mini:3.8b,run3_p1,116.93,64.0,,
11425.188,,phi4-mini:3.8b,run3_p2,113.37,57.0,,
11425.721,,phi4-mini:3.8b,run3_p2,102.37,63.0,,
11426.258,,phi4-mini:3.8b,run3_p3,118.32,64.0,,
11426.787,,phi4-mini:3.8b,run3_p3,118.56,63.0,,
11427.321,,phi4-mini:3.8b,run3_p4,96.23,59.0,,
11427.849,,phi4-mini:3.8b,run3_p4,99.73,61.0,,
11428.373,,phi4-mini:3.8b,run3_p4,113.53,64.0,,
11428.913,,phi4-mini:3.8b,run3_p5,116.16,64.0,,
11429.438,,phi4-mini:3.8b,run3_p5,105.27,61.0,,
11429.963,,phi4-mini:3.8b,run3_p5,111.34,64.0,,
11430.488,,phi4-mini:3.8b,run3_p5,130.94,65.0,,
11431.015,,phi4-mini:3.8b,run3_p6,103.14,65.0,,
11431.541,,phi4-mini:3.8b,run3_p6,94.84,59.0,,
11432.066,,phi4-mini:3.8b,run3_p6,114.66,64.0,,
11432.590,,phi4-mini:3.8b,run3_p6,130.67,64.0,,
11433.115,,phi4-mini:3.8b,run3_p6,131.13,64.0,,
11433.641,,phi4-mini:3.8b,run3_p6,131.16,65.0,,
11434.166,,phi4-mini:3.8b,run3_p6,131.42,64.0,,
11434.692,,phi4-mini:3.8b,run3_p6,130.95,64.0,,
11435.241,,phi4-mini:3.8b,run3_p7,89.19,57.0,,
11435.764,,phi4-mini:3.8b,run3_p7,81.80,52.0,,
11436.291,,phi4-mini:3.8b,run3_p7,115.03,63.0,,
11436.815,,phi4-mini:3.8b,run3_p7,130.53,64.0,,
11437.339,,phi4-mini:3.8b,run3_p7,131.04,64.0,,
11437.866,,phi4-mini:3.8b,run3_p7,130.43,65.0,,
11438.393,,phi4-mini:3.8b,run3_p7,130.39,64.0,,
11438.917,,phi4-mini:3.8b,run3_p7,130.77,64.0,,
11439.469,,phi4-mini:3.8b,run3_p7,131.98,64.0,,
11439.999,,phi4-mini:3.8b,run3_p7,131.95,64.0,,
11440.522,,phi4-mini:3.8b,run3_p7,131.70,65.0,,
11441.049,,phi4-mini:3.8b,run3_p7,131.96,65.0,,
11441.594,,phi4-mini:3.8b,run3_p8,102.32,53.0,,
11442.119,,phi4-mini:3.8b,run3_p8,92.55,63.0,,
11442.645,,phi4-mini:3.8b,run3_p8,110.16,64.0,,
11443.170,,phi4-mini:3.8b,run3_p8,130.79,64.0,,
11443.697,,phi4-mini:3.8b,run3_p8,131.24,64.0,,
11444.222,,phi4-mini:3.8b,run3_p8,131.64,65.0,,
11444.746,,phi4-mini:3.8b,run3_p8,131.74,65.0,,
11445.269,,phi4-mini:3.8b,run3_p8,131.78,64.0,,
11445.793,,phi4-mini:3.8b,run3_p8,132.26,64.0,,
11446.318,,phi4-mini:3.8b,run3_p8,132.36,64.0,,
11446.845,,phi4-mini:3.8b,run3_p8,132.01,64.0,,
11447.369,,phi4-mini:3.8b,run3_p8,131.65,64.0,,
11447.892,,phi4-mini:3.8b,run3_p8,130.88,64.0,,
11448.414,,phi4-mini:3.8b,run3_p8,130.24,64.0,,
11448.941,,phi4-mini:3.8b,run3_p8,130.60,64.0,,
11449.466,,phi4-mini:3.8b,run3_p8,130.83,65.0,,
11450.001,,phi4-mini:3.8b,run3_p9,129.32,64.0,,
11450.527,,phi4-mini:3.8b,run3_p9,119.68,63.0,,
11451.051,,phi4-mini:3.8b,run3_p9,119.95,64.0,,
11451.574,,phi4-mini:3.8b,run3_p9,131.48,65.0,,
11452.099,,phi4-mini:3.8b,run3_p9,131.25,64.0,,
11452.637,,phi4-mini:3.8b,run3_p10,92.67,55.0,,
11453.209,,phi4-mini:3.8b,run3_p10,85.79,59.0,,
11453.736,,phi4-mini:3.8b,run3_p10,115.26,63.0,,
11454.260,,phi4-mini:3.8b,run3_p10,129.79,64.0,,
11454.786,,phi4-mini:3.8b,run3_p10,130.33,64.0,,
11455.313,,phi4-mini:3.8b,run3_p10,130.52,64.0,,
11455.845,,phi4-mini:3.8b,run3_p10,130.56,64.0,,
11456.403,,phi4-mini:3.8b,run3_p11,92.92,60.0,,
11456.934,,phi4-mini:3.8b,run3_p11,82.83,52.0,,
11457.469,,phi4-mini:3.8b,run3_p11,112.77,64.0,,
11458.025,,phi4-mini:3.8b,run3_p11,131.56,64.0,,
11458.563,,phi4-mini:3.8b,run3_p11,131.73,64.0,,
11459.101,,phi4-mini:3.8b,run3_p11,131.21,64.0,,
11459.637,,phi4-mini:3.8b,run3_p11,131.28,64.0,,
11460.163,,phi4-mini:3.8b,run3_p11,131.72,64.0,,
11460.688,,phi4-mini:3.8b,run3_p11,132.01,64.0,,
11461.215,,phi4-mini:3.8b,run3_p11,132.17,65.0,,
11461.742,,phi4-mini:3.8b,run3_p11,132.51,65.0,,
11462.268,,phi4-mini:3.8b,run3_p11,132.43,64.0,,
11462.791,,phi4-mini:3.8b,run3_p11,131.81,64.0,,
11463.342,,phi4-mini:3.8b,run3_p11,131.63,64.0,,
11463.886,,phi4-mini:3.8b,run3_p11,131.54,64.0,,
11464.410,,phi4-mini:3.8b,run3_p11,131.80,65.0,,
11464.979,,phi4-mini:3.8b,run3_p12,96.22,54.0,,
11465.506,,phi4-mini:3.8b,run3_p12,84.81,61.0,,
11466.036,,phi4-mini:3.8b,run3_p12,120.25,64.0,,
11466.564,,phi4-mini:3.8b,run3_p12,131.45,64.0,,
11467.091,,phi4-mini:3.8b,run3_p12,131.73,64.0,,
11467.615,,phi4-mini:3.8b,run3_p12,131.67,64.0,,
11468.139,,phi4-mini:3.8b,run3_p12,131.79,64.0,,
11468.731,,phi4-mini:3.8b,run3_p13,120.64,64.0,,
11469.284,,phi4-mini:3.8b,run3_p13,116.70,55.0,,
11469.807,,phi4-mini:3.8b,run3_p13,118.48,64.0,,
11470.380,,phi4-mini:3.8b,run3_p13,131.54,64.0,,
11470.903,,phi4-mini:3.8b,run3_p13,131.85,64.0,,
11471.426,,phi4-mini:3.8b,run3_p13,131.78,64.0,,
11472.012,,phi4-mini:3.8b,run3_p13,131.77,65.0,,
11472.562,,phi4-mini:3.8b,run3_p13,131.92,65.0,,
11473.097,,phi4-mini:3.8b,run3_p13,132.18,64.0,,
11473.631,,phi4-mini:3.8b,run3_p14,130.81,65.0,,
11474.197,,phi4-mini:3.8b,run3_p14,115.73,63.0,,
11474.730,,phi4-mini:3.8b,run3_p14,116.97,64.0,,
11475.263,,phi4-mini:3.8b,run3_p14,131.61,64.0,,
11475.789,,phi4-mini:3.8b,run3_p14,131.51,65.0,,
11476.339,,phi4-mini:3.8b,run3_p14,132.11,65.0,,
11476.899,,phi4-mini:3.8b,run3_p14,132.07,64.0,,
11477.449,,phi4-mini:3.8b,run3_p14,131.96,64.0,,
11478.012,,phi4-mini:3.8b,run3_p14,132.02,65.0,,
11478.562,,phi4-mini:3.8b,run3_p14,132.02,64.0,,
11508.415,,qwen2.5:3b,idle,16.53,43.0,,
11508.942,,qwen2.5:3b,idle,16.72,43.0,,
11509.474,,qwen2.5:3b,idle,16.88,43.0,,
11510.006,,qwen2.5:3b,idle,17.26,43.0,,
11510.565,,qwen2.5:3b,idle,17.31,43.0,,
11511.095,,qwen2.5:3b,idle,17.07,43.0,,
11511.617,,qwen2.5:3b,idle,24.39,44.0,,
11512.142,,qwen2.5:3b,idle,32.88,44.0,,
11512.668,,qwen2.5:3b,idle,35.55,44.0,,
11513.194,,qwen2.5:3b,idle,35.59,44.0,,
11513.718,,qwen2.5:3b,idle,35.00,44.0,,
11514.240,,qwen2.5:3b,idle,30.20,43.0,,
11514.766,,qwen2.5:3b,idle,23.69,43.0,,
11515.293,,qwen2.5:3b,idle,20.39,43.0,,
11515.820,,qwen2.5:3b,idle,17.99,43.0,,
11516.345,,qwen2.5:3b,idle,17.19,42.0,,
11516.870,,qwen2.5:3b,idle,16.91,42.0,,
11517.399,,qwen2.5:3b,idle,16.85,42.0,,
11517.939,,qwen2.5:3b,idle,17.10,42.0,,
11518.466,,qwen2.5:3b,idle,17.06,42.0,,
11518.997,,qwen2.5:3b,idle,16.60,42.0,,
11519.538,,qwen2.5:3b,idle,16.44,42.0,,
11520.069,,qwen2.5:3b,idle,16.73,42.0,,
11520.609,,qwen2.5:3b,idle,17.20,42.0,,
11521.147,,qwen2.5:3b,idle,16.93,42.0,,
11521.692,,qwen2.5:3b,idle,16.34,42.0,,
11522.222,,qwen2.5:3b,idle,16.26,42.0,,
11522.764,,qwen2.5:3b,idle,16.78,42.0,,
11523.297,,qwen2.5:3b,idle,17.23,42.0,,
11523.829,,qwen2.5:3b,idle,16.77,42.0,,
11524.363,,qwen2.5:3b,idle,16.30,42.0,,
11524.900,,qwen2.5:3b,idle,16.32,42.0,,
11525.427,,qwen2.5:3b,idle,16.98,41.0,,
11526.002,,qwen2.5:3b,idle,16.92,41.0,,
11526.539,,qwen2.5:3b,idle,16.20,41.0,,
11527.079,,qwen2.5:3b,idle,16.09,41.0,,
11527.633,,qwen2.5:3b,idle,16.59,41.0,,
11528.158,,qwen2.5:3b,idle,17.06,41.0,,
11528.696,,qwen2.5:3b,run1_p0,16.58,41.0,,
11529.230,,qwen2.5:3b,run1_p1,23.65,41.0,,
11529.770,,qwen2.5:3b,run1_p2,44.44,45.0,,
11530.294,,qwen2.5:3b,run1_p2,79.92,53.0,,
11530.823,,qwen2.5:3b,run1_p2,109.18,55.0,,
11531.359,,qwen2.5:3b,run1_p2,121.92,56.0,,
11531.904,,qwen2.5:3b,run1_p3,102.27,52.0,,
11532.433,,qwen2.5:3b,run1_p4,75.56,53.0,,
11532.966,,qwen2.5:3b,run1_p5,63.57,52.0,,
11533.495,,qwen2.5:3b,run1_p5,84.01,52.0,,
11534.039,,qwen2.5:3b,run1_p6,78.19,50.0,,
11534.567,,qwen2.5:3b,run1_p6,82.89,50.0,,
11535.093,,qwen2.5:3b,run1_p6,105.09,56.0,,
11535.621,,qwen2.5:3b,run1_p6,120.88,57.0,,
11536.150,,qwen2.5:3b,run1_p6,121.59,57.0,,
11536.677,,qwen2.5:3b,run1_p6,122.00,57.0,,
11537.217,,qwen2.5:3b,run1_p6,122.29,57.0,,
11537.745,,qwen2.5:3b,run1_p6,122.28,58.0,,
11538.285,,qwen2.5:3b,run1_p6,122.23,58.0,,
11538.810,,qwen2.5:3b,run1_p6,122.47,58.0,,
11539.341,,qwen2.5:3b,run1_p6,122.80,58.0,,
11539.867,,qwen2.5:3b,run1_p6,122.86,58.0,,
11540.414,,qwen2.5:3b,run1_p6,122.92,59.0,,
11540.950,,qwen2.5:3b,run1_p6,123.29,59.0,,
11541.521,,qwen2.5:3b,run1_p7,96.32,50.0,,
11542.050,,qwen2.5:3b,run1_p7,93.68,58.0,,
11542.574,,qwen2.5:3b,run1_p7,110.11,59.0,,
11543.097,,qwen2.5:3b,run1_p7,121.81,59.0,,
11543.628,,qwen2.5:3b,run1_p7,122.40,60.0,,
11544.154,,qwen2.5:3b,run1_p7,123.67,60.0,,
11544.679,,qwen2.5:3b,run1_p7,124.76,60.0,,
11545.218,,qwen2.5:3b,run1_p7,124.65,60.0,,
11545.758,,qwen2.5:3b,run1_p7,124.78,60.0,,
11546.304,,qwen2.5:3b,run1_p8,99.86,53.0,,
11546.834,,qwen2.5:3b,run1_p8,89.68,57.0,,
11547.361,,qwen2.5:3b,run1_p8,106.67,60.0,,
11547.888,,qwen2.5:3b,run1_p8,123.89,60.0,,
11548.411,,qwen2.5:3b,run1_p8,123.88,61.0,,
11548.939,,qwen2.5:3b,run1_p8,124.58,61.0,,
11549.469,,qwen2.5:3b,run1_p8,125.50,60.0,,
11549.998,,qwen2.5:3b,run1_p8,125.25,60.0,,
11550.531,,qwen2.5:3b,run1_p8,125.04,61.0,,
11551.057,,qwen2.5:3b,run1_p8,125.19,61.0,,
11551.604,,qwen2.5:3b,run1_p9,87.67,55.0,,
11552.126,,qwen2.5:3b,run1_p9,81.90,50.0,,
11552.652,,qwen2.5:3b,run1_p9,111.19,60.0,,
11553.179,,qwen2.5:3b,run1_p9,123.67,61.0,,
11553.706,,qwen2.5:3b,run1_p9,124.43,61.0,,
11554.249,,qwen2.5:3b,run1_p10,100.00,62.0,,
11554.774,,qwen2.5:3b,run1_p10,89.21,50.0,,
11555.305,,qwen2.5:3b,run1_p10,113.52,60.0,,
11555.845,,qwen2.5:3b,run1_p10,124.21,62.0,,
11556.376,,qwen2.5:3b,run1_p10,124.35,62.0,,
11556.918,,qwen2.5:3b,run1_p10,124.35,62.0,,
11557.446,,qwen2.5:3b,run1_p10,124.94,62.0,,
11557.970,,qwen2.5:3b,run1_p10,125.37,62.0,,
11558.496,,qwen2.5:3b,run1_p10,125.12,62.0,,
11559.021,,qwen2.5:3b,run1_p10,125.34,62.0,,
11559.564,,qwen2.5:3b,run1_p11,101.54,53.0,,
11560.089,,qwen2.5:3b,run1_p11,93.96,61.0,,
11560.621,,qwen2.5:3b,run1_p11,110.06,62.0,,
11561.147,,qwen2.5:3b,run1_p11,125.22,62.0,,
11561.675,,qwen2.5:3b,run1_p11,125.91,62.0,,
11562.198,,qwen2.5:3b,run1_p11,125.99,62.0,,
11562.723,,qwen2.5:3b,run1_p11,126.21,63.0,,
11563.247,,qwen2.5:3b,run1_p11,126.91,63.0,,
11563.774,,qwen2.5:3b,run1_p11,127.33,63.0,,
11564.301,,qwen2.5:3b,run1_p11,127.53,62.0,,
11564.824,,qwen2.5:3b,run1_p11,127.54,63.0,,
11565.351,,qwen2.5:3b,run1_p11,127.74,63.0,,
11565.878,,qwen2.5:3b,run1_p11,128.05,63.0,,
11566.401,,qwen2.5:3b,run1_p11,127.91,63.0,,
11566.926,,qwen2.5:3b,run1_p11,127.50,63.0,,
11567.450,,qwen2.5:3b,run1_p11,127.41,63.0,,
11567.989,,qwen2.5:3b,run1_p12,92.26,55.0,,
11568.517,,qwen2.5:3b,run1_p12,84.82,58.0,,
11569.041,,qwen2.5:3b,run1_p12,111.72,62.0,,
11569.564,,qwen2.5:3b,run1_p12,126.75,63.0,,
11570.091,,qwen2.5:3b,run1_p12,127.45,63.0,,
11570.614,,qwen2.5:3b,run1_p12,127.41,63.0,,
11571.140,,qwen2.5:3b,run1_p12,127.68,63.0,,
11571.663,,qwen2.5:3b,run1_p12,128.17,63.0,,
11572.197,,qwen2.5:3b,run1_p13,101.23,63.0,,
11572.721,,qwen2.5:3b,run1_p13,94.15,52.0,,
11573.244,,qwen2.5:3b,run1_p13,112.31,62.0,,
11573.769,,qwen2.5:3b,run1_p13,126.04,63.0,,
11574.296,,qwen2.5:3b,run1_p13,126.35,63.0,,
11574.854,,qwen2.5:3b,run1_p13,126.52,63.0,,
11575.416,,qwen2.5:3b,run1_p13,126.17,63.0,,
11575.941,,qwen2.5:3b,run1_p13,126.28,63.0,,
11576.478,,qwen2.5:3b,run1_p13,127.10,63.0,,
11577.001,,qwen2.5:3b,run1_p13,127.38,63.0,,
11577.533,,qwen2.5:3b,run1_p14,95.88,52.0,,
11578.058,,qwen2.5:3b,run1_p14,82.93,61.0,,
11578.597,,qwen2.5:3b,run1_p14,114.15,63.0,,
11579.146,,qwen2.5:3b,run1_p14,127.15,63.0,,
11579.677,,qwen2.5:3b,run1_p14,127.40,63.0,,
11580.204,,qwen2.5:3b,run1_p14,127.49,63.0,,
11580.731,,qwen2.5:3b,run1_p14,127.80,63.0,,
11581.268,,qwen2.5:3b,run1_p14,127.90,63.0,,
11581.806,,qwen2.5:3b,run1_p14,128.05,63.0,,
11582.351,,qwen2.5:3b,run1_p14,128.00,64.0,,
11582.887,,qwen2.5:3b,run1_p14,128.06,63.0,,
11583.425,,qwen2.5:3b,run1_p14,128.46,63.0,,
11583.956,,qwen2.5:3b,run1_p14,128.58,63.0,,
11584.487,,qwen2.5:3b,run1_p14,128.49,64.0,,
11585.016,,qwen2.5:3b,run1_p14,128.53,63.0,,
11585.547,,qwen2.5:3b,run1_p14,128.26,64.0,,
11586.079,,qwen2.5:3b,run2_p0,118.35,64.0,,
11586.619,,qwen2.5:3b,run2_p1,77.89,53.0,,
11587.151,,qwen2.5:3b,run2_p2,59.29,52.0,,
11587.717,,qwen2.5:3b,run2_p2,83.79,52.0,,
11588.244,,qwen2.5:3b,run2_p2,111.48,62.0,,
11588.781,,qwen2.5:3b,run2_p3,89.88,63.0,,
11589.309,,qwen2.5:3b,run2_p4,81.79,62.0,,
11589.871,,qwen2.5:3b,run2_p5,85.62,62.0,,
11590.402,,qwen2.5:3b,run2_p6,90.66,61.0,,
11590.929,,qwen2.5:3b,run2_p6,106.55,61.0,,
11591.452,,qwen2.5:3b,run2_p6,115.59,63.0,,
11591.975,,qwen2.5:3b,run2_p6,126.36,63.0,,
11592.500,,qwen2.5:3b,run2_p6,126.87,63.0,,
11593.027,,qwen2.5:3b,run2_p6,126.69,63.0,,
11593.552,,qwen2.5:3b,run2_p6,126.96,63.0,,
11594.080,,qwen2.5:3b,run2_p6,127.33,63.0,,
11594.606,,qwen2.5:3b,run2_p6,127.03,63.0,,
11595.135,,qwen2.5:3b,run2_p6,127.05,63.0,,
11595.662,,qwen2.5:3b,run2_p6,127.34,63.0,,
11596.193,,qwen2.5:3b,run2_p6,127.41,64.0,,
11596.722,,qwen2.5:3b,run2_p6,127.51,63.0,,
11597.253,,qwen2.5:3b,run2_p6,127.42,63.0,,
11597.785,,qwen2.5:3b,run2_p6,126.65,63.0,,
11598.321,,qwen2.5:3b,run2_p6,126.25,63.0,,
11598.858,,qwen2.5:3b,run2_p6,125.93,63.0,,
11599.393,,qwen2.5:3b,run2_p7,106.32,63.0,,
11599.919,,qwen2.5:3b,run2_p7,99.03,58.0,,
11600.446,,qwen2.5:3b,run2_p7,110.63,63.0,,
11600.969,,qwen2.5:3b,run2_p7,125.79,63.0,,
11601.495,,qwen2.5:3b,run2_p7,125.96,63.0,,
11602.020,,qwen2.5:3b,run2_p7,125.95,63.0,,
11602.544,,qwen2.5:3b,run2_p7,126.61,63.0,,
11603.069,,qwen2.5:3b,run2_p7,127.61,63.0,,
11603.596,,qwen2.5:3b,run2_p7,127.94,63.0,,
11604.123,,qwen2.5:3b,run2_p8,99.19,64.0,,
11604.649,,qwen2.5:3b,run2_p8,91.10,52.0,,
11605.181,,qwen2.5:3b,run2_p8,111.15,63.0,,
11605.710,,qwen2.5:3b,run2_p8,126.04,63.0,,
11606.242,,qwen2.5:3b,run2_p8,126.13,63.0,,
11606.772,,qwen2.5:3b,run2_p8,126.09,63.0,,
11607.303,,qwen2.5:3b,run2_p8,126.18,63.0,,
11607.828,,qwen2.5:3b,run2_p8,126.31,63.0,,
11608.364,,qwen2.5:3b,run2_p8,126.74,64.0,,
11608.894,,qwen2.5:3b,run2_p8,127.24,64.0,,
11609.443,,qwen2.5:3b,run2_p8,127.62,64.0,,
11609.972,,qwen2.5:3b,run2_p8,128.19,64.0,,
11610.500,,qwen2.5:3b,run2_p8,127.84,64.0,,
11611.051,,qwen2.5:3b,run2_p9,88.83,53.0,,
11611.596,,qwen2.5:3b,run2_p9,80.00,62.0,,
11612.123,,qwen2.5:3b,run2_p9,110.28,63.0,,
11612.648,,qwen2.5:3b,run2_p10,123.92,64.0,,
11613.171,,qwen2.5:3b,run2_p10,118.94,62.0,,
11613.696,,qwen2.5:3b,run2_p10,118.05,63.0,,
11614.223,,qwen2.5:3b,run2_p10,125.76,64.0,,
11614.753,,qwen2.5:3b,run2_p10,126.35,63.0,,
11615.283,,qwen2.5:3b,run2_p10,126.74,63.0,,
11615.810,,qwen2.5:3b,run2_p10,126.67,64.0,,
11616.337,,qwen2.5:3b,run2_p10,127.09,64.0,,
11616.863,,qwen2.5:3b,run2_p10,127.10,64.0,,
11617.388,,qwen2.5:3b,run2_p10,126.32,63.0,,
11617.926,,qwen2.5:3b,run2_p11,90.80,55.0,,
11618.458,,qwen2.5:3b,run2_p11,83.79,58.0,,
11618.984,,qwen2.5:3b,run2_p11,111.56,63.0,,
11619.511,,qwen2.5:3b,run2_p11,127.11,63.0,,
11620.039,,qwen2.5:3b,run2_p11,127.85,63.0,,
11620.575,,qwen2.5:3b,run2_p11,127.12,64.0,,
11621.100,,qwen2.5:3b,run2_p11,127.24,64.0,,
11621.625,,qwen2.5:3b,run2_p11,127.70,64.0,,
11622.149,,qwen2.5:3b,run2_p11,127.92,64.0,,
11622.678,,qwen2.5:3b,run2_p11,127.96,64.0,,
11623.203,,qwen2.5:3b,run2_p11,127.99,63.0,,
11623.727,,qwen2.5:3b,run2_p11,127.85,63.0,,
11624.253,,qwen2.5:3b,run2_p11,128.35,64.0,,
11624.781,,qwen2.5:3b,run2_p11,128.99,64.0,,
11625.307,,qwen2.5:3b,run2_p11,129.35,64.0,,
11625.831,,qwen2.5:3b,run2_p11,129.01,64.0,,
11626.355,,qwen2.5:3b,run2_p11,128.49,64.0,,
11626.900,,qwen2.5:3b,run2_p12,103.90,64.0,,
11627.426,,qwen2.5:3b,run2_p12,95.59,63.0,,
11627.976,,qwen2.5:3b,run2_p12,111.57,64.0,,
11628.500,,qwen2.5:3b,run2_p12,126.63,63.0,,
11629.023,,qwen2.5:3b,run2_p12,126.67,64.0,,
11629.547,,qwen2.5:3b,run2_p12,127.15,64.0,,
11630.070,,qwen2.5:3b,run2_p12,128.02,64.0,,
11630.598,,qwen2.5:3b,run2_p12,128.52,64.0,,
11631.134,,qwen2.5:3b,run2_p13,94.77,53.0,,
11631.657,,qwen2.5:3b,run2_p13,85.25,62.0,,
11632.182,,qwen2.5:3b,run2_p13,110.32,63.0,,
11632.704,,qwen2.5:3b,run2_p13,126.78,64.0,,
11633.227,,qwen2.5:3b,run2_p13,127.08,63.0,,
11633.750,,qwen2.5:3b,run2_p13,127.45,63.0,,
11634.274,,qwen2.5:3b,run2_p13,127.45,64.0,,
11634.796,,qwen2.5:3b,run2_p13,127.45,64.0,,
11635.320,,qwen2.5:3b,run2_p13,127.77,64.0,,
11635.849,,qwen2.5:3b,run2_p14,101.40,56.0,,
11636.402,,qwen2.5:3b,run2_p14,93.27,61.0,,
11636.924,,qwen2.5:3b,run2_p14,111.79,63.0,,
11637.449,,qwen2.5:3b,run2_p14,127.71,64.0,,
11637.974,,qwen2.5:3b,run2_p14,128.25,63.0,,
11638.498,,qwen2.5:3b,run2_p14,128.40,64.0,,
11639.025,,qwen2.5:3b,run2_p14,127.61,63.0,,
11639.548,,qwen2.5:3b,run2_p14,127.61,64.0,,
11640.072,,qwen2.5:3b,run2_p14,128.23,64.0,,
11640.597,,qwen2.5:3b,run2_p14,128.90,64.0,,
11641.126,,qwen2.5:3b,run2_p14,128.82,64.0,,
11641.649,,qwen2.5:3b,run2_p14,128.91,64.0,,
11642.172,,qwen2.5:3b,run2_p14,129.01,64.0,,
11642.701,,qwen2.5:3b,run2_p14,128.99,64.0,,
11643.224,,qwen2.5:3b,run2_p14,128.79,64.0,,
11643.748,,qwen2.5:3b,run2_p14,128.86,64.0,,
11644.296,,qwen2.5:3b,run3_p0,125.51,64.0,,
11644.831,,qwen2.5:3b,run3_p1,92.70,56.0,,
11645.388,,qwen2.5:3b,run3_p2,64.17,52.0,,
11645.912,,qwen2.5:3b,run3_p2,88.36,52.0,,
11646.461,,qwen2.5:3b,run3_p3,108.08,63.0,,
11646.985,,qwen2.5:3b,run3_p3,111.50,63.0,,
11647.540,,qwen2.5:3b,run3_p3,113.42,63.0,,
11648.062,,qwen2.5:3b,run3_p3,128.02,63.0,,
11648.590,,qwen2.5:3b,run3_p4,120.20,63.0,,
11649.122,,qwen2.5:3b,run3_p5,111.12,63.0,,
11649.687,,qwen2.5:3b,run3_p6,102.41,63.0,,
11650.210,,qwen2.5:3b,run3_p6,108.30,63.0,,
11650.738,,qwen2.5:3b,run3_p6,118.11,63.0,,
11651.283,,qwen2.5:3b,run3_p6,128.08,64.0,,
11651.806,,qwen2.5:3b,run3_p6,128.10,64.0,,
11652.330,,qwen2.5:3b,run3_p6,128.23,64.0,,
11652.855,,qwen2.5:3b,run3_p6,128.46,64.0,,
11653.378,,qwen2.5:3b,run3_p6,128.68,64.0,,
11653.908,,qwen2.5:3b,run3_p6,128.80,64.0,,
11654.433,,qwen2.5:3b,run3_p6,128.85,64.0,,
11654.958,,qwen2.5:3b,run3_p6,127.90,64.0,,
11655.487,,qwen2.5:3b,run3_p6,128.02,64.0,,
11656.012,,qwen2.5:3b,run3_p6,128.56,64.0,,
11656.539,,qwen2.5:3b,run3_p6,128.61,64.0,,
11657.067,,qwen2.5:3b,run3_p7,119.96,64.0,,
11657.619,,qwen2.5:3b,run3_p7,111.83,62.0,,
11658.142,,qwen2.5:3b,run3_p7,110.93,63.0,,
11658.672,,qwen2.5:3b,run3_p7,126.74,63.0,,
11659.201,,qwen2.5:3b,run3_p7,127.25,64.0,,
11659.725,,qwen2.5:3b,run3_p7,127.49,64.0,,
11660.251,,qwen2.5:3b,run3_p7,127.89,64.0,,
11660.777,,qwen2.5:3b,run3_p7,128.18,64.0,,
11661.302,,qwen2.5:3b,run3_p7,128.21,64.0,,
11661.836,,qwen2.5:3b,run3_p8,98.15,58.0,,
11662.360,,qwen2.5:3b,run3_p8,85.36,52.0,,
11662.887,,qwen2.5:3b,run3_p8,114.46,63.0,,
11663.411,,qwen2.5:3b,run3_p8,126.22,63.0,,
11663.936,,qwen2.5:3b,run3_p8,126.39,63.0,,
11664.461,,qwen2.5:3b,run3_p8,126.82,64.0,,
11665.000,,qwen2.5:3b,run3_p8,127.14,63.0,,
11665.526,,qwen2.5:3b,run3_p8,127.08,64.0,,
11666.064,,qwen2.5:3b,run3_p8,127.21,64.0,,
11666.588,,qwen2.5:3b,run3_p8,127.37,64.0,,
11667.113,,qwen2.5:3b,run3_p8,127.61,64.0,,
11667.636,,qwen2.5:3b,run3_p8,128.00,64.0,,
11668.162,,qwen2.5:3b,run3_p8,128.04,64.0,,
11668.690,,qwen2.5:3b,run3_p9,119.16,57.0,,
11669.214,,qwen2.5:3b,run3_p9,110.55,63.0,,
11669.740,,qwen2.5:3b,run3_p9,111.06,63.0,,
11670.265,,qwen2.5:3b,run3_p9,126.80,64.0,,
11670.790,,qwen2.5:3b,run3_p9,127.54,63.0,,
11671.332,,qwen2.5:3b,run3_p10,102.73,54.0,,
11671.858,,qwen2.5:3b,run3_p10,97.41,62.0,,
11672.383,,qwen2.5:3b,run3_p10,114.74,64.0,,
11672.908,,qwen2.5:3b,run3_p10,126.93,64.0,,
11673.437,,qwen2.5:3b,run3_p10,127.25,63.0,,
11673.962,,qwen2.5:3b,run3_p10,127.03,64.0,,
11674.490,,qwen2.5:3b,run3_p10,126.93,64.0,,
11675.018,,qwen2.5:3b,run3_p10,127.32,64.0,,
11675.550,,qwen2.5:3b,run3_p10,127.39,64.0,,
11676.080,,qwen2.5:3b,run3_p10,127.13,64.0,,
11676.623,,qwen2.5:3b,run3_p10,127.00,63.0,,
11677.151,,qwen2.5:3b,run3_p10,127.11,64.0,,
11677.677,,qwen2.5:3b,run3_p10,127.50,64.0,,
11678.212,,qwen2.5:3b,run3_p11,99.65,56.0,,
11678.738,,qwen2.5:3b,run3_p11,87.75,60.0,,
11679.263,,qwen2.5:3b,run3_p11,115.55,63.0,,
11679.788,,qwen2.5:3b,run3_p11,127.28,64.0,,
11680.319,,qwen2.5:3b,run3_p11,127.35,64.0,,
11680.858,,qwen2.5:3b,run3_p11,127.28,63.0,,
11681.398,,qwen2.5:3b,run3_p11,127.87,64.0,,
11681.953,,qwen2.5:3b,run3_p11,128.20,64.0,,
11682.492,,qwen2.5:3b,run3_p11,128.17,64.0,,
11683.021,,qwen2.5:3b,run3_p11,128.26,64.0,,
11683.570,,qwen2.5:3b,run3_p11,128.51,64.0,,
11684.095,,qwen2.5:3b,run3_p11,128.62,64.0,,
11684.633,,qwen2.5:3b,run3_p11,128.75,64.0,,
11685.158,,qwen2.5:3b,run3_p11,128.94,64.0,,
11685.684,,qwen2.5:3b,run3_p11,128.54,64.0,,
11686.211,,qwen2.5:3b,run3_p11,128.36,64.0,,
11686.736,,qwen2.5:3b,run3_p11,128.50,65.0,,
11687.261,,qwen2.5:3b,run3_p11,128.86,64.0,,
11687.793,,qwen2.5:3b,run3_p12,101.39,54.0,,
11688.325,,qwen2.5:3b,run3_p12,95.03,62.0,,
11688.852,,qwen2.5:3b,run3_p12,113.94,64.0,,
11689.381,,qwen2.5:3b,run3_p12,126.61,64.0,,
11689.910,,qwen2.5:3b,run3_p12,127.14,64.0,,
11690.435,,qwen2.5:3b,run3_p12,127.82,64.0,,
11690.961,,qwen2.5:3b,run3_p12,127.76,64.0,,
11691.489,,qwen2.5:3b,run3_p12,127.74,64.0,,
11692.017,,qwen2.5:3b,run3_p13,100.00,56.0,,
11692.542,,qwen2.5:3b,run3_p13,93.48,61.0,,
11693.066,,qwen2.5:3b,run3_p13,113.11,63.0,,
11693.590,,qwen2.5:3b,run3_p13,127.54,64.0,,
11694.114,,qwen2.5:3b,run3_p13,127.92,64.0,,
11694.639,,qwen2.5:3b,run3_p13,127.94,64.0,,
11695.165,,qwen2.5:3b,run3_p13,128.27,64.0,,
11695.690,,qwen2.5:3b,run3_p13,128.51,64.0,,
11696.214,,qwen2.5:3b,run3_p13,128.66,64.0,,
11696.741,,qwen2.5:3b,run3_p13,128.66,64.0,,
11697.322,,qwen2.5:3b,run3_p14,115.86,64.0,,
11697.846,,qwen2.5:3b,run3_p14,109.40,61.0,,
11698.386,,qwen2.5:3b,run3_p14,114.26,63.0,,
11698.925,,qwen2.5:3b,run3_p14,128.31,64.0,,
11699.455,,qwen2.5:3b,run3_p14,128.38,64.0,,
11700.029,,qwen2.5:3b,run3_p14,128.42,64.0,,
11700.576,,qwen2.5:3b,run3_p14,128.38,63.0,,
11701.100,,qwen2.5:3b,run3_p14,128.08,64.0,,
11701.627,,qwen2.5:3b,run3_p14,127.85,64.0,,
11702.155,,qwen2.5:3b,run3_p14,128.01,64.0,,
11702.682,,qwen2.5:3b,run3_p14,128.16,64.0,,
11703.212,,qwen2.5:3b,run3_p14,128.47,64.0,,
11703.736,,qwen2.5:3b,run3_p14,128.69,64.0,,
11704.258,,qwen2.5:3b,run3_p14,129.04,65.0,,
11704.786,,qwen2.5:3b,run3_p14,129.01,64.0,,
11820.566,,qwen3.5:2b,idle,16.88,46.0,,
11821.147,,qwen3.5:2b,idle,16.57,46.0,,
11821.697,,qwen3.5:2b,idle,16.92,46.0,,
11822.258,,qwen3.5:2b,idle,17.44,46.0,,
11822.786,,qwen3.5:2b,idle,17.18,46.0,,
11823.340,,qwen3.5:2b,idle,16.59,46.0,,
11823.909,,qwen3.5:2b,idle,16.73,46.0,,
11824.435,,qwen3.5:2b,idle,17.46,46.0,,
11824.966,,qwen3.5:2b,idle,17.43,46.0,,
11825.495,,qwen3.5:2b,idle,16.94,46.0,,
11826.022,,qwen3.5:2b,idle,16.90,46.0,,
11826.558,,qwen3.5:2b,idle,17.14,46.0,,
11827.087,,qwen3.5:2b,idle,17.27,46.0,,
11827.616,,qwen3.5:2b,idle,16.90,46.0,,
11828.150,,qwen3.5:2b,idle,16.73,46.0,,
11828.678,,qwen3.5:2b,idle,17.17,46.0,,
11829.208,,qwen3.5:2b,idle,17.53,46.0,,
11829.746,,qwen3.5:2b,idle,17.25,46.0,,
11830.279,,qwen3.5:2b,idle,16.74,46.0,,
11830.814,,qwen3.5:2b,idle,16.76,46.0,,
11831.348,,qwen3.5:2b,idle,16.96,46.0,,
11831.882,,qwen3.5:2b,idle,17.14,46.0,,
11832.409,,qwen3.5:2b,idle,16.64,46.0,,
11832.935,,qwen3.5:2b,idle,16.62,46.0,,
11833.463,,qwen3.5:2b,idle,17.19,46.0,,
11833.991,,qwen3.5:2b,idle,17.56,46.0,,
11834.522,,qwen3.5:2b,idle,16.90,46.0,,
11835.081,,qwen3.5:2b,idle,16.45,46.0,,
11835.613,,qwen3.5:2b,idle,16.50,46.0,,
11836.141,,qwen3.5:2b,idle,17.08,46.0,,
11836.664,,qwen3.5:2b,idle,17.33,46.0,,
11837.189,,qwen3.5:2b,idle,16.65,46.0,,
11837.718,,qwen3.5:2b,idle,16.17,46.0,,
11838.256,,qwen3.5:2b,idle,16.56,46.0,,
11838.782,,qwen3.5:2b,idle,17.18,46.0,,
11839.312,,qwen3.5:2b,idle,17.38,46.0,,
11839.843,,qwen3.5:2b,idle,16.91,46.0,,
11840.372,,qwen3.5:2b,idle,16.64,46.0,,
11840.923,,qwen3.5:2b,run1_p0,16.75,46.0,,
11841.450,,qwen3.5:2b,run1_p0,27.68,46.0,,
11841.977,,qwen3.5:2b,run1_p0,66.61,54.0,,
11842.501,,qwen3.5:2b,run1_p0,101.58,57.0,,
11843.026,,qwen3.5:2b,run1_p0,103.43,57.0,,
11843.554,,qwen3.5:2b,run1_p0,103.77,58.0,,
11844.096,,qwen3.5:2b,run1_p1,88.10,58.0,,
11844.622,,qwen3.5:2b,run1_p1,80.01,51.0,,
11845.146,,qwen3.5:2b,run1_p1,90.14,58.0,,
11845.675,,qwen3.5:2b,run1_p1,104.07,58.0,,
11846.198,,qwen3.5:2b,run1_p1,104.07,59.0,,
11846.725,,qwen3.5:2b,run1_p1,104.32,59.0,,
11847.249,,qwen3.5:2b,run1_p1,104.63,59.0,,
11847.774,,qwen3.5:2b,run1_p1,104.69,59.0,,
11848.300,,qwen3.5:2b,run1_p1,104.97,60.0,,
11848.871,,qwen3.5:2b,run1_p1,105.19,60.0,,
11849.400,,qwen3.5:2b,run1_p1,105.57,60.0,,
11849.945,,qwen3.5:2b,run1_p1,105.20,59.0,,
11850.472,,qwen3.5:2b,run1_p1,105.18,61.0,,
11850.997,,qwen3.5:2b,run1_p1,105.66,61.0,,
11851.556,,qwen3.5:2b,run1_p1,105.92,61.0,,
11852.081,,qwen3.5:2b,run1_p1,105.96,61.0,,
11852.609,,qwen3.5:2b,run1_p1,105.82,61.0,,
11853.137,,qwen3.5:2b,run1_p1,106.02,61.0,,
11853.665,,qwen3.5:2b,run1_p1,105.83,61.0,,
11854.196,,qwen3.5:2b,run1_p1,105.88,61.0,,
11854.730,,qwen3.5:2b,run1_p1,106.07,61.0,,
11855.254,,qwen3.5:2b,run1_p1,105.95,61.0,,
11855.789,,qwen3.5:2b,run1_p1,105.67,61.0,,
11856.316,,qwen3.5:2b,run1_p1,105.85,61.0,,
11856.841,,qwen3.5:2b,run1_p1,106.32,61.0,,
11857.365,,qwen3.5:2b,run1_p1,106.50,61.0,,
11857.891,,qwen3.5:2b,run1_p1,106.76,61.0,,
11858.417,,qwen3.5:2b,run1_p1,106.54,60.0,,
11858.944,,qwen3.5:2b,run1_p1,106.59,61.0,,
11859.470,,qwen3.5:2b,run1_p1,106.46,61.0,,
11859.999,,qwen3.5:2b,run1_p1,106.53,61.0,,
11860.525,,qwen3.5:2b,run1_p1,106.53,61.0,,
11861.067,,qwen3.5:2b,run1_p1,106.29,61.0,,
11861.592,,qwen3.5:2b,run1_p1,106.31,61.0,,
11862.115,,qwen3.5:2b,run1_p1,106.59,61.0,,
11862.649,,qwen3.5:2b,run1_p1,106.41,61.0,,
11863.181,,qwen3.5:2b,run1_p1,106.60,61.0,,
11863.708,,qwen3.5:2b,run1_p1,106.86,61.0,,
11864.232,,qwen3.5:2b,run1_p1,106.33,61.0,,
11864.757,,qwen3.5:2b,run1_p1,106.24,61.0,,
11865.285,,qwen3.5:2b,run1_p1,106.54,61.0,,
11865.812,,qwen3.5:2b,run1_p1,106.45,61.0,,
11866.336,,qwen3.5:2b,run1_p1,106.59,61.0,,
11866.862,,qwen3.5:2b,run1_p1,106.46,61.0,,
11867.390,,qwen3.5:2b,run1_p1,106.32,61.0,,
11867.922,,qwen3.5:2b,run1_p1,106.35,60.0,,
11868.456,,qwen3.5:2b,run1_p2,87.64,54.0,,
11868.988,,qwen3.5:2b,run1_p2,72.04,59.0,,
11869.511,,qwen3.5:2b,run1_p2,90.79,60.0,,
11870.051,,qwen3.5:2b,run1_p2,105.36,60.0,,
11870.577,,qwen3.5:2b,run1_p2,105.07,60.0,,
11871.106,,qwen3.5:2b,run1_p2,105.35,60.0,,
11871.634,,qwen3.5:2b,run1_p2,105.22,60.0,,
11872.171,,qwen3.5:2b,run1_p2,105.60,60.0,,
11872.701,,qwen3.5:2b,run1_p2,105.87,60.0,,
11873.239,,qwen3.5:2b,run1_p3,105.89,60.0,,
11873.810,,qwen3.5:2b,run1_p3,96.41,58.0,,
11874.335,,qwen3.5:2b,run1_p3,96.44,60.0,,
11874.860,,qwen3.5:2b,run1_p3,106.05,60.0,,
11875.385,,qwen3.5:2b,run1_p3,106.00,60.0,,
11875.907,,qwen3.5:2b,run1_p3,105.97,60.0,,
11876.435,,qwen3.5:2b,run1_p3,105.46,60.0,,
11876.958,,qwen3.5:2b,run1_p3,105.75,60.0,,
11877.486,,qwen3.5:2b,run1_p3,105.99,59.0,,
11878.011,,qwen3.5:2b,run1_p3,106.00,60.0,,
11878.535,,qwen3.5:2b,run1_p3,105.98,60.0,,
11879.058,,qwen3.5:2b,run1_p3,105.87,60.0,,
11879.583,,qwen3.5:2b,run1_p3,105.83,60.0,,
11880.107,,qwen3.5:2b,run1_p3,105.72,60.0,,
11880.634,,qwen3.5:2b,run1_p4,89.73,60.0,,
11881.165,,qwen3.5:2b,run1_p4,80.13,53.0,,
11881.692,,qwen3.5:2b,run1_p4,89.89,59.0,,
11882.215,,qwen3.5:2b,run1_p4,105.75,60.0,,
11882.739,,qwen3.5:2b,run1_p4,105.71,59.0,,
11883.264,,qwen3.5:2b,run1_p4,105.62,60.0,,
11883.805,,qwen3.5:2b,run1_p5,101.27,60.0,,
11884.330,,qwen3.5:2b,run1_p5,93.37,57.0,,
11884.860,,qwen3.5:2b,run1_p5,93.64,59.0,,
11885.458,,qwen3.5:2b,run1_p5,106.21,60.0,,
11885.996,,qwen3.5:2b,run1_p5,106.55,60.0,,
11886.523,,qwen3.5:2b,run1_p5,106.13,59.0,,
11887.060,,qwen3.5:2b,run1_p5,105.76,59.0,,
11887.593,,qwen3.5:2b,run1_p5,105.85,60.0,,
11888.118,,qwen3.5:2b,run1_p5,106.43,60.0,,
11888.705,,qwen3.5:2b,run1_p5,106.48,60.0,,
11889.281,,qwen3.5:2b,run1_p5,106.62,60.0,,
11889.877,,qwen3.5:2b,run1_p5,106.51,60.0,,
11890.471,,qwen3.5:2b,run1_p5,106.24,60.0,,
11891.026,,qwen3.5:2b,run1_p5,106.69,60.0,,
11891.561,,qwen3.5:2b,run1_p5,106.26,59.0,,
11892.154,,qwen3.5:2b,run1_p5,106.17,60.0,,
11892.715,,qwen3.5:2b,run1_p5,106.64,60.0,,
11893.241,,qwen3.5:2b,run1_p5,106.68,60.0,,
11893.820,,qwen3.5:2b,run1_p5,106.66,60.0,,
11894.345,,qwen3.5:2b,run1_p5,106.80,60.0,,
11894.871,,qwen3.5:2b,run1_p5,106.52,60.0,,
11895.429,,qwen3.5:2b,run1_p5,106.12,60.0,,
11895.993,,qwen3.5:2b,run1_p5,106.34,60.0,,
11896.596,,qwen3.5:2b,run1_p5,106.48,60.0,,
11897.203,,qwen3.5:2b,run1_p5,106.47,59.0,,
11897.742,,qwen3.5:2b,run1_p5,106.41,60.0,,
11898.284,,qwen3.5:2b,run1_p5,106.83,59.0,,
11898.835,,qwen3.5:2b,run1_p5,106.77,59.0,,
11899.402,,qwen3.5:2b,run1_p5,106.48,60.0,,
11899.937,,qwen3.5:2b,run1_p5,106.84,60.0,,
11900.464,,qwen3.5:2b,run1_p5,106.73,60.0,,
11901.011,,qwen3.5:2b,run1_p5,106.78,60.0,,
11901.542,,qwen3.5:2b,run1_p5,106.64,59.0,,
11902.084,,qwen3.5:2b,run1_p5,106.05,59.0,,
11902.615,,qwen3.5:2b,run1_p5,105.84,59.0,,
11903.202,,qwen3.5:2b,run1_p5,105.97,60.0,,
11903.730,,qwen3.5:2b,run1_p5,105.65,59.0,,
11904.260,,qwen3.5:2b,run1_p5,105.53,59.0,,
11904.787,,qwen3.5:2b,run1_p5,105.94,60.0,,
11905.315,,qwen3.5:2b,run1_p5,105.96,59.0,,
11905.912,,qwen3.5:2b,run1_p5,105.87,60.0,,
11906.439,,qwen3.5:2b,run1_p5,105.99,59.0,,
11906.967,,qwen3.5:2b,run1_p5,105.87,59.0,,
11907.546,,qwen3.5:2b,run1_p5,105.75,59.0,,
11908.145,,qwen3.5:2b,run1_p6,103.15,59.0,,
11908.674,,qwen3.5:2b,run1_p6,94.55,58.0,,
11909.224,,qwen3.5:2b,run1_p6,94.11,59.0,,
11909.749,,qwen3.5:2b,run1_p6,105.35,59.0,,
11910.276,,qwen3.5:2b,run1_p6,105.50,59.0,,
11910.804,,qwen3.5:2b,run1_p6,105.60,60.0,,
11911.331,,qwen3.5:2b,run1_p6,105.42,59.0,,
11911.857,,qwen3.5:2b,run1_p6,105.46,59.0,,
11912.382,,qwen3.5:2b,run1_p6,105.36,59.0,,
11912.906,,qwen3.5:2b,run1_p6,105.16,59.0,,
11913.435,,qwen3.5:2b,run1_p6,105.30,59.0,,
11913.963,,qwen3.5:2b,run1_p6,105.45,59.0,,
11914.494,,qwen3.5:2b,run1_p6,105.57,59.0,,
11915.021,,qwen3.5:2b,run1_p6,105.37,59.0,,
11915.549,,qwen3.5:2b,run1_p6,105.33,59.0,,
11916.078,,qwen3.5:2b,run1_p6,105.55,59.0,,
11916.602,,qwen3.5:2b,run1_p6,105.61,59.0,,
11917.127,,qwen3.5:2b,run1_p6,105.63,59.0,,
11917.655,,qwen3.5:2b,run1_p6,105.07,59.0,,
11918.182,,qwen3.5:2b,run1_p6,105.07,59.0,,
11918.709,,qwen3.5:2b,run1_p6,105.33,59.0,,
11919.236,,qwen3.5:2b,run1_p6,105.52,59.0,,
11919.761,,qwen3.5:2b,run1_p6,105.49,59.0,,
11920.286,,qwen3.5:2b,run1_p6,105.57,59.0,,
11920.812,,qwen3.5:2b,run1_p6,105.61,59.0,,
11921.336,,qwen3.5:2b,run1_p6,105.56,59.0,,
11921.863,,qwen3.5:2b,run1_p6,105.45,59.0,,
11922.387,,qwen3.5:2b,run1_p6,105.64,59.0,,
11922.912,,qwen3.5:2b,run1_p6,105.77,59.0,,
11923.439,,qwen3.5:2b,run1_p6,105.29,59.0,,
11923.962,,qwen3.5:2b,run1_p6,105.52,59.0,,
11924.488,,qwen3.5:2b,run1_p6,105.82,59.0,,
11925.013,,qwen3.5:2b,run1_p6,105.89,59.0,,
11925.544,,qwen3.5:2b,run1_p6,105.81,59.0,,
11926.070,,qwen3.5:2b,run1_p6,105.66,59.0,,
11926.594,,qwen3.5:2b,run1_p6,105.76,60.0,,
11927.119,,qwen3.5:2b,run1_p6,105.78,60.0,,
11927.644,,qwen3.5:2b,run1_p6,105.74,59.0,,
11928.171,,qwen3.5:2b,run1_p6,105.27,59.0,,
11928.812,,qwen3.5:2b,run1_p6,105.32,59.0,,
11929.850,,qwen3.5:2b,run1_p6,105.44,59.0,,
11930.389,,qwen3.5:2b,run1_p6,105.37,59.0,,
11930.915,,qwen3.5:2b,run1_p6,105.62,59.0,,
11931.443,,qwen3.5:2b,run1_p6,105.88,59.0,,
11931.966,,qwen3.5:2b,run1_p6,105.90,59.0,,
11932.490,,qwen3.5:2b,run1_p6,105.69,59.0,,
11933.015,,qwen3.5:2b,run1_p6,105.94,58.0,,
11933.541,,qwen3.5:2b,run1_p6,106.46,59.0,,
11934.068,,qwen3.5:2b,run1_p6,106.75,59.0,,
11934.594,,qwen3.5:2b,run1_p6,106.79,59.0,,
11935.121,,qwen3.5:2b,run1_p6,106.70,59.0,,
11935.644,,qwen3.5:2b,run1_p6,106.38,59.0,,
11936.171,,qwen3.5:2b,run1_p6,106.56,59.0,,
11936.704,,qwen3.5:2b,run1_p6,106.60,60.0,,
11937.238,,qwen3.5:2b,run1_p6,106.24,60.0,,
11937.764,,qwen3.5:2b,run1_p6,106.02,59.0,,
11938.290,,qwen3.5:2b,run1_p6,106.25,60.0,,
11938.815,,qwen3.5:2b,run1_p6,106.47,59.0,,
11939.340,,qwen3.5:2b,run1_p6,106.42,59.0,,
11939.867,,qwen3.5:2b,run1_p6,106.80,59.0,,
11940.394,,qwen3.5:2b,run1_p6,107.05,59.0,,
11940.920,,qwen3.5:2b,run1_p6,106.59,59.0,,
11941.445,,qwen3.5:2b,run1_p6,106.42,59.0,,
11941.992,,qwen3.5:2b,run1_p7,87.43,59.0,,
11942.525,,qwen3.5:2b,run1_p7,76.65,58.0,,
11943.049,,qwen3.5:2b,run1_p7,89.70,59.0,,
11943.577,,qwen3.5:2b,run1_p7,105.94,59.0,,
11944.102,,qwen3.5:2b,run1_p7,105.84,59.0,,
11944.626,,qwen3.5:2b,run1_p7,106.07,59.0,,
11945.156,,qwen3.5:2b,run1_p7,106.16,59.0,,
11945.684,,qwen3.5:2b,run1_p7,106.33,59.0,,
11946.208,,qwen3.5:2b,run1_p7,106.44,59.0,,
11946.733,,qwen3.5:2b,run1_p7,106.15,59.0,,
11947.258,,qwen3.5:2b,run1_p7,106.27,59.0,,
11947.790,,qwen3.5:2b,run1_p7,105.79,59.0,,
11948.319,,qwen3.5:2b,run1_p7,105.51,59.0,,
11948.849,,qwen3.5:2b,run1_p7,105.55,59.0,,
11949.392,,qwen3.5:2b,run1_p7,105.64,59.0,,
11949.918,,qwen3.5:2b,run1_p7,106.15,59.0,,
11950.440,,qwen3.5:2b,run1_p7,106.04,59.0,,
11950.967,,qwen3.5:2b,run1_p7,106.10,59.0,,
11951.493,,qwen3.5:2b,run1_p7,105.98,59.0,,
11952.016,,qwen3.5:2b,run1_p7,106.04,59.0,,
11952.543,,qwen3.5:2b,run1_p7,106.06,59.0,,
11953.069,,qwen3.5:2b,run1_p7,105.89,59.0,,
11953.592,,qwen3.5:2b,run1_p7,105.85,59.0,,
11954.116,,qwen3.5:2b,run1_p7,105.66,59.0,,
11954.667,,qwen3.5:2b,run1_p7,105.75,59.0,,
11955.194,,qwen3.5:2b,run1_p7,105.85,59.0,,
11955.724,,qwen3.5:2b,run1_p7,105.85,59.0,,
11956.247,,qwen3.5:2b,run1_p7,106.43,59.0,,
11956.775,,qwen3.5:2b,run1_p7,106.62,59.0,,
11957.336,,qwen3.5:2b,run1_p7,106.33,59.0,,
11957.860,,qwen3.5:2b,run1_p7,106.49,59.0,,
11958.386,,qwen3.5:2b,run1_p7,106.27,59.0,,
11958.927,,qwen3.5:2b,run1_p7,106.46,59.0,,
11959.463,,qwen3.5:2b,run1_p7,106.82,60.0,,
11959.991,,qwen3.5:2b,run1_p7,106.62,59.0,,
11960.531,,qwen3.5:2b,run1_p7,106.36,59.0,,
11961.079,,qwen3.5:2b,run1_p7,106.46,59.0,,
11961.610,,qwen3.5:2b,run1_p7,106.75,59.0,,
11962.137,,qwen3.5:2b,run1_p7,105.77,59.0,,
11962.664,,qwen3.5:2b,run1_p7,105.45,60.0,,
11963.190,,qwen3.5:2b,run1_p7,106.06,59.0,,
11963.717,,qwen3.5:2b,run1_p7,106.17,59.0,,
11964.310,,qwen3.5:2b,run1_p7,105.93,59.0,,
11964.836,,qwen3.5:2b,run1_p7,105.82,59.0,,
11965.365,,qwen3.5:2b,run1_p7,105.97,59.0,,
11965.893,,qwen3.5:2b,run1_p7,106.08,60.0,,
11966.419,,qwen3.5:2b,run1_p7,106.33,60.0,,
11966.948,,qwen3.5:2b,run1_p7,106.24,59.0,,
11967.488,,qwen3.5:2b,run1_p8,85.66,54.0,,
11968.014,,qwen3.5:2b,run1_p8,75.86,56.0,,
11968.556,,qwen3.5:2b,run1_p8,90.05,59.0,,
11969.144,,qwen3.5:2b,run1_p8,105.50,59.0,,
11969.674,,qwen3.5:2b,run1_p8,105.75,59.0,,
11970.222,,qwen3.5:2b,run1_p8,105.96,59.0,,
11970.788,,qwen3.5:2b,run1_p8,105.91,59.0,,
11971.330,,qwen3.5:2b,run1_p8,105.93,59.0,,
11971.853,,qwen3.5:2b,run1_p8,106.08,59.0,,
11972.379,,qwen3.5:2b,run1_p8,105.76,59.0,,
11972.915,,qwen3.5:2b,run1_p8,105.59,59.0,,
11973.451,,qwen3.5:2b,run1_p8,105.75,59.0,,
11973.978,,qwen3.5:2b,run1_p8,105.97,59.0,,
11974.524,,qwen3.5:2b,run1_p8,106.06,59.0,,
11975.065,,qwen3.5:2b,run1_p8,106.16,59.0,,
11975.616,,qwen3.5:2b,run1_p8,106.17,59.0,,
11976.169,,qwen3.5:2b,run1_p8,106.29,59.0,,
11976.716,,qwen3.5:2b,run1_p8,106.42,59.0,,
11977.245,,qwen3.5:2b,run1_p8,106.05,59.0,,
11977.804,,qwen3.5:2b,run1_p8,105.86,59.0,,
11978.357,,qwen3.5:2b,run1_p8,105.78,59.0,,
11978.893,,qwen3.5:2b,run1_p8,105.81,59.0,,
11979.451,,qwen3.5:2b,run1_p9,95.41,59.0,,
11980.071,,qwen3.5:2b,run1_p9,85.87,52.0,,
11980.652,,qwen3.5:2b,run1_p9,101.97,59.0,,
11981.213,,qwen3.5:2b,run1_p9,105.54,59.0,,
11981.789,,qwen3.5:2b,run1_p9,105.70,59.0,,
11982.321,,qwen3.5:2b,run1_p9,106.01,59.0,,
11982.870,,qwen3.5:2b,run1_p9,105.81,59.0,,
11983.408,,qwen3.5:2b,run1_p9,105.64,59.0,,
11983.940,,qwen3.5:2b,run1_p9,105.93,59.0,,
11984.478,,qwen3.5:2b,run1_p9,105.95,59.0,,
11985.007,,qwen3.5:2b,run1_p9,105.79,59.0,,
11985.548,,qwen3.5:2b,run1_p9,105.57,59.0,,
11986.098,,qwen3.5:2b,run1_p9,105.53,60.0,,
11986.689,,qwen3.5:2b,run1_p9,105.78,59.0,,
11987.276,,qwen3.5:2b,run1_p9,105.86,59.0,,
11987.800,,qwen3.5:2b,run1_p9,105.81,59.0,,
11988.405,,qwen3.5:2b,run1_p9,105.80,59.0,,
11988.929,,qwen3.5:2b,run1_p9,105.76,60.0,,
11989.476,,qwen3.5:2b,run1_p9,106.05,59.0,,
11990.023,,qwen3.5:2b,run1_p9,105.94,59.0,,
11990.568,,qwen3.5:2b,run1_p9,105.71,59.0,,
11991.093,,qwen3.5:2b,run1_p9,105.58,59.0,,
11991.635,,qwen3.5:2b,run1_p9,105.66,60.0,,
11992.163,,qwen3.5:2b,run1_p9,105.68,59.0,,
11992.689,,qwen3.5:2b,run1_p9,106.21,59.0,,
11993.278,,qwen3.5:2b,run1_p9,106.17,60.0,,
11993.857,,qwen3.5:2b,run1_p9,106.29,59.0,,
11994.381,,qwen3.5:2b,run1_p9,106.31,59.0,,
11994.951,,qwen3.5:2b,run1_p9,105.59,59.0,,
11995.521,,qwen3.5:2b,run1_p9,105.71,60.0,,
11996.102,,qwen3.5:2b,run1_p9,106.45,59.0,,
11996.680,,qwen3.5:2b,run1_p9,106.58,59.0,,
11997.274,,qwen3.5:2b,run1_p9,106.52,59.0,,
11997.800,,qwen3.5:2b,run1_p9,106.33,60.0,,
11998.340,,qwen3.5:2b,run1_p9,106.65,60.0,,
11998.873,,qwen3.5:2b,run1_p9,106.57,59.0,,
11999.398,,qwen3.5:2b,run1_p9,105.53,59.0,,
11999.923,,qwen3.5:2b,run1_p9,105.83,59.0,,
12000.452,,qwen3.5:2b,run1_p9,106.39,59.0,,
12001.060,,qwen3.5:2b,run1_p9,106.40,59.0,,
12001.586,,qwen3.5:2b,run1_p9,106.46,59.0,,
12002.151,,qwen3.5:2b,run1_p9,106.43,59.0,,
12002.732,,qwen3.5:2b,run1_p9,106.45,60.0,,
12003.255,,qwen3.5:2b,run1_p9,106.55,59.0,,
12003.814,,qwen3.5:2b,run1_p9,106.54,59.0,,
12004.344,,qwen3.5:2b,run1_p9,106.47,59.0,,
12004.882,,qwen3.5:2b,run1_p9,106.55,59.0,,
12005.413,,qwen3.5:2b,run1_p9,106.60,60.0,,
12005.962,,qwen3.5:2b,run1_p9,106.24,59.0,,
12006.507,,qwen3.5:2b,run1_p9,106.36,60.0,,
12007.068,,qwen3.5:2b,run1_p9,106.06,59.0,,
12007.667,,qwen3.5:2b,run1_p9,106.28,59.0,,
12008.194,,qwen3.5:2b,run1_p9,106.62,60.0,,
12008.797,,qwen3.5:2b,run1_p9,106.70,60.0,,
12009.357,,qwen3.5:2b,run1_p9,106.79,60.0,,
12009.897,,qwen3.5:2b,run1_p9,106.49,60.0,,
12010.464,,qwen3.5:2b,run1_p9,106.62,60.0,,
12011.028,,qwen3.5:2b,run1_p9,106.90,60.0,,
12011.598,,qwen3.5:2b,run1_p9,106.91,59.0,,
12012.187,,qwen3.5:2b,run1_p9,106.90,60.0,,
12012.711,,qwen3.5:2b,run1_p9,106.82,59.0,,
12013.239,,qwen3.5:2b,run1_p9,106.76,59.0,,
12013.764,,qwen3.5:2b,run1_p9,106.57,59.0,,
12014.323,,qwen3.5:2b,run1_p9,106.62,60.0,,
12014.862,,qwen3.5:2b,run1_p9,106.67,60.0,,
12015.389,,qwen3.5:2b,run1_p9,106.64,59.0,,
12015.916,,qwen3.5:2b,run1_p9,106.57,60.0,,
12016.441,,qwen3.5:2b,run1_p9,106.64,60.0,,
12016.969,,qwen3.5:2b,run1_p9,106.73,60.0,,
12017.496,,qwen3.5:2b,run1_p9,106.49,60.0,,
12018.026,,qwen3.5:2b,run1_p9,106.42,60.0,,
12018.554,,qwen3.5:2b,run1_p9,106.82,60.0,,
12019.079,,qwen3.5:2b,run1_p9,106.45,60.0,,
12019.602,,qwen3.5:2b,run1_p9,106.19,59.0,,
12020.130,,qwen3.5:2b,run1_p9,106.42,60.0,,
12020.656,,qwen3.5:2b,run1_p9,106.84,60.0,,
12021.182,,qwen3.5:2b,run1_p9,106.88,60.0,,
12021.707,,qwen3.5:2b,run1_p9,106.77,60.0,,
12022.234,,qwen3.5:2b,run1_p9,106.58,60.0,,
12022.758,,qwen3.5:2b,run1_p9,106.54,59.0,,
12023.283,,qwen3.5:2b,run1_p9,106.98,60.0,,
12023.806,,qwen3.5:2b,run1_p9,106.94,60.0,,
12024.334,,qwen3.5:2b,run1_p9,106.71,60.0,,
12024.858,,qwen3.5:2b,run1_p9,107.10,60.0,,
12025.383,,qwen3.5:2b,run1_p9,106.69,60.0,,
12025.908,,qwen3.5:2b,run1_p9,106.50,59.0,,
12026.434,,qwen3.5:2b,run1_p9,107.06,60.0,,
12026.962,,qwen3.5:2b,run1_p9,106.93,60.0,,
12027.485,,qwen3.5:2b,run1_p9,106.54,60.0,,
12028.054,,qwen3.5:2b,run1_p9,106.60,60.0,,
12028.688,,qwen3.5:2b,run1_p9,96.00,55.0,,
12029.213,,qwen3.5:2b,run1_p9,67.06,52.0,,
12029.758,,qwen3.5:2b,run1_p9,42.25,51.0,,
12030.282,,qwen3.5:2b,run1_p9,40.45,51.0,,
12030.808,,qwen3.5:2b,run1_p9,33.53,49.0,,
12031.333,,qwen3.5:2b,run1_p9,26.33,48.0,,
12031.856,,qwen3.5:2b,run1_p9,26.09,48.0,,
12032.384,,qwen3.5:2b,run1_p9,26.62,48.0,,
12032.962,,qwen3.5:2b,run1_p9,58.30,53.0,,
12033.494,,qwen3.5:2b,run1_p9,93.51,57.0,,
12034.081,,qwen3.5:2b,run1_p9,104.43,58.0,,
12034.825,,qwen3.5:2b,run1_p9,95.31,57.0,,
12035.410,,qwen3.5:2b,run1_p9,95.08,58.0,,
12035.943,,qwen3.5:2b,run1_p9,105.19,58.0,,
12036.491,,qwen3.5:2b,run1_p9,106.21,59.0,,
12037.077,,qwen3.5:2b,run1_p9,106.34,59.0,,
12037.608,,qwen3.5:2b,run1_p9,106.68,59.0,,
12038.192,,qwen3.5:2b,run1_p9,107.57,59.0,,
12038.718,,qwen3.5:2b,run1_p9,107.57,59.0,,
12039.242,,qwen3.5:2b,run1_p9,107.33,59.0,,
12039.768,,qwen3.5:2b,run1_p9,107.31,59.0,,
12040.354,,qwen3.5:2b,run1_p9,107.53,59.0,,
12040.909,,qwen3.5:2b,run1_p9,107.53,59.0,,
12041.494,,qwen3.5:2b,run1_p9,107.32,59.0,,
12042.073,,qwen3.5:2b,run1_p9,107.44,59.0,,
12042.602,,qwen3.5:2b,run1_p9,107.68,59.0,,
12043.139,,qwen3.5:2b,run1_p9,107.48,59.0,,
12043.678,,qwen3.5:2b,run1_p9,107.59,59.0,,
12044.224,,qwen3.5:2b,run1_p9,107.66,59.0,,
12044.774,,qwen3.5:2b,run1_p9,107.71,59.0,,
12045.328,,qwen3.5:2b,run1_p9,107.97,59.0,,
12045.863,,qwen3.5:2b,run1_p9,108.15,59.0,,
12046.410,,qwen3.5:2b,run1_p9,108.02,59.0,,
12046.940,,qwen3.5:2b,run1_p9,107.76,59.0,,
12047.465,,qwen3.5:2b,run1_p9,107.51,59.0,,
12048.031,,qwen3.5:2b,run1_p9,107.57,59.0,,
12048.560,,qwen3.5:2b,run1_p9,107.89,59.0,,
12049.138,,qwen3.5:2b,run1_p9,107.91,59.0,,
12049.738,,qwen3.5:2b,run1_p9,107.72,60.0,,
12050.291,,qwen3.5:2b,run1_p9,107.94,59.0,,
12050.826,,qwen3.5:2b,run1_p9,107.94,59.0,,
12051.370,,qwen3.5:2b,run1_p9,108.08,60.0,,
12051.935,,qwen3.5:2b,run1_p9,108.25,59.0,,
12052.532,,qwen3.5:2b,run1_p9,108.20,60.0,,
12053.061,,qwen3.5:2b,run1_p9,107.75,59.0,,
12053.610,,qwen3.5:2b,run1_p9,107.87,60.0,,
12054.164,,qwen3.5:2b,run1_p9,108.77,60.0,,
12054.713,,qwen3.5:2b,run1_p9,108.69,59.0,,
12055.261,,qwen3.5:2b,run1_p9,108.40,60.0,,
12055.836,,qwen3.5:2b,run1_p9,115.46,66.0,,
12056.361,,qwen3.5:2b,run1_p9,115.29,60.0,,
12056.910,,qwen3.5:2b,run1_p9,108.21,60.0,,
12057.470,,qwen3.5:2b,run1_p10,84.10,53.0,,
12058.018,,qwen3.5:2b,run1_p10,73.03,57.0,,
12058.546,,qwen3.5:2b,run1_p10,96.30,59.0,,
12059.092,,qwen3.5:2b,run1_p10,106.79,59.0,,
12059.618,,qwen3.5:2b,run1_p10,106.79,59.0,,
12060.166,,qwen3.5:2b,run1_p10,106.54,59.0,,
12060.697,,qwen3.5:2b,run1_p10,106.43,59.0,,
12061.229,,qwen3.5:2b,run1_p10,106.83,60.0,,
12061.832,,qwen3.5:2b,run1_p10,106.68,59.0,,
12062.403,,qwen3.5:2b,run1_p10,106.85,60.0,,
12062.959,,qwen3.5:2b,run1_p10,107.29,60.0,,
12063.492,,qwen3.5:2b,run1_p10,107.39,60.0,,
12064.049,,qwen3.5:2b,run1_p10,107.60,60.0,,
12064.578,,qwen3.5:2b,run1_p10,107.75,60.0,,
12065.103,,qwen3.5:2b,run1_p10,107.95,60.0,,
12065.710,,qwen3.5:2b,run1_p10,107.78,60.0,,
12066.286,,qwen3.5:2b,run1_p10,107.60,60.0,,
12066.837,,qwen3.5:2b,run1_p10,107.07,60.0,,
12067.373,,qwen3.5:2b,run1_p11,85.45,54.0,,
12067.951,,qwen3.5:2b,run1_p11,72.71,55.0,,
12068.479,,qwen3.5:2b,run1_p11,94.22,59.0,,
12069.064,,qwen3.5:2b,run1_p11,107.25,59.0,,
12069.651,,qwen3.5:2b,run1_p11,107.65,59.0,,
12070.253,,qwen3.5:2b,run1_p11,107.16,60.0,,
12070.851,,qwen3.5:2b,run1_p11,107.33,60.0,,
12071.425,,qwen3.5:2b,run1_p11,107.37,60.0,,
12071.992,,qwen3.5:2b,run1_p11,107.08,60.0,,
12072.521,,qwen3.5:2b,run1_p11,107.19,60.0,,
12073.122,,qwen3.5:2b,run1_p11,106.97,60.0,,
12073.713,,qwen3.5:2b,run1_p11,107.31,60.0,,
12074.267,,qwen3.5:2b,run1_p11,107.82,60.0,,
12074.822,,qwen3.5:2b,run1_p11,107.94,60.0,,
12075.392,,qwen3.5:2b,run1_p11,107.86,60.0,,
12075.975,,qwen3.5:2b,run1_p11,107.45,60.0,,
12076.515,,qwen3.5:2b,run1_p11,107.69,60.0,,
12077.045,,qwen3.5:2b,run1_p11,107.72,60.0,,
12077.593,,qwen3.5:2b,run1_p11,107.35,60.0,,
12078.148,,qwen3.5:2b,run1_p11,107.37,60.0,,
12078.707,,qwen3.5:2b,run1_p11,107.39,60.0,,
12079.269,,qwen3.5:2b,run1_p11,107.68,60.0,,
12079.858,,qwen3.5:2b,run1_p11,108.12,60.0,,
12080.435,,qwen3.5:2b,run1_p11,107.89,60.0,,
12080.988,,qwen3.5:2b,run1_p11,107.89,60.0,,
12081.520,,qwen3.5:2b,run1_p11,107.99,60.0,,
12082.068,,qwen3.5:2b,run1_p11,107.87,60.0,,
12082.670,,qwen3.5:2b,run1_p11,107.76,60.0,,
12083.255,,qwen3.5:2b,run1_p11,107.98,60.0,,
12083.783,,qwen3.5:2b,run1_p11,108.12,60.0,,
12084.330,,qwen3.5:2b,run1_p11,107.66,60.0,,
12084.854,,qwen3.5:2b,run1_p11,107.39,60.0,,
12085.380,,qwen3.5:2b,run1_p11,107.35,60.0,,
12085.906,,qwen3.5:2b,run1_p11,107.07,60.0,,
12086.469,,qwen3.5:2b,run1_p11,107.29,60.0,,
12087.002,,qwen3.5:2b,run1_p11,107.65,60.0,,
12087.596,,qwen3.5:2b,run1_p11,107.92,60.0,,
12088.125,,qwen3.5:2b,run1_p11,108.19,60.0,,
12088.662,,qwen3.5:2b,run1_p11,108.13,60.0,,
12089.187,,qwen3.5:2b,run1_p11,107.96,60.0,,
12089.723,,qwen3.5:2b,run1_p11,107.98,60.0,,
12090.298,,qwen3.5:2b,run1_p11,108.06,60.0,,
12090.859,,qwen3.5:2b,run1_p11,108.25,60.0,,
12091.429,,qwen3.5:2b,run1_p11,108.20,60.0,,
12091.987,,qwen3.5:2b,run1_p11,108.07,60.0,,
12092.559,,qwen3.5:2b,run1_p11,107.95,60.0,,
12093.085,,qwen3.5:2b,run1_p11,108.11,60.0,,
12093.610,,qwen3.5:2b,run1_p11,108.02,60.0,,
12094.145,,qwen3.5:2b,run1_p11,108.29,60.0,,
12094.692,,qwen3.5:2b,run1_p11,108.42,60.0,,
12095.237,,qwen3.5:2b,run1_p11,108.35,60.0,,
12095.782,,qwen3.5:2b,run1_p11,108.27,60.0,,
12096.325,,qwen3.5:2b,run1_p11,108.39,60.0,,
12096.883,,qwen3.5:2b,run1_p11,108.65,60.0,,
12097.418,,qwen3.5:2b,run1_p11,108.65,60.0,,
12097.973,,qwen3.5:2b,run1_p11,108.54,60.0,,
12098.524,,qwen3.5:2b,run1_p11,108.34,60.0,,
12099.080,,qwen3.5:2b,run1_p11,108.32,60.0,,
12099.603,,qwen3.5:2b,run1_p11,108.52,60.0,,
12100.137,,qwen3.5:2b,run1_p11,108.52,60.0,,
12100.689,,qwen3.5:2b,run1_p11,108.46,60.0,,
12101.235,,qwen3.5:2b,run1_p11,108.60,60.0,,
12101.785,,qwen3.5:2b,run1_p12,86.27,54.0,,
12102.325,,qwen3.5:2b,run1_p12,75.82,58.0,,
12102.871,,qwen3.5:2b,run1_p12,94.25,60.0,,
12103.398,,qwen3.5:2b,run1_p12,107.94,60.0,,
12103.936,,qwen3.5:2b,run1_p12,107.94,60.0,,
12104.461,,qwen3.5:2b,run1_p12,107.71,60.0,,
12105.009,,qwen3.5:2b,run1_p12,107.75,60.0,,
12105.553,,qwen3.5:2b,run1_p12,107.77,60.0,,
12106.108,,qwen3.5:2b,run1_p12,107.77,60.0,,
12106.655,,qwen3.5:2b,run1_p12,108.19,60.0,,
12107.183,,qwen3.5:2b,run1_p12,108.34,60.0,,
12107.730,,qwen3.5:2b,run1_p12,108.00,60.0,,
12108.304,,qwen3.5:2b,run1_p12,102.78,60.0,,
12108.847,,qwen3.5:2b,run1_p12,103.13,60.0,,
12109.394,,qwen3.5:2b,run1_p12,108.16,60.0,,
12109.918,,qwen3.5:2b,run1_p12,107.33,60.0,,
12110.442,,qwen3.5:2b,run1_p12,107.26,60.0,,
12110.964,,qwen3.5:2b,run1_p12,107.38,60.0,,
12111.497,,qwen3.5:2b,run1_p12,107.46,60.0,,
12112.024,,qwen3.5:2b,run1_p12,108.09,60.0,,
12112.549,,qwen3.5:2b,run1_p12,108.29,60.0,,
12113.073,,qwen3.5:2b,run1_p12,108.19,60.0,,
12113.600,,qwen3.5:2b,run1_p12,107.62,60.0,,
12114.129,,qwen3.5:2b,run1_p12,107.39,60.0,,
12114.657,,qwen3.5:2b,run1_p12,107.51,60.0,,
12115.191,,qwen3.5:2b,run1_p12,106.78,60.0,,
12115.715,,qwen3.5:2b,run1_p12,105.41,60.0,,
12116.239,,qwen3.5:2b,run1_p12,106.68,60.0,,
12116.769,,qwen3.5:2b,run1_p12,107.64,60.0,,
12117.292,,qwen3.5:2b,run1_p12,108.21,60.0,,
12117.818,,qwen3.5:2b,run1_p12,108.81,60.0,,
12118.343,,qwen3.5:2b,run1_p12,108.60,60.0,,
12118.869,,qwen3.5:2b,run1_p12,108.45,61.0,,
12119.400,,qwen3.5:2b,run1_p12,108.75,61.0,,
12119.930,,qwen3.5:2b,run1_p12,108.73,60.0,,
12120.454,,qwen3.5:2b,run1_p12,108.71,60.0,,
12120.978,,qwen3.5:2b,run1_p12,108.34,59.0,,
12121.501,,qwen3.5:2b,run1_p12,108.44,60.0,,
12122.031,,qwen3.5:2b,run1_p12,108.57,61.0,,
12122.556,,qwen3.5:2b,run1_p12,107.54,60.0,,
12123.081,,qwen3.5:2b,run1_p12,106.76,60.0,,
12123.609,,qwen3.5:2b,run1_p12,107.07,60.0,,
12124.137,,qwen3.5:2b,run1_p12,107.00,60.0,,
12124.662,,qwen3.5:2b,run1_p12,106.31,60.0,,
12125.188,,qwen3.5:2b,run1_p12,107.37,60.0,,
12125.711,,qwen3.5:2b,run1_p12,106.91,60.0,,
12126.236,,qwen3.5:2b,run1_p12,106.39,60.0,,
12126.760,,qwen3.5:2b,run1_p12,106.80,60.0,,
12127.287,,qwen3.5:2b,run1_p12,106.98,60.0,,
12127.812,,qwen3.5:2b,run1_p12,107.22,60.0,,
12128.342,,qwen3.5:2b,run1_p12,108.42,60.0,,
12128.867,,qwen3.5:2b,run1_p12,108.55,59.0,,
12129.393,,qwen3.5:2b,run1_p12,106.26,60.0,,
12129.919,,qwen3.5:2b,run1_p12,105.80,60.0,,
12130.443,,qwen3.5:2b,run1_p12,108.12,60.0,,
12130.968,,qwen3.5:2b,run1_p12,107.74,60.0,,
12131.495,,qwen3.5:2b,run1_p12,107.55,60.0,,
12132.023,,qwen3.5:2b,run1_p12,106.61,60.0,,
12132.547,,qwen3.5:2b,run1_p12,105.90,60.0,,
12133.072,,qwen3.5:2b,run1_p12,105.45,60.0,,
12133.596,,qwen3.5:2b,run1_p12,105.49,60.0,,
12134.124,,qwen3.5:2b,run1_p12,106.21,60.0,,
12134.648,,qwen3.5:2b,run1_p12,106.83,60.0,,
12135.172,,qwen3.5:2b,run1_p12,107.35,60.0,,
12135.695,,qwen3.5:2b,run1_p12,106.88,60.0,,
12136.219,,qwen3.5:2b,run1_p12,106.91,60.0,,
12136.750,,qwen3.5:2b,run1_p12,108.15,60.0,,
12137.273,,qwen3.5:2b,run1_p12,108.90,60.0,,
12137.805,,qwen3.5:2b,run1_p12,108.93,61.0,,
12138.328,,qwen3.5:2b,run1_p12,108.90,60.0,,
12138.851,,qwen3.5:2b,run1_p12,109.15,60.0,,
12139.377,,qwen3.5:2b,run1_p12,109.07,60.0,,
12139.915,,qwen3.5:2b,run1_p12,108.87,60.0,,
12140.441,,qwen3.5:2b,run1_p12,109.16,60.0,,
12140.966,,qwen3.5:2b,run1_p12,109.32,60.0,,
12141.490,,qwen3.5:2b,run1_p12,109.13,60.0,,
12142.016,,qwen3.5:2b,run1_p12,109.39,60.0,,
12142.542,,qwen3.5:2b,run1_p12,108.96,60.0,,
12143.066,,qwen3.5:2b,run1_p12,108.93,60.0,,
12143.590,,qwen3.5:2b,run1_p12,109.33,60.0,,
12144.114,,qwen3.5:2b,run1_p12,109.58,61.0,,
12144.638,,qwen3.5:2b,run1_p12,109.03,60.0,,
12145.163,,qwen3.5:2b,run1_p12,109.28,60.0,,
12145.690,,qwen3.5:2b,run1_p12,109.52,60.0,,
12146.220,,qwen3.5:2b,run1_p12,109.42,60.0,,
12146.744,,qwen3.5:2b,run1_p12,109.49,60.0,,
12147.267,,qwen3.5:2b,run1_p12,109.48,60.0,,
12147.789,,qwen3.5:2b,run1_p12,109.34,60.0,,
12148.338,,qwen3.5:2b,run1_p12,115.26,60.0,,
12148.863,,qwen3.5:2b,run1_p12,115.58,65.0,,
12149.389,,qwen3.5:2b,run1_p12,111.87,60.0,,
12149.916,,qwen3.5:2b,run1_p12,107.79,60.0,,
12150.439,,qwen3.5:2b,run1_p12,108.06,60.0,,
12150.967,,qwen3.5:2b,run1_p12,108.24,60.0,,
12151.491,,qwen3.5:2b,run1_p12,107.82,60.0,,
12152.017,,qwen3.5:2b,run1_p12,108.28,61.0,,
12152.546,,qwen3.5:2b,run1_p12,108.59,60.0,,
12153.076,,qwen3.5:2b,run1_p12,108.82,60.0,,
12153.599,,qwen3.5:2b,run1_p12,108.74,60.0,,
12154.129,,qwen3.5:2b,run1_p12,108.39,60.0,,
12154.654,,qwen3.5:2b,run1_p12,107.95,60.0,,
12155.177,,qwen3.5:2b,run1_p12,108.61,60.0,,
12155.702,,qwen3.5:2b,run1_p12,108.66,60.0,,
12156.227,,qwen3.5:2b,run1_p12,108.54,61.0,,
12156.751,,qwen3.5:2b,run1_p12,108.27,60.0,,
12157.276,,qwen3.5:2b,run1_p12,108.10,60.0,,
12157.800,,qwen3.5:2b,run1_p12,107.89,60.0,,
12158.323,,qwen3.5:2b,run1_p12,108.03,59.0,,
12158.852,,qwen3.5:2b,run1_p12,108.30,60.0,,
12159.379,,qwen3.5:2b,run1_p12,108.10,60.0,,
12159.905,,qwen3.5:2b,run1_p12,108.19,60.0,,
12160.430,,qwen3.5:2b,run1_p12,108.58,60.0,,
12160.954,,qwen3.5:2b,run1_p12,108.41,60.0,,
12161.479,,qwen3.5:2b,run1_p12,108.46,61.0,,
12162.004,,qwen3.5:2b,run1_p12,108.51,60.0,,
12162.533,,qwen3.5:2b,run1_p12,108.80,60.0,,
12163.060,,qwen3.5:2b,run1_p12,108.92,60.0,,
12163.612,,qwen3.5:2b,run1_p12,108.70,61.0,,
12164.140,,qwen3.5:2b,run1_p12,108.04,61.0,,
12164.664,,qwen3.5:2b,run1_p12,108.04,60.0,,
12165.189,,qwen3.5:2b,run1_p12,108.41,60.0,,
12165.714,,qwen3.5:2b,run1_p12,108.52,60.0,,
12166.239,,qwen3.5:2b,run1_p12,108.56,61.0,,
12166.769,,qwen3.5:2b,run1_p12,108.78,61.0,,
12167.297,,qwen3.5:2b,run1_p12,108.83,61.0,,
12167.821,,qwen3.5:2b,run1_p12,108.98,60.0,,
12168.345,,qwen3.5:2b,run1_p12,108.67,60.0,,
12168.869,,qwen3.5:2b,run1_p12,107.94,60.0,,
12169.393,,qwen3.5:2b,run1_p12,108.09,60.0,,
12169.917,,qwen3.5:2b,run1_p12,108.32,60.0,,
12170.444,,qwen3.5:2b,run1_p12,108.64,60.0,,
12170.968,,qwen3.5:2b,run1_p12,108.92,60.0,,
12171.491,,qwen3.5:2b,run1_p12,108.85,61.0,,
12172.026,,qwen3.5:2b,run1_p12,114.27,60.0,,
12172.553,,qwen3.5:2b,run1_p12,114.24,62.0,,
12173.079,,qwen3.5:2b,run1_p12,108.20,61.0,,
12173.602,,qwen3.5:2b,run1_p12,107.81,60.0,,
12174.127,,qwen3.5:2b,run1_p12,108.16,60.0,,
12174.654,,qwen3.5:2b,run1_p12,108.57,60.0,,
12175.179,,qwen3.5:2b,run1_p12,108.33,60.0,,
12175.704,,qwen3.5:2b,run1_p12,108.45,60.0,,
12176.229,,qwen3.5:2b,run1_p12,108.32,60.0,,
12176.753,,qwen3.5:2b,run1_p12,108.47,60.0,,
12177.276,,qwen3.5:2b,run1_p12,108.37,61.0,,
12177.804,,qwen3.5:2b,run1_p12,108.02,60.0,,
12178.332,,qwen3.5:2b,run1_p12,108.18,60.0,,
12178.858,,qwen3.5:2b,run1_p12,108.29,60.0,,
12179.384,,qwen3.5:2b,run1_p12,108.35,60.0,,
12179.909,,qwen3.5:2b,run1_p12,108.42,61.0,,
12180.433,,qwen3.5:2b,run1_p12,108.67,60.0,,
12180.956,,qwen3.5:2b,run1_p12,109.12,60.0,,
12181.481,,qwen3.5:2b,run1_p12,108.83,60.0,,
12182.014,,qwen3.5:2b,run1_p12,108.82,61.0,,
12182.542,,qwen3.5:2b,run1_p12,109.01,60.0,,
12183.069,,qwen3.5:2b,run1_p12,108.95,61.0,,
12183.609,,qwen3.5:2b,run1_p12,108.98,60.0,,
12184.136,,qwen3.5:2b,run1_p12,109.07,60.0,,
12184.663,,qwen3.5:2b,run1_p12,109.19,61.0,,
12185.201,,qwen3.5:2b,run1_p12,109.07,60.0,,
12185.727,,qwen3.5:2b,run1_p12,108.75,60.0,,
12186.257,,qwen3.5:2b,run1_p12,108.26,60.0,,
12186.781,,qwen3.5:2b,run1_p12,108.18,60.0,,
12187.305,,qwen3.5:2b,run1_p12,108.68,61.0,,
12187.830,,qwen3.5:2b,run1_p12,108.84,60.0,,
12188.357,,qwen3.5:2b,run1_p12,108.72,61.0,,
12188.882,,qwen3.5:2b,run1_p12,109.02,60.0,,
12189.405,,qwen3.5:2b,run1_p12,108.71,61.0,,
12189.943,,qwen3.5:2b,run1_p12,108.58,60.0,,
12190.471,,qwen3.5:2b,run1_p12,108.78,60.0,,
12191.002,,qwen3.5:2b,run1_p12,108.92,60.0,,
12191.526,,qwen3.5:2b,run1_p12,108.96,60.0,,
12192.049,,qwen3.5:2b,run1_p12,108.96,60.0,,
12192.581,,qwen3.5:2b,run1_p12,108.51,60.0,,
12193.107,,qwen3.5:2b,run1_p13,93.17,60.0,,
12193.638,,qwen3.5:2b,run1_p13,79.92,53.0,,
12194.167,,qwen3.5:2b,run1_p13,94.57,59.0,,
12194.712,,qwen3.5:2b,run1_p13,107.74,60.0,,
12195.237,,qwen3.5:2b,run1_p13,107.83,60.0,,
12195.762,,qwen3.5:2b,run1_p13,108.16,60.0,,
12196.286,,qwen3.5:2b,run1_p13,107.97,60.0,,
12196.810,,qwen3.5:2b,run1_p13,108.07,60.0,,
12197.334,,qwen3.5:2b,run1_p13,107.53,60.0,,
12197.858,,qwen3.5:2b,run1_p13,107.62,60.0,,
12198.382,,qwen3.5:2b,run1_p13,108.15,60.0,,
12198.912,,qwen3.5:2b,run1_p13,108.27,60.0,,
12199.436,,qwen3.5:2b,run1_p13,108.07,61.0,,
12199.963,,qwen3.5:2b,run1_p13,108.32,60.0,,
12200.487,,qwen3.5:2b,run1_p13,108.45,60.0,,
12201.012,,qwen3.5:2b,run1_p13,108.65,60.0,,
12201.535,,qwen3.5:2b,run1_p13,108.40,60.0,,
12202.060,,qwen3.5:2b,run1_p13,108.29,60.0,,
12202.587,,qwen3.5:2b,run1_p13,108.43,60.0,,
12203.120,,qwen3.5:2b,run1_p13,108.71,60.0,,
12203.646,,qwen3.5:2b,run1_p13,108.21,60.0,,
12204.176,,qwen3.5:2b,run1_p13,107.94,59.0,,
12204.706,,qwen3.5:2b,run1_p13,107.77,61.0,,
12205.239,,qwen3.5:2b,run1_p13,108.28,60.0,,
12205.788,,qwen3.5:2b,run1_p13,108.58,60.0,,
12206.317,,qwen3.5:2b,run1_p13,108.64,60.0,,
12206.841,,qwen3.5:2b,run1_p13,108.37,60.0,,
12207.368,,qwen3.5:2b,run1_p13,108.48,60.0,,
12207.893,,qwen3.5:2b,run1_p13,108.53,60.0,,
12208.419,,qwen3.5:2b,run1_p13,108.51,61.0,,
12208.944,,qwen3.5:2b,run1_p13,108.78,60.0,,
12209.467,,qwen3.5:2b,run1_p13,109.09,60.0,,
12209.997,,qwen3.5:2b,run1_p13,108.77,60.0,,
12210.536,,qwen3.5:2b,run1_p13,108.46,60.0,,
12211.065,,qwen3.5:2b,run1_p13,108.36,60.0,,
12211.592,,qwen3.5:2b,run1_p13,108.68,60.0,,
12212.119,,qwen3.5:2b,run1_p13,108.24,60.0,,
12212.646,,qwen3.5:2b,run1_p13,108.13,60.0,,
12213.173,,qwen3.5:2b,run1_p13,108.25,61.0,,
12213.702,,qwen3.5:2b,run1_p13,108.51,60.0,,
12214.231,,qwen3.5:2b,run1_p13,108.64,60.0,,
12214.757,,qwen3.5:2b,run1_p13,108.51,60.0,,
12215.284,,qwen3.5:2b,run1_p13,108.45,60.0,,
12215.812,,qwen3.5:2b,run1_p13,108.46,60.0,,
12216.337,,qwen3.5:2b,run1_p13,108.32,60.0,,
12216.866,,qwen3.5:2b,run1_p13,108.66,60.0,,
12217.390,,qwen3.5:2b,run1_p13,108.66,60.0,,
12217.913,,qwen3.5:2b,run1_p13,108.67,61.0,,
12218.444,,qwen3.5:2b,run1_p13,108.93,60.0,,
12218.970,,qwen3.5:2b,run1_p13,109.04,60.0,,
12219.498,,qwen3.5:2b,run1_p13,109.15,60.0,,
12220.025,,qwen3.5:2b,run1_p13,108.90,60.0,,
12220.550,,qwen3.5:2b,run1_p13,108.83,60.0,,
12221.076,,qwen3.5:2b,run1_p13,108.90,60.0,,
12221.600,,qwen3.5:2b,run1_p13,108.61,60.0,,
12222.127,,qwen3.5:2b,run1_p13,108.37,61.0,,
12222.654,,qwen3.5:2b,run1_p13,108.82,60.0,,
12223.182,,qwen3.5:2b,run1_p13,109.24,60.0,,
12223.706,,qwen3.5:2b,run1_p13,108.94,60.0,,
12224.233,,qwen3.5:2b,run1_p13,109.00,60.0,,
12224.759,,qwen3.5:2b,run1_p13,109.16,60.0,,
12225.286,,qwen3.5:2b,run1_p13,109.14,60.0,,
12225.810,,qwen3.5:2b,run1_p13,109.38,60.0,,
12226.341,,qwen3.5:2b,run1_p13,109.23,60.0,,
12226.865,,qwen3.5:2b,run1_p13,108.95,61.0,,
12227.405,,qwen3.5:2b,run1_p13,108.60,60.0,,
12227.928,,qwen3.5:2b,run1_p13,108.70,60.0,,
12228.461,,qwen3.5:2b,run1_p13,108.97,61.0,,
12228.991,,qwen3.5:2b,run1_p13,109.29,60.0,,
12229.515,,qwen3.5:2b,run1_p13,109.11,60.0,,
12230.037,,qwen3.5:2b,run1_p13,109.28,61.0,,
12230.561,,qwen3.5:2b,run1_p13,108.69,60.0,,
12231.086,,qwen3.5:2b,run1_p13,108.85,60.0,,
12231.610,,qwen3.5:2b,run1_p13,109.01,60.0,,
12232.135,,qwen3.5:2b,run1_p13,109.01,60.0,,
12232.658,,qwen3.5:2b,run1_p13,109.55,61.0,,
12233.196,,qwen3.5:2b,run1_p13,109.08,60.0,,
12233.722,,qwen3.5:2b,run1_p13,108.91,60.0,,
12234.262,,qwen3.5:2b,run1_p13,109.06,60.0,,
12234.785,,qwen3.5:2b,run1_p13,109.19,60.0,,
12235.310,,qwen3.5:2b,run1_p13,109.07,60.0,,
12235.841,,qwen3.5:2b,run1_p13,109.26,60.0,,
12236.365,,qwen3.5:2b,run1_p13,109.42,60.0,,
12236.890,,qwen3.5:2b,run1_p13,109.16,60.0,,
12237.414,,qwen3.5:2b,run1_p13,109.32,60.0,,
12237.937,,qwen3.5:2b,run1_p13,109.67,60.0,,
12238.461,,qwen3.5:2b,run1_p13,109.51,60.0,,
12238.991,,qwen3.5:2b,run1_p13,114.29,65.0,,
12239.514,,qwen3.5:2b,run1_p13,116.04,61.0,,
12240.039,,qwen3.5:2b,run1_p13,113.80,61.0,,
12240.568,,qwen3.5:2b,run1_p13,108.76,61.0,,
12241.093,,qwen3.5:2b,run1_p13,108.50,60.0,,
12241.617,,qwen3.5:2b,run1_p13,108.67,61.0,,
12242.142,,qwen3.5:2b,run1_p13,108.81,60.0,,
12242.669,,qwen3.5:2b,run1_p13,109.05,60.0,,
12243.191,,qwen3.5:2b,run1_p13,109.12,60.0,,
12243.714,,qwen3.5:2b,run1_p13,109.02,60.0,,
12244.241,,qwen3.5:2b,run1_p13,108.84,60.0,,
12244.766,,qwen3.5:2b,run1_p13,109.02,61.0,,
12245.291,,qwen3.5:2b,run1_p13,108.63,60.0,,
12245.817,,qwen3.5:2b,run1_p13,108.64,60.0,,
12246.341,,qwen3.5:2b,run1_p13,109.11,61.0,,
12246.868,,qwen3.5:2b,run1_p13,109.11,60.0,,
12247.392,,qwen3.5:2b,run1_p13,109.25,60.0,,
12247.917,,qwen3.5:2b,run1_p13,109.62,61.0,,
12248.443,,qwen3.5:2b,run1_p13,109.88,60.0,,
12248.973,,qwen3.5:2b,run1_p13,109.15,61.0,,
12249.497,,qwen3.5:2b,run1_p13,108.66,60.0,,
12250.024,,qwen3.5:2b,run1_p13,108.99,60.0,,
12250.547,,qwen3.5:2b,run1_p13,109.06,61.0,,
12251.081,,qwen3.5:2b,run1_p13,108.81,61.0,,
12251.605,,qwen3.5:2b,run1_p13,108.83,61.0,,
12252.152,,qwen3.5:2b,run1_p13,109.05,61.0,,
12252.676,,qwen3.5:2b,run1_p13,109.38,61.0,,
12253.207,,qwen3.5:2b,run1_p13,109.44,60.0,,
12253.733,,qwen3.5:2b,run1_p13,109.52,60.0,,
12254.256,,qwen3.5:2b,run1_p13,109.34,60.0,,
12254.779,,qwen3.5:2b,run1_p13,109.24,61.0,,
12255.302,,qwen3.5:2b,run1_p13,109.37,61.0,,
12255.825,,qwen3.5:2b,run1_p13,109.34,60.0,,
12256.348,,qwen3.5:2b,run1_p13,109.25,60.0,,
12256.873,,qwen3.5:2b,run1_p13,109.02,60.0,,
12257.402,,qwen3.5:2b,run1_p13,109.18,60.0,,
12257.929,,qwen3.5:2b,run1_p13,109.21,61.0,,
12258.457,,qwen3.5:2b,run1_p13,108.98,60.0,,
12258.981,,qwen3.5:2b,run1_p13,109.15,60.0,,
12259.510,,qwen3.5:2b,run1_p13,108.71,60.0,,
12260.034,,qwen3.5:2b,run1_p13,108.75,60.0,,
12260.568,,qwen3.5:2b,run1_p13,109.37,61.0,,
12261.092,,qwen3.5:2b,run1_p13,109.57,61.0,,
12261.615,,qwen3.5:2b,run1_p13,109.44,60.0,,
12262.164,,qwen3.5:2b,run1_p13,111.08,62.0,,
12262.724,,qwen3.5:2b,run1_p13,115.20,61.0,,
12263.253,,qwen3.5:2b,run1_p13,113.79,61.0,,
12263.778,,qwen3.5:2b,run1_p13,109.31,61.0,,
12264.303,,qwen3.5:2b,run1_p13,108.88,61.0,,
12264.840,,qwen3.5:2b,run1_p13,108.87,61.0,,
12265.375,,qwen3.5:2b,run1_p13,108.99,61.0,,
12265.902,,qwen3.5:2b,run1_p13,108.84,60.0,,
12266.425,,qwen3.5:2b,run1_p13,109.47,61.0,,
12266.950,,qwen3.5:2b,run1_p13,109.46,61.0,,
12267.478,,qwen3.5:2b,run1_p13,109.21,60.0,,
12268.007,,qwen3.5:2b,run1_p13,109.08,61.0,,
12268.577,,qwen3.5:2b,run1_p13,109.05,60.0,,
12269.102,,qwen3.5:2b,run1_p13,109.05,60.0,,
12269.627,,qwen3.5:2b,run1_p13,109.07,60.0,,
12270.156,,qwen3.5:2b,run1_p13,109.36,60.0,,
12270.678,,qwen3.5:2b,run1_p13,109.46,60.0,,
12271.210,,qwen3.5:2b,run1_p13,109.21,60.0,,
12271.751,,qwen3.5:2b,run1_p13,109.28,61.0,,
12272.283,,qwen3.5:2b,run1_p13,109.04,61.0,,
12272.819,,qwen3.5:2b,run1_p13,108.95,60.0,,
12273.343,,qwen3.5:2b,run1_p13,109.23,61.0,,
12273.868,,qwen3.5:2b,run1_p13,108.55,60.0,,
12274.395,,qwen3.5:2b,run1_p13,108.55,60.0,,
12274.920,,qwen3.5:2b,run1_p13,108.60,60.0,,
12275.459,,qwen3.5:2b,run1_p13,108.63,61.0,,
12275.998,,qwen3.5:2b,run1_p13,108.85,60.0,,
12276.544,,qwen3.5:2b,run1_p13,109.09,60.0,,
12277.084,,qwen3.5:2b,run1_p13,108.47,60.0,,
12277.621,,qwen3.5:2b,run1_p13,107.98,60.0,,
12278.158,,qwen3.5:2b,run1_p13,108.38,61.0,,
12278.699,,qwen3.5:2b,run1_p13,109.11,60.0,,
12279.232,,qwen3.5:2b,run1_p13,108.63,60.0,,
12279.770,,qwen3.5:2b,run1_p13,108.29,60.0,,
12280.299,,qwen3.5:2b,run1_p13,107.94,60.0,,
12280.837,,qwen3.5:2b,run1_p13,108.39,60.0,,
12281.375,,qwen3.5:2b,run1_p13,108.68,60.0,,
12281.913,,qwen3.5:2b,run1_p13,108.91,60.0,,
12282.450,,qwen3.5:2b,run1_p13,109.14,60.0,,
12282.973,,qwen3.5:2b,run1_p13,108.32,60.0,,
12283.496,,qwen3.5:2b,run1_p13,107.99,61.0,,
12284.020,,qwen3.5:2b,run1_p13,108.46,61.0,,
12284.552,,qwen3.5:2b,run1_p13,108.48,60.0,,
12285.087,,qwen3.5:2b,run1_p13,108.66,60.0,,
12285.647,,qwen3.5:2b,run1_p13,111.77,61.0,,
12286.172,,qwen3.5:2b,run1_p13,114.93,65.0,,
12286.703,,qwen3.5:2b,run1_p14,99.72,61.0,,
12287.227,,qwen3.5:2b,run1_p14,86.91,53.0,,
12287.751,,qwen3.5:2b,run1_p14,92.89,60.0,,
12288.276,,qwen3.5:2b,run1_p14,107.46,60.0,,
12288.802,,qwen3.5:2b,run1_p14,107.93,60.0,,
12289.331,,qwen3.5:2b,run1_p14,108.05,60.0,,
12289.864,,qwen3.5:2b,run1_p14,107.86,60.0,,
12290.393,,qwen3.5:2b,run1_p14,107.33,60.0,,
12290.917,,qwen3.5:2b,run1_p14,107.40,60.0,,
12291.443,,qwen3.5:2b,run1_p14,107.98,61.0,,
12291.974,,qwen3.5:2b,run1_p14,108.07,60.0,,
12292.498,,qwen3.5:2b,run1_p14,107.74,60.0,,
12293.023,,qwen3.5:2b,run1_p14,107.75,60.0,,
12293.547,,qwen3.5:2b,run1_p14,108.01,60.0,,
12294.073,,qwen3.5:2b,run1_p14,107.70,60.0,,
12294.597,,qwen3.5:2b,run1_p14,107.88,60.0,,
12295.119,,qwen3.5:2b,run1_p14,108.49,60.0,,
12295.652,,qwen3.5:2b,run1_p14,108.37,60.0,,
12296.178,,qwen3.5:2b,run1_p14,107.82,60.0,,
12296.702,,qwen3.5:2b,run1_p14,107.97,60.0,,
12297.228,,qwen3.5:2b,run1_p14,107.80,60.0,,
12297.753,,qwen3.5:2b,run1_p14,108.19,60.0,,
12298.280,,qwen3.5:2b,run1_p14,107.91,60.0,,
12298.805,,qwen3.5:2b,run1_p14,107.50,60.0,,
12299.330,,qwen3.5:2b,run1_p14,107.84,60.0,,
12299.855,,qwen3.5:2b,run1_p14,107.86,60.0,,
12300.377,,qwen3.5:2b,run1_p14,107.85,60.0,,
12300.901,,qwen3.5:2b,run1_p14,107.86,60.0,,
12301.426,,qwen3.5:2b,run1_p14,108.06,60.0,,
12301.958,,qwen3.5:2b,run1_p14,108.30,60.0,,
12302.495,,qwen3.5:2b,run1_p14,108.56,60.0,,
12303.019,,qwen3.5:2b,run1_p14,108.51,60.0,,
12303.571,,qwen3.5:2b,run1_p14,108.55,60.0,,
12304.096,,qwen3.5:2b,run1_p14,108.48,60.0,,
12304.625,,qwen3.5:2b,run1_p14,108.62,60.0,,
12305.150,,qwen3.5:2b,run1_p14,108.69,60.0,,
12305.676,,qwen3.5:2b,run1_p14,108.09,60.0,,
12306.200,,qwen3.5:2b,run1_p14,108.54,60.0,,
12306.724,,qwen3.5:2b,run1_p14,108.95,60.0,,
12307.249,,qwen3.5:2b,run1_p14,108.97,60.0,,
12307.786,,qwen3.5:2b,run1_p14,108.41,60.0,,
12308.314,,qwen3.5:2b,run1_p14,108.16,60.0,,
12308.841,,qwen3.5:2b,run1_p14,108.62,60.0,,
12309.364,,qwen3.5:2b,run1_p14,109.08,60.0,,
12309.890,,qwen3.5:2b,run1_p14,108.92,60.0,,
12310.417,,qwen3.5:2b,run1_p14,108.83,60.0,,
12310.950,,qwen3.5:2b,run1_p14,108.80,60.0,,
12311.485,,qwen3.5:2b,run1_p14,108.50,60.0,,
12312.031,,qwen3.5:2b,run2_p0,79.25,52.0,,
12312.561,,qwen3.5:2b,run2_p0,69.22,59.0,,
12313.083,,qwen3.5:2b,run2_p0,92.12,60.0,,
12313.608,,qwen3.5:2b,run2_p0,107.99,60.0,,
12314.137,,qwen3.5:2b,run2_p1,83.87,52.0,,
12314.713,,qwen3.5:2b,run2_p1,67.42,58.0,,
12315.246,,qwen3.5:2b,run2_p1,94.70,60.0,,
12315.769,,qwen3.5:2b,run2_p1,108.03,60.0,,
12316.297,,qwen3.5:2b,run2_p1,107.91,60.0,,
12316.823,,qwen3.5:2b,run2_p1,107.71,60.0,,
12317.347,,qwen3.5:2b,run2_p1,107.78,59.0,,
12317.871,,qwen3.5:2b,run2_p1,107.94,60.0,,
12318.397,,qwen3.5:2b,run2_p1,108.29,60.0,,
12318.922,,qwen3.5:2b,run2_p1,108.38,60.0,,
12319.448,,qwen3.5:2b,run2_p1,108.32,60.0,,
12320.001,,qwen3.5:2b,run2_p1,108.13,60.0,,
12320.525,,qwen3.5:2b,run2_p1,107.95,60.0,,
12321.056,,qwen3.5:2b,run2_p1,108.04,60.0,,
12321.586,,qwen3.5:2b,run2_p1,107.22,59.0,,
12322.114,,qwen3.5:2b,run2_p1,106.58,60.0,,
12322.639,,qwen3.5:2b,run2_p1,106.56,60.0,,
12323.164,,qwen3.5:2b,run2_p1,106.31,59.0,,
12323.694,,qwen3.5:2b,run2_p1,106.96,60.0,,
12324.218,,qwen3.5:2b,run2_p1,107.80,60.0,,
12324.745,,qwen3.5:2b,run2_p1,108.17,60.0,,
12325.273,,qwen3.5:2b,run2_p1,108.40,60.0,,
12325.801,,qwen3.5:2b,run2_p1,108.50,60.0,,
12326.330,,qwen3.5:2b,run2_p1,108.87,60.0,,
12326.856,,qwen3.5:2b,run2_p1,108.65,60.0,,
12327.382,,qwen3.5:2b,run2_p1,108.61,60.0,,
12327.906,,qwen3.5:2b,run2_p1,108.38,60.0,,
12328.431,,qwen3.5:2b,run2_p1,108.29,60.0,,
12328.958,,qwen3.5:2b,run2_p1,108.33,60.0,,
12329.484,,qwen3.5:2b,run2_p1,108.41,60.0,,
12330.009,,qwen3.5:2b,run2_p1,108.57,60.0,,
12330.533,,qwen3.5:2b,run2_p1,108.47,60.0,,
12331.060,,qwen3.5:2b,run2_p1,108.67,60.0,,
12331.585,,qwen3.5:2b,run2_p1,108.49,60.0,,
12332.108,,qwen3.5:2b,run2_p1,108.03,60.0,,
12332.632,,qwen3.5:2b,run2_p1,108.09,59.0,,
12333.156,,qwen3.5:2b,run2_p1,107.86,60.0,,
12333.680,,qwen3.5:2b,run2_p1,108.02,60.0,,
12334.204,,qwen3.5:2b,run2_p1,108.55,60.0,,
12334.727,,qwen3.5:2b,run2_p1,108.08,60.0,,
12335.255,,qwen3.5:2b,run2_p1,107.83,60.0,,
12335.782,,qwen3.5:2b,run2_p1,108.08,60.0,,
12336.309,,qwen3.5:2b,run2_p1,108.44,60.0,,
12336.836,,qwen3.5:2b,run2_p1,108.14,60.0,,
12337.368,,qwen3.5:2b,run2_p1,107.75,60.0,,
12337.892,,qwen3.5:2b,run2_p1,107.79,60.0,,
12338.415,,qwen3.5:2b,run2_p1,108.15,59.0,,
12338.938,,qwen3.5:2b,run2_p1,108.42,60.0,,
12339.464,,qwen3.5:2b,run2_p1,108.39,60.0,,
12339.988,,qwen3.5:2b,run2_p1,108.23,60.0,,
12340.515,,qwen3.5:2b,run2_p2,92.75,59.0,,
12341.040,,qwen3.5:2b,run2_p2,82.92,57.0,,
12341.564,,qwen3.5:2b,run2_p2,92.33,59.0,,
12342.088,,qwen3.5:2b,run2_p2,107.18,60.0,,
12342.620,,qwen3.5:2b,run2_p2,107.87,60.0,,
12343.150,,qwen3.5:2b,run2_p2,107.85,60.0,,
12343.698,,qwen3.5:2b,run2_p2,107.80,60.0,,
12344.226,,qwen3.5:2b,run2_p2,108.11,60.0,,
12344.749,,qwen3.5:2b,run2_p2,107.96,60.0,,
12345.274,,qwen3.5:2b,run2_p2,107.50,60.0,,
12345.798,,qwen3.5:2b,run2_p3,107.43,60.0,,
12346.324,,qwen3.5:2b,run2_p3,97.91,54.0,,
12346.848,,qwen3.5:2b,run2_p3,98.02,59.0,,
12347.374,,qwen3.5:2b,run2_p3,107.88,60.0,,
12347.898,,qwen3.5:2b,run2_p3,107.91,60.0,,
12348.428,,qwen3.5:2b,run2_p3,107.48,60.0,,
12348.976,,qwen3.5:2b,run2_p3,107.59,60.0,,
12349.511,,qwen3.5:2b,run2_p3,107.27,59.0,,
12350.039,,qwen3.5:2b,run2_p3,107.37,60.0,,
12350.567,,qwen3.5:2b,run2_p3,107.89,60.0,,
12351.091,,qwen3.5:2b,run2_p3,107.23,60.0,,
12351.620,,qwen3.5:2b,run2_p3,106.81,60.0,,
12352.156,,qwen3.5:2b,run2_p4,79.10,52.0,,
12352.732,,qwen3.5:2b,run2_p4,69.10,58.0,,
12353.263,,qwen3.5:2b,run2_p4,97.14,60.0,,
12353.786,,qwen3.5:2b,run2_p4,107.15,60.0,,
12354.330,,qwen3.5:2b,run2_p4,107.22,60.0,,
12354.853,,qwen3.5:2b,run2_p4,107.32,60.0,,
12355.379,,qwen3.5:2b,run2_p4,107.40,59.0,,
12355.907,,qwen3.5:2b,run2_p4,107.12,60.0,,
12356.434,,qwen3.5:2b,run2_p4,107.54,60.0,,
12356.959,,qwen3.5:2b,run2_p4,107.38,60.0,,
12357.490,,qwen3.5:2b,run2_p4,107.29,60.0,,
12358.016,,qwen3.5:2b,run2_p4,107.78,59.0,,
12358.551,,qwen3.5:2b,run2_p5,88.92,55.0,,
12359.081,,qwen3.5:2b,run2_p5,77.36,56.0,,
12359.607,,qwen3.5:2b,run2_p5,90.22,59.0,,
12360.157,,qwen3.5:2b,run2_p5,107.28,60.0,,
12360.683,,qwen3.5:2b,run2_p5,107.11,60.0,,
12361.208,,qwen3.5:2b,run2_p5,106.94,60.0,,
12361.732,,qwen3.5:2b,run2_p5,107.00,60.0,,
12362.260,,qwen3.5:2b,run2_p5,107.48,60.0,,
12362.789,,qwen3.5:2b,run2_p5,107.99,60.0,,
12363.318,,qwen3.5:2b,run2_p5,108.12,60.0,,
12363.842,,qwen3.5:2b,run2_p5,107.96,60.0,,
12364.369,,qwen3.5:2b,run2_p5,107.88,60.0,,
12364.892,,qwen3.5:2b,run2_p5,107.99,60.0,,
12365.419,,qwen3.5:2b,run2_p5,108.28,60.0,,
12365.943,,qwen3.5:2b,run2_p5,108.40,60.0,,
12366.470,,qwen3.5:2b,run2_p5,108.32,60.0,,
12366.993,,qwen3.5:2b,run2_p5,108.25,60.0,,
12367.521,,qwen3.5:2b,run2_p5,108.23,60.0,,
12368.045,,qwen3.5:2b,run2_p5,107.86,60.0,,
12368.569,,qwen3.5:2b,run2_p5,108.30,60.0,,
12369.098,,qwen3.5:2b,run2_p5,108.48,60.0,,
12369.624,,qwen3.5:2b,run2_p5,108.43,60.0,,
12370.152,,qwen3.5:2b,run2_p5,108.35,60.0,,
12370.677,,qwen3.5:2b,run2_p5,108.10,60.0,,
12371.204,,qwen3.5:2b,run2_p5,108.24,60.0,,
12371.728,,qwen3.5:2b,run2_p5,108.38,60.0,,
12372.251,,qwen3.5:2b,run2_p5,107.82,60.0,,
12372.775,,qwen3.5:2b,run2_p5,107.74,59.0,,
12373.299,,qwen3.5:2b,run2_p5,108.09,60.0,,
12373.829,,qwen3.5:2b,run2_p5,108.35,60.0,,
12374.352,,qwen3.5:2b,run2_p5,108.44,60.0,,
12374.884,,qwen3.5:2b,run2_p5,108.11,60.0,,
12375.408,,qwen3.5:2b,run2_p5,108.47,60.0,,
12375.933,,qwen3.5:2b,run2_p5,108.45,59.0,,
12376.460,,qwen3.5:2b,run2_p5,108.51,60.0,,
12376.983,,qwen3.5:2b,run2_p5,108.77,60.0,,
12377.509,,qwen3.5:2b,run2_p5,107.99,60.0,,
12378.034,,qwen3.5:2b,run2_p5,107.71,60.0,,
12378.560,,qwen3.5:2b,run2_p5,108.24,60.0,,
12379.083,,qwen3.5:2b,run2_p5,108.42,60.0,,
12379.605,,qwen3.5:2b,run2_p5,108.72,60.0,,
12380.129,,qwen3.5:2b,run2_p5,108.62,60.0,,
12380.679,,qwen3.5:2b,run2_p5,108.24,60.0,,
12381.203,,qwen3.5:2b,run2_p5,108.33,60.0,,
12381.728,,qwen3.5:2b,run2_p5,108.35,60.0,,
12382.254,,qwen3.5:2b,run2_p5,108.33,60.0,,
12382.778,,qwen3.5:2b,run2_p5,108.49,60.0,,
12383.300,,qwen3.5:2b,run2_p5,108.90,60.0,,
12383.826,,qwen3.5:2b,run2_p5,108.84,60.0,,
12384.349,,qwen3.5:2b,run2_p5,108.78,60.0,,
12384.872,,qwen3.5:2b,run2_p5,108.97,60.0,,
12385.398,,qwen3.5:2b,run2_p5,109.12,60.0,,
12385.924,,qwen3.5:2b,run2_p6,89.24,53.0,,
12386.448,,qwen3.5:2b,run2_p6,74.17,58.0,,
12386.974,,qwen3.5:2b,run2_p6,93.40,58.0,,
12387.502,,qwen3.5:2b,run2_p6,107.18,60.0,,
12388.026,,qwen3.5:2b,run2_p6,107.74,60.0,,
12388.552,,qwen3.5:2b,run2_p6,108.42,60.0,,
12389.076,,qwen3.5:2b,run2_p6,108.39,60.0,,
12389.599,,qwen3.5:2b,run2_p6,108.43,60.0,,
12390.126,,qwen3.5:2b,run2_p6,108.36,60.0,,
12390.653,,qwen3.5:2b,run2_p6,108.42,60.0,,
12391.176,,qwen3.5:2b,run2_p6,108.03,60.0,,
12391.724,,qwen3.5:2b,run2_p6,107.96,60.0,,
12392.247,,qwen3.5:2b,run2_p6,108.04,60.0,,
12392.771,,qwen3.5:2b,run2_p6,108.04,60.0,,
12393.294,,qwen3.5:2b,run2_p6,108.08,60.0,,
12393.819,,qwen3.5:2b,run2_p6,108.21,60.0,,
12394.343,,qwen3.5:2b,run2_p6,108.21,60.0,,
12394.871,,qwen3.5:2b,run2_p6,108.49,60.0,,
12395.397,,qwen3.5:2b,run2_p6,108.53,60.0,,
12395.922,,qwen3.5:2b,run2_p6,108.16,60.0,,
12396.446,,qwen3.5:2b,run2_p6,107.94,60.0,,
12396.980,,qwen3.5:2b,run2_p6,108.01,60.0,,
12397.504,,qwen3.5:2b,run2_p6,108.22,60.0,,
12398.027,,qwen3.5:2b,run2_p6,108.16,60.0,,
12398.553,,qwen3.5:2b,run2_p6,107.84,60.0,,
12399.075,,qwen3.5:2b,run2_p6,107.59,60.0,,
12399.600,,qwen3.5:2b,run2_p6,107.67,60.0,,
12400.128,,qwen3.5:2b,run2_p6,107.41,60.0,,
12400.655,,qwen3.5:2b,run2_p6,107.49,60.0,,
12401.180,,qwen3.5:2b,run2_p6,107.84,60.0,,
12401.706,,qwen3.5:2b,run2_p6,107.91,60.0,,
12402.232,,qwen3.5:2b,run2_p6,108.29,60.0,,
12402.759,,qwen3.5:2b,run2_p6,106.72,60.0,,
12403.288,,qwen3.5:2b,run2_p6,105.64,60.0,,
12403.817,,qwen3.5:2b,run2_p6,105.44,60.0,,
12404.345,,qwen3.5:2b,run2_p6,105.24,59.0,,
12404.876,,qwen3.5:2b,run2_p6,105.75,60.0,,
12405.403,,qwen3.5:2b,run2_p6,105.44,60.0,,
12405.928,,qwen3.5:2b,run2_p6,106.11,60.0,,
12406.454,,qwen3.5:2b,run2_p6,106.12,60.0,,
12406.983,,qwen3.5:2b,run2_p6,104.57,59.0,,
12407.512,,qwen3.5:2b,run2_p6,104.35,60.0,,
12408.040,,qwen3.5:2b,run2_p6,106.25,60.0,,
12408.563,,qwen3.5:2b,run2_p6,107.12,60.0,,
12409.117,,qwen3.5:2b,run2_p6,107.46,60.0,,
12409.645,,qwen3.5:2b,run2_p6,107.37,60.0,,
12410.168,,qwen3.5:2b,run2_p6,107.43,60.0,,
12410.697,,qwen3.5:2b,run2_p6,107.01,60.0,,
12411.227,,qwen3.5:2b,run2_p6,107.08,60.0,,
12411.754,,qwen3.5:2b,run2_p6,106.92,60.0,,
12412.279,,qwen3.5:2b,run2_p6,106.46,59.0,,
12412.809,,qwen3.5:2b,run2_p6,106.89,60.0,,
12413.338,,qwen3.5:2b,run2_p6,107.33,60.0,,
12413.868,,qwen3.5:2b,run2_p6,107.17,60.0,,
12414.395,,qwen3.5:2b,run2_p6,107.15,60.0,,
12414.932,,qwen3.5:2b,run2_p6,107.10,60.0,,
12415.460,,qwen3.5:2b,run2_p6,107.23,60.0,,
12415.984,,qwen3.5:2b,run2_p6,107.09,60.0,,
12416.509,,qwen3.5:2b,run2_p6,107.16,60.0,,
12417.037,,qwen3.5:2b,run2_p7,93.53,54.0,,
12417.564,,qwen3.5:2b,run2_p7,84.44,58.0,,
12418.094,,qwen3.5:2b,run2_p7,90.66,59.0,,
12418.620,,qwen3.5:2b,run2_p7,105.96,60.0,,
12419.148,,qwen3.5:2b,run2_p7,105.68,59.0,,
12419.674,,qwen3.5:2b,run2_p7,106.12,59.0,,
12420.200,,qwen3.5:2b,run2_p7,106.61,60.0,,
12420.724,,qwen3.5:2b,run2_p7,107.08,60.0,,
12421.248,,qwen3.5:2b,run2_p7,107.46,60.0,,
12421.780,,qwen3.5:2b,run2_p7,107.41,60.0,,
12422.311,,qwen3.5:2b,run2_p7,107.58,60.0,,
12422.848,,qwen3.5:2b,run2_p7,108.17,60.0,,
12423.374,,qwen3.5:2b,run2_p7,107.80,60.0,,
12423.899,,qwen3.5:2b,run2_p7,107.78,60.0,,
12424.429,,qwen3.5:2b,run2_p7,108.10,60.0,,
12424.960,,qwen3.5:2b,run2_p7,108.01,60.0,,
12425.490,,qwen3.5:2b,run2_p7,107.44,60.0,,
12426.015,,qwen3.5:2b,run2_p7,107.57,60.0,,
12426.543,,qwen3.5:2b,run2_p7,107.30,60.0,,
12427.077,,qwen3.5:2b,run2_p7,107.43,60.0,,
12427.623,,qwen3.5:2b,run2_p7,107.63,60.0,,
12428.149,,qwen3.5:2b,run2_p7,107.64,60.0,,
12428.681,,qwen3.5:2b,run2_p7,107.83,60.0,,
12429.206,,qwen3.5:2b,run2_p7,107.47,59.0,,
12429.735,,qwen3.5:2b,run2_p7,107.72,60.0,,
12430.271,,qwen3.5:2b,run2_p7,107.57,60.0,,
12430.815,,qwen3.5:2b,run2_p7,106.83,60.0,,
12431.346,,qwen3.5:2b,run2_p7,105.98,59.0,,
12431.872,,qwen3.5:2b,run2_p7,105.65,60.0,,
12432.397,,qwen3.5:2b,run2_p7,106.81,60.0,,
12432.921,,qwen3.5:2b,run2_p7,107.83,60.0,,
12433.445,,qwen3.5:2b,run2_p7,107.68,59.0,,
12433.973,,qwen3.5:2b,run2_p7,108.14,60.0,,
12434.502,,qwen3.5:2b,run2_p7,108.08,60.0,,
12435.028,,qwen3.5:2b,run2_p7,107.99,60.0,,
12435.567,,qwen3.5:2b,run2_p7,108.31,60.0,,
12436.098,,qwen3.5:2b,run2_p7,107.86,60.0,,
12436.647,,qwen3.5:2b,run2_p7,107.58,60.0,,
12437.178,,qwen3.5:2b,run2_p7,107.35,60.0,,
12437.701,,qwen3.5:2b,run2_p7,106.67,60.0,,
12438.232,,qwen3.5:2b,run2_p7,106.77,60.0,,
12438.761,,qwen3.5:2b,run2_p7,107.33,60.0,,
12439.293,,qwen3.5:2b,run2_p7,107.82,60.0,,
12439.818,,qwen3.5:2b,run2_p7,107.54,60.0,,
12440.341,,qwen3.5:2b,run2_p7,107.53,60.0,,
12440.866,,qwen3.5:2b,run2_p7,108.01,60.0,,
12441.389,,qwen3.5:2b,run2_p7,108.21,60.0,,
12441.912,,qwen3.5:2b,run2_p7,108.14,60.0,,
12442.435,,qwen3.5:2b,run2_p7,107.95,60.0,,
12442.957,,qwen3.5:2b,run2_p7,107.81,60.0,,
12443.482,,qwen3.5:2b,run2_p7,107.64,60.0,,
12444.005,,qwen3.5:2b,run2_p7,108.05,60.0,,
12444.527,,qwen3.5:2b,run2_p7,108.49,60.0,,
12445.051,,qwen3.5:2b,run2_p7,108.13,60.0,,
12445.574,,qwen3.5:2b,run2_p7,108.18,60.0,,
12446.097,,qwen3.5:2b,run2_p7,108.19,60.0,,
12446.632,,qwen3.5:2b,run2_p8,86.93,53.0,,
12447.155,,qwen3.5:2b,run2_p8,75.49,59.0,,
12447.713,,qwen3.5:2b,run2_p8,101.76,59.0,,
12448.238,,qwen3.5:2b,run2_p8,107.47,60.0,,
12448.762,,qwen3.5:2b,run2_p8,107.62,60.0,,
12449.285,,qwen3.5:2b,run2_p8,107.48,59.0,,
12449.813,,qwen3.5:2b,run2_p8,107.30,60.0,,
12450.339,,qwen3.5:2b,run2_p8,107.25,60.0,,
12450.864,,qwen3.5:2b,run2_p8,107.51,60.0,,
12451.388,,qwen3.5:2b,run2_p8,108.10,60.0,,
12451.916,,qwen3.5:2b,run2_p8,107.92,60.0,,
12452.446,,qwen3.5:2b,run2_p8,107.04,60.0,,
12452.968,,qwen3.5:2b,run2_p8,107.07,60.0,,
12453.495,,qwen3.5:2b,run2_p8,107.67,60.0,,
12454.026,,qwen3.5:2b,run2_p8,107.85,60.0,,
12454.554,,qwen3.5:2b,run2_p8,107.96,60.0,,
12455.078,,qwen3.5:2b,run2_p8,107.99,60.0,,
12455.601,,qwen3.5:2b,run2_p8,107.91,60.0,,
12456.132,,qwen3.5:2b,run2_p8,108.01,60.0,,
12456.657,,qwen3.5:2b,run2_p8,107.66,60.0,,
12457.184,,qwen3.5:2b,run2_p9,107.70,60.0,,
12457.710,,qwen3.5:2b,run2_p9,99.26,56.0,,
12458.234,,qwen3.5:2b,run2_p9,99.11,60.0,,
12458.762,,qwen3.5:2b,run2_p9,108.36,60.0,,
12459.287,,qwen3.5:2b,run2_p9,108.17,60.0,,
12459.812,,qwen3.5:2b,run2_p9,108.15,60.0,,
12460.339,,qwen3.5:2b,run2_p9,108.06,60.0,,
12460.863,,qwen3.5:2b,run2_p9,107.99,60.0,,
12461.389,,qwen3.5:2b,run2_p9,107.58,60.0,,
12461.918,,qwen3.5:2b,run2_p9,107.38,60.0,,
12462.442,,qwen3.5:2b,run2_p9,107.21,60.0,,
12462.980,,qwen3.5:2b,run2_p9,107.97,59.0,,
12463.506,,qwen3.5:2b,run2_p9,108.42,60.0,,
12464.033,,qwen3.5:2b,run2_p9,108.46,60.0,,
12464.558,,qwen3.5:2b,run2_p9,107.98,60.0,,
12465.087,,qwen3.5:2b,run2_p9,108.18,60.0,,
12465.610,,qwen3.5:2b,run2_p9,108.05,60.0,,
12466.134,,qwen3.5:2b,run2_p9,108.52,60.0,,
12466.660,,qwen3.5:2b,run2_p9,108.43,60.0,,
12467.187,,qwen3.5:2b,run2_p9,108.21,60.0,,
12467.710,,qwen3.5:2b,run2_p9,108.13,60.0,,
12468.237,,qwen3.5:2b,run2_p9,108.11,60.0,,
12468.776,,qwen3.5:2b,run2_p9,108.13,60.0,,
12469.303,,qwen3.5:2b,run2_p9,107.75,60.0,,
12469.827,,qwen3.5:2b,run2_p9,107.27,60.0,,
12470.351,,qwen3.5:2b,run2_p9,106.72,60.0,,
12470.878,,qwen3.5:2b,run2_p9,105.70,59.0,,
12471.405,,qwen3.5:2b,run2_p9,105.77,60.0,,
12471.937,,qwen3.5:2b,run2_p9,106.08,60.0,,
12472.461,,qwen3.5:2b,run2_p9,106.02,59.0,,
12472.986,,qwen3.5:2b,run2_p9,107.05,60.0,,
12473.509,,qwen3.5:2b,run2_p9,108.16,60.0,,
12474.033,,qwen3.5:2b,run2_p9,108.43,60.0,,
12474.555,,qwen3.5:2b,run2_p9,108.20,60.0,,
12475.079,,qwen3.5:2b,run2_p9,108.35,60.0,,
12475.603,,qwen3.5:2b,run2_p9,108.11,60.0,,
12476.127,,qwen3.5:2b,run2_p9,107.96,60.0,,
12476.651,,qwen3.5:2b,run2_p9,108.11,60.0,,
12477.175,,qwen3.5:2b,run2_p9,108.13,60.0,,
12477.700,,qwen3.5:2b,run2_p9,108.13,60.0,,
12478.225,,qwen3.5:2b,run2_p9,108.13,60.0,,
12478.750,,qwen3.5:2b,run2_p9,108.01,60.0,,
12479.277,,qwen3.5:2b,run2_p9,108.48,60.0,,
12479.799,,qwen3.5:2b,run2_p9,108.12,60.0,,
12480.326,,qwen3.5:2b,run2_p9,106.05,60.0,,
12480.850,,qwen3.5:2b,run2_p9,105.54,60.0,,
12481.374,,qwen3.5:2b,run2_p9,107.03,60.0,,
12481.899,,qwen3.5:2b,run2_p9,107.02,60.0,,
12482.427,,qwen3.5:2b,run2_p9,106.16,60.0,,
12482.950,,qwen3.5:2b,run2_p9,106.16,60.0,,
12483.478,,qwen3.5:2b,run2_p9,106.36,60.0,,
12484.003,,qwen3.5:2b,run2_p9,107.07,60.0,,
12484.529,,qwen3.5:2b,run2_p9,107.68,60.0,,
12485.052,,qwen3.5:2b,run2_p9,108.00,60.0,,
12485.579,,qwen3.5:2b,run2_p9,108.26,60.0,,
12486.104,,qwen3.5:2b,run2_p9,108.50,60.0,,
12486.628,,qwen3.5:2b,run2_p9,108.06,60.0,,
12487.152,,qwen3.5:2b,run2_p9,107.55,60.0,,
12487.678,,qwen3.5:2b,run2_p9,106.82,60.0,,
12488.204,,qwen3.5:2b,run2_p9,105.63,60.0,,
12488.731,,qwen3.5:2b,run2_p9,104.22,60.0,,
12489.330,,qwen3.5:2b,run2_p10,100.93,54.0,,
12489.891,,qwen3.5:2b,run2_p10,89.22,59.0,,
12490.419,,qwen3.5:2b,run2_p10,99.71,60.0,,
12490.958,,qwen3.5:2b,run2_p10,107.51,60.0,,
12491.483,,qwen3.5:2b,run2_p10,106.88,60.0,,
12492.011,,qwen3.5:2b,run2_p10,106.42,60.0,,
12492.538,,qwen3.5:2b,run2_p10,106.89,60.0,,
12493.065,,qwen3.5:2b,run2_p10,107.18,60.0,,
12493.593,,qwen3.5:2b,run2_p10,107.85,60.0,,
12494.118,,qwen3.5:2b,run2_p10,107.93,60.0,,
12494.642,,qwen3.5:2b,run2_p10,108.35,60.0,,
12495.166,,qwen3.5:2b,run2_p10,108.40,60.0,,
12495.693,,qwen3.5:2b,run2_p10,108.55,60.0,,
12496.224,,qwen3.5:2b,run2_p10,108.51,60.0,,
12496.751,,qwen3.5:2b,run2_p10,108.44,60.0,,
12497.274,,qwen3.5:2b,run2_p10,108.54,60.0,,
12497.800,,qwen3.5:2b,run2_p10,108.12,60.0,,
12498.323,,qwen3.5:2b,run2_p10,108.07,60.0,,
12498.846,,qwen3.5:2b,run2_p10,108.42,60.0,,
12499.371,,qwen3.5:2b,run2_p10,108.56,60.0,,
12499.893,,qwen3.5:2b,run2_p10,108.58,60.0,,
12500.415,,qwen3.5:2b,run2_p10,108.05,60.0,,
12500.945,,qwen3.5:2b,run2_p11,81.14,52.0,,
12501.472,,qwen3.5:2b,run2_p11,69.11,59.0,,
12501.998,,qwen3.5:2b,run2_p11,94.49,59.0,,
12502.530,,qwen3.5:2b,run2_p11,105.79,60.0,,
12503.054,,qwen3.5:2b,run2_p11,106.16,60.0,,
12503.581,,qwen3.5:2b,run2_p11,106.15,60.0,,
12504.105,,qwen3.5:2b,run2_p11,105.67,59.0,,
12504.630,,qwen3.5:2b,run2_p11,106.64,60.0,,
12505.154,,qwen3.5:2b,run2_p11,106.94,59.0,,
12505.676,,qwen3.5:2b,run2_p11,106.92,60.0,,
12506.201,,qwen3.5:2b,run2_p11,107.78,60.0,,
12506.725,,qwen3.5:2b,run2_p11,106.79,59.0,,
12507.249,,qwen3.5:2b,run2_p11,104.71,59.0,,
12507.778,,qwen3.5:2b,run2_p11,105.04,60.0,,
12508.303,,qwen3.5:2b,run2_p11,105.93,60.0,,
12508.829,,qwen3.5:2b,run2_p11,105.56,59.0,,
12509.355,,qwen3.5:2b,run2_p11,105.79,59.0,,
12509.882,,qwen3.5:2b,run2_p11,105.40,59.0,,
12510.410,,qwen3.5:2b,run2_p11,106.55,60.0,,
12510.933,,qwen3.5:2b,run2_p11,107.09,59.0,,
12511.457,,qwen3.5:2b,run2_p11,106.68,60.0,,
12511.981,,qwen3.5:2b,run2_p11,105.97,60.0,,
12512.505,,qwen3.5:2b,run2_p11,106.00,60.0,,
12513.028,,qwen3.5:2b,run2_p11,107.16,60.0,,
12513.553,,qwen3.5:2b,run2_p11,107.91,60.0,,
12514.080,,qwen3.5:2b,run2_p11,107.78,60.0,,
12514.612,,qwen3.5:2b,run2_p11,108.16,60.0,,
12515.141,,qwen3.5:2b,run2_p11,108.48,60.0,,
12515.668,,qwen3.5:2b,run2_p11,108.60,60.0,,
12516.194,,qwen3.5:2b,run2_p11,108.84,60.0,,
12516.720,,qwen3.5:2b,run2_p11,108.51,59.0,,
12517.244,,qwen3.5:2b,run2_p11,108.25,60.0,,
12517.770,,qwen3.5:2b,run2_p11,108.18,60.0,,
12518.297,,qwen3.5:2b,run2_p11,107.93,60.0,,
12518.822,,qwen3.5:2b,run2_p11,107.94,60.0,,
12519.350,,qwen3.5:2b,run2_p11,108.19,60.0,,
12519.879,,qwen3.5:2b,run2_p11,107.89,60.0,,
12520.405,,qwen3.5:2b,run2_p11,107.66,60.0,,
12520.932,,qwen3.5:2b,run2_p11,107.85,60.0,,
12521.459,,qwen3.5:2b,run2_p11,108.34,60.0,,
12521.984,,qwen3.5:2b,run2_p11,108.24,60.0,,
12522.508,,qwen3.5:2b,run2_p11,108.31,59.0,,
12523.030,,qwen3.5:2b,run2_p11,108.19,60.0,,
12523.555,,qwen3.5:2b,run2_p11,107.99,60.0,,
12524.080,,qwen3.5:2b,run2_p11,108.07,60.0,,
12524.603,,qwen3.5:2b,run2_p11,108.00,60.0,,
12525.128,,qwen3.5:2b,run2_p11,107.19,60.0,,
12525.654,,qwen3.5:2b,run2_p11,107.24,60.0,,
12526.185,,qwen3.5:2b,run2_p11,106.61,60.0,,
12526.711,,qwen3.5:2b,run2_p11,105.56,60.0,,
12527.241,,qwen3.5:2b,run2_p11,105.45,60.0,,
12527.774,,qwen3.5:2b,run2_p11,106.25,60.0,,
12528.297,,qwen3.5:2b,run2_p11,107.36,60.0,,
12528.821,,qwen3.5:2b,run2_p11,106.94,60.0,,
12529.343,,qwen3.5:2b,run2_p11,107.14,60.0,,
12529.868,,qwen3.5:2b,run2_p11,107.13,60.0,,
12530.396,,qwen3.5:2b,run2_p11,107.41,60.0,,
12530.920,,qwen3.5:2b,run2_p11,107.71,60.0,,
12531.445,,qwen3.5:2b,run2_p11,106.39,60.0,,
12531.968,,qwen3.5:2b,run2_p11,106.47,60.0,,
12532.492,,qwen3.5:2b,run2_p11,107.63,60.0,,
12533.017,,qwen3.5:2b,run2_p11,107.89,60.0,,
12533.540,,qwen3.5:2b,run2_p11,108.32,60.0,,
12534.065,,qwen3.5:2b,run2_p11,108.36,60.0,,
12534.588,,qwen3.5:2b,run2_p11,108.45,60.0,,
12535.119,,qwen3.5:2b,run2_p11,108.31,60.0,,
12535.643,,qwen3.5:2b,run2_p11,108.01,60.0,,
12536.195,,qwen3.5:2b,run2_p12,88.99,60.0,,
12536.718,,qwen3.5:2b,run2_p12,79.53,52.0,,
12537.247,,qwen3.5:2b,run2_p12,91.94,60.0,,
12537.769,,qwen3.5:2b,run2_p12,106.76,60.0,,
12538.298,,qwen3.5:2b,run2_p12,106.82,60.0,,
12538.824,,qwen3.5:2b,run2_p12,107.38,59.0,,
12539.349,,qwen3.5:2b,run2_p12,107.19,60.0,,
12539.874,,qwen3.5:2b,run2_p12,107.36,60.0,,
12540.421,,qwen3.5:2b,run2_p12,107.74,59.0,,
12540.945,,qwen3.5:2b,run2_p12,108.09,60.0,,
12541.469,,qwen3.5:2b,run2_p12,107.73,60.0,,
12541.991,,qwen3.5:2b,run2_p12,107.70,60.0,,
12542.516,,qwen3.5:2b,run2_p12,107.68,60.0,,
12543.049,,qwen3.5:2b,run2_p12,108.07,60.0,,
12543.575,,qwen3.5:2b,run2_p12,107.81,60.0,,
12544.127,,qwen3.5:2b,run2_p12,107.79,60.0,,
12545.262,,qwen3.5:2b,run2_p12,107.64,60.0,,
12545.802,,qwen3.5:2b,run2_p12,107.95,60.0,,
12546.328,,qwen3.5:2b,run2_p12,107.74,60.0,,
12546.854,,qwen3.5:2b,run2_p12,107.06,60.0,,
12547.379,,qwen3.5:2b,run2_p12,107.20,60.0,,
12547.905,,qwen3.5:2b,run2_p12,107.48,60.0,,
12548.428,,qwen3.5:2b,run2_p12,107.62,60.0,,
12548.952,,qwen3.5:2b,run2_p12,108.37,60.0,,
12549.478,,qwen3.5:2b,run2_p12,108.49,60.0,,
12550.000,,qwen3.5:2b,run2_p12,108.59,60.0,,
12550.526,,qwen3.5:2b,run2_p12,108.28,60.0,,
12551.051,,qwen3.5:2b,run2_p12,108.18,60.0,,
12551.576,,qwen3.5:2b,run2_p12,108.67,60.0,,
12552.102,,qwen3.5:2b,run2_p12,108.36,60.0,,
12552.629,,qwen3.5:2b,run2_p12,107.76,60.0,,
12553.153,,qwen3.5:2b,run2_p12,107.84,60.0,,
12553.680,,qwen3.5:2b,run2_p12,107.77,60.0,,
12554.211,,qwen3.5:2b,run2_p12,108.49,60.0,,
12554.738,,qwen3.5:2b,run2_p12,108.58,60.0,,
12555.261,,qwen3.5:2b,run2_p12,108.27,60.0,,
12555.785,,qwen3.5:2b,run2_p12,107.84,59.0,,
12556.311,,qwen3.5:2b,run2_p12,107.81,60.0,,
12556.835,,qwen3.5:2b,run2_p12,108.34,60.0,,
12557.359,,qwen3.5:2b,run2_p12,108.62,60.0,,
12557.885,,qwen3.5:2b,run2_p12,108.50,60.0,,
12558.411,,qwen3.5:2b,run2_p12,108.78,60.0,,
12558.936,,qwen3.5:2b,run2_p12,108.85,60.0,,
12559.461,,qwen3.5:2b,run2_p12,108.69,60.0,,
12559.988,,qwen3.5:2b,run2_p12,109.01,60.0,,
12560.516,,qwen3.5:2b,run2_p12,108.54,60.0,,
12561.038,,qwen3.5:2b,run2_p12,108.35,60.0,,
12561.564,,qwen3.5:2b,run2_p12,108.71,60.0,,
12562.087,,qwen3.5:2b,run2_p12,108.76,60.0,,
12562.613,,qwen3.5:2b,run2_p12,108.44,60.0,,
12563.140,,qwen3.5:2b,run2_p12,108.44,60.0,,
12563.663,,qwen3.5:2b,run2_p12,108.65,60.0,,
12564.191,,qwen3.5:2b,run2_p12,108.70,60.0,,
12564.721,,qwen3.5:2b,run2_p12,108.72,60.0,,
12565.244,,qwen3.5:2b,run2_p12,108.55,60.0,,
12565.767,,qwen3.5:2b,run2_p12,108.79,60.0,,
12566.293,,qwen3.5:2b,run2_p12,109.09,60.0,,
12566.817,,qwen3.5:2b,run2_p12,108.78,60.0,,
12567.340,,qwen3.5:2b,run2_p12,108.06,60.0,,
12567.863,,qwen3.5:2b,run2_p12,106.72,60.0,,
12568.397,,qwen3.5:2b,run2_p12,106.38,60.0,,
12568.921,,qwen3.5:2b,run2_p12,106.71,60.0,,
12569.445,,qwen3.5:2b,run2_p12,107.61,60.0,,
12569.971,,qwen3.5:2b,run2_p12,108.72,60.0,,
12570.499,,qwen3.5:2b,run2_p12,108.88,60.0,,
12571.024,,qwen3.5:2b,run2_p12,108.79,61.0,,
12571.549,,qwen3.5:2b,run2_p12,108.95,60.0,,
12572.073,,qwen3.5:2b,run2_p12,108.93,60.0,,
12572.599,,qwen3.5:2b,run2_p12,109.07,60.0,,
12573.129,,qwen3.5:2b,run2_p12,108.69,60.0,,
12573.653,,qwen3.5:2b,run2_p12,108.24,60.0,,
12574.176,,qwen3.5:2b,run2_p12,108.61,60.0,,
12574.699,,qwen3.5:2b,run2_p12,108.89,60.0,,
12575.225,,qwen3.5:2b,run2_p12,108.49,60.0,,
12575.756,,qwen3.5:2b,run2_p12,108.81,61.0,,
12576.285,,qwen3.5:2b,run2_p12,108.72,60.0,,
12576.817,,qwen3.5:2b,run2_p12,108.83,60.0,,
12577.344,,qwen3.5:2b,run2_p12,108.90,60.0,,
12577.871,,qwen3.5:2b,run2_p12,109.09,60.0,,
12578.399,,qwen3.5:2b,run2_p12,108.78,60.0,,
12578.928,,qwen3.5:2b,run2_p12,108.30,60.0,,
12579.461,,qwen3.5:2b,run2_p12,108.38,60.0,,
12579.987,,qwen3.5:2b,run2_p12,108.57,60.0,,
12580.512,,qwen3.5:2b,run2_p12,108.67,60.0,,
12581.038,,qwen3.5:2b,run2_p12,108.88,61.0,,
12581.563,,qwen3.5:2b,run2_p12,109.15,60.0,,
12582.090,,qwen3.5:2b,run2_p12,114.94,61.0,,
12582.615,,qwen3.5:2b,run2_p12,114.71,60.0,,
12583.140,,qwen3.5:2b,run2_p12,108.48,60.0,,
12583.675,,qwen3.5:2b,run2_p12,108.35,60.0,,
12584.199,,qwen3.5:2b,run2_p12,108.16,60.0,,
12584.729,,qwen3.5:2b,run2_p12,108.70,60.0,,
12585.256,,qwen3.5:2b,run2_p12,108.48,60.0,,
12585.782,,qwen3.5:2b,run2_p12,108.34,61.0,,
12586.306,,qwen3.5:2b,run2_p12,108.76,60.0,,
12586.831,,qwen3.5:2b,run2_p12,108.82,60.0,,
12587.370,,qwen3.5:2b,run2_p12,108.51,60.0,,
12587.900,,qwen3.5:2b,run2_p12,108.41,60.0,,
12588.431,,qwen3.5:2b,run2_p12,108.68,61.0,,
12588.954,,qwen3.5:2b,run2_p12,108.44,59.0,,
12589.477,,qwen3.5:2b,run2_p12,108.10,60.0,,
12590.002,,qwen3.5:2b,run2_p12,108.42,60.0,,
12590.533,,qwen3.5:2b,run2_p13,100.93,61.0,,
12591.059,,qwen3.5:2b,run2_p13,88.44,53.0,,
12591.583,,qwen3.5:2b,run2_p13,95.87,60.0,,
12592.108,,qwen3.5:2b,run2_p13,107.54,59.0,,
12592.633,,qwen3.5:2b,run2_p13,107.78,60.0,,
12593.155,,qwen3.5:2b,run2_p13,108.17,60.0,,
12593.678,,qwen3.5:2b,run2_p13,108.29,60.0,,
12594.201,,qwen3.5:2b,run2_p13,108.16,60.0,,
12594.726,,qwen3.5:2b,run2_p13,108.64,60.0,,
12595.251,,qwen3.5:2b,run2_p13,108.41,59.0,,
12595.775,,qwen3.5:2b,run2_p13,108.36,60.0,,
12596.301,,qwen3.5:2b,run2_p13,108.52,60.0,,
12596.828,,qwen3.5:2b,run2_p13,108.68,60.0,,
12597.353,,qwen3.5:2b,run2_p13,108.21,60.0,,
12597.879,,qwen3.5:2b,run2_p13,107.87,60.0,,
12598.406,,qwen3.5:2b,run2_p13,107.82,60.0,,
12598.931,,qwen3.5:2b,run2_p13,107.40,60.0,,
12599.457,,qwen3.5:2b,run2_p13,107.51,60.0,,
12599.983,,qwen3.5:2b,run2_p13,107.76,60.0,,
12600.510,,qwen3.5:2b,run2_p13,107.66,60.0,,
12601.038,,qwen3.5:2b,run2_p13,107.79,60.0,,
12601.579,,qwen3.5:2b,run2_p13,108.49,60.0,,
12602.103,,qwen3.5:2b,run2_p13,108.52,60.0,,
12602.629,,qwen3.5:2b,run2_p13,108.68,61.0,,
12603.153,,qwen3.5:2b,run2_p13,109.00,60.0,,
12603.680,,qwen3.5:2b,run2_p13,108.64,60.0,,
12604.203,,qwen3.5:2b,run2_p13,108.51,60.0,,
12604.726,,qwen3.5:2b,run2_p13,108.11,60.0,,
12605.252,,qwen3.5:2b,run2_p13,108.67,60.0,,
12605.774,,qwen3.5:2b,run2_p13,108.73,60.0,,
12606.298,,qwen3.5:2b,run2_p13,108.55,60.0,,
12606.824,,qwen3.5:2b,run2_p13,108.41,61.0,,
12607.347,,qwen3.5:2b,run2_p13,108.23,61.0,,
12607.874,,qwen3.5:2b,run2_p13,108.54,61.0,,
12608.400,,qwen3.5:2b,run2_p13,108.16,60.0,,
12608.925,,qwen3.5:2b,run2_p13,107.90,61.0,,
12609.447,,qwen3.5:2b,run2_p13,107.41,60.0,,
12609.971,,qwen3.5:2b,run2_p13,108.18,60.0,,
12610.495,,qwen3.5:2b,run2_p13,108.36,60.0,,
12611.018,,qwen3.5:2b,run2_p13,108.39,61.0,,
12611.554,,qwen3.5:2b,run2_p13,108.83,60.0,,
12612.089,,qwen3.5:2b,run2_p13,108.83,60.0,,
12612.613,,qwen3.5:2b,run2_p13,108.92,60.0,,
12613.139,,qwen3.5:2b,run2_p13,108.71,60.0,,
12613.662,,qwen3.5:2b,run2_p13,108.86,60.0,,
12614.192,,qwen3.5:2b,run2_p13,108.55,60.0,,
12614.715,,qwen3.5:2b,run2_p13,108.60,60.0,,
12615.237,,qwen3.5:2b,run2_p13,109.04,60.0,,
12615.762,,qwen3.5:2b,run2_p13,109.10,60.0,,
12616.286,,qwen3.5:2b,run2_p13,108.61,61.0,,
12616.810,,qwen3.5:2b,run2_p13,108.57,60.0,,
12617.337,,qwen3.5:2b,run2_p13,109.12,61.0,,
12617.861,,qwen3.5:2b,run2_p13,109.04,60.0,,
12618.384,,qwen3.5:2b,run2_p13,109.04,60.0,,
12618.909,,qwen3.5:2b,run2_p13,108.67,60.0,,
12619.431,,qwen3.5:2b,run2_p13,108.57,60.0,,
12619.953,,qwen3.5:2b,run2_p13,108.86,60.0,,
12620.474,,qwen3.5:2b,run2_p13,109.09,60.0,,
12620.997,,qwen3.5:2b,run2_p13,108.95,60.0,,
12621.522,,qwen3.5:2b,run2_p13,108.96,60.0,,
12622.046,,qwen3.5:2b,run2_p13,109.15,60.0,,
12622.573,,qwen3.5:2b,run2_p13,108.92,60.0,,
12623.095,,qwen3.5:2b,run2_p13,109.12,60.0,,
12623.616,,qwen3.5:2b,run2_p13,109.07,60.0,,
12624.139,,qwen3.5:2b,run2_p13,109.15,60.0,,
12624.662,,qwen3.5:2b,run2_p13,108.91,60.0,,
12625.184,,qwen3.5:2b,run2_p13,109.15,61.0,,
12625.705,,qwen3.5:2b,run2_p13,109.49,60.0,,
12626.228,,qwen3.5:2b,run2_p13,108.96,60.0,,
12626.750,,qwen3.5:2b,run2_p13,108.98,60.0,,
12627.274,,qwen3.5:2b,run2_p13,108.97,60.0,,
12627.796,,qwen3.5:2b,run2_p13,108.73,60.0,,
12628.319,,qwen3.5:2b,run2_p13,108.86,61.0,,
12628.842,,qwen3.5:2b,run2_p13,109.40,61.0,,
12629.371,,qwen3.5:2b,run2_p13,109.18,61.0,,
12629.894,,qwen3.5:2b,run2_p13,109.03,60.0,,
12630.417,,qwen3.5:2b,run2_p13,109.15,60.0,,
12630.940,,qwen3.5:2b,run2_p13,109.26,61.0,,
12631.467,,qwen3.5:2b,run2_p13,109.31,61.0,,
12631.994,,qwen3.5:2b,run2_p13,109.07,60.0,,
12632.516,,qwen3.5:2b,run2_p13,109.04,61.0,,
12633.038,,qwen3.5:2b,run2_p13,109.05,61.0,,
12633.562,,qwen3.5:2b,run2_p13,109.16,60.0,,
12634.085,,qwen3.5:2b,run2_p13,109.31,60.0,,
12634.610,,qwen3.5:2b,run2_p13,109.55,61.0,,
12635.135,,qwen3.5:2b,run2_p13,109.48,60.0,,
12635.666,,qwen3.5:2b,run2_p13,108.33,60.0,,
12636.192,,qwen3.5:2b,run2_p13,115.31,64.0,,
12636.717,,qwen3.5:2b,run2_p13,115.09,61.0,,
12637.242,,qwen3.5:2b,run2_p13,109.25,61.0,,
12637.770,,qwen3.5:2b,run2_p13,108.57,61.0,,
12638.294,,qwen3.5:2b,run2_p13,108.70,60.0,,
12638.816,,qwen3.5:2b,run2_p13,108.82,60.0,,
12639.339,,qwen3.5:2b,run2_p13,108.25,60.0,,
12639.863,,qwen3.5:2b,run2_p13,108.19,60.0,,
12640.386,,qwen3.5:2b,run2_p13,108.43,60.0,,
12640.914,,qwen3.5:2b,run2_p13,108.78,60.0,,
12641.446,,qwen3.5:2b,run2_p13,108.80,60.0,,
12641.969,,qwen3.5:2b,run2_p13,108.04,60.0,,
12642.494,,qwen3.5:2b,run2_p13,108.24,60.0,,
12643.021,,qwen3.5:2b,run2_p13,108.57,60.0,,
12643.546,,qwen3.5:2b,run2_p13,109.00,60.0,,
12644.071,,qwen3.5:2b,run2_p13,109.04,60.0,,
12644.606,,qwen3.5:2b,run2_p13,108.71,60.0,,
12645.129,,qwen3.5:2b,run2_p13,108.33,60.0,,
12645.654,,qwen3.5:2b,run2_p13,108.14,60.0,,
12646.177,,qwen3.5:2b,run2_p13,108.24,60.0,,
12646.702,,qwen3.5:2b,run2_p13,108.56,60.0,,
12647.226,,qwen3.5:2b,run2_p13,108.49,61.0,,
12647.753,,qwen3.5:2b,run2_p13,107.71,60.0,,
12648.278,,qwen3.5:2b,run2_p13,107.85,60.0,,
12648.802,,qwen3.5:2b,run2_p13,108.13,61.0,,
12649.329,,qwen3.5:2b,run2_p13,108.30,60.0,,
12649.852,,qwen3.5:2b,run2_p13,108.26,60.0,,
12650.374,,qwen3.5:2b,run2_p13,108.27,60.0,,
12650.897,,qwen3.5:2b,run2_p13,107.88,60.0,,
12651.420,,qwen3.5:2b,run2_p13,107.89,60.0,,
12651.946,,qwen3.5:2b,run2_p13,108.29,60.0,,
12652.471,,qwen3.5:2b,run2_p13,108.53,60.0,,
12652.992,,qwen3.5:2b,run2_p13,108.12,60.0,,
12653.515,,qwen3.5:2b,run2_p13,108.06,60.0,,
12654.039,,qwen3.5:2b,run2_p13,108.70,60.0,,
12654.561,,qwen3.5:2b,run2_p13,108.75,60.0,,
12655.085,,qwen3.5:2b,run2_p13,108.16,60.0,,
12655.608,,qwen3.5:2b,run2_p13,108.30,60.0,,
12656.136,,qwen3.5:2b,run2_p13,107.69,60.0,,
12656.659,,qwen3.5:2b,run2_p13,107.94,60.0,,
12657.182,,qwen3.5:2b,run2_p13,108.46,60.0,,
12657.706,,qwen3.5:2b,run2_p13,108.66,60.0,,
12658.232,,qwen3.5:2b,run2_p13,108.53,60.0,,
12658.758,,qwen3.5:2b,run2_p13,108.04,60.0,,
12659.286,,qwen3.5:2b,run2_p13,112.39,65.0,,
12659.812,,qwen3.5:2b,run2_p13,112.75,61.0,,
12660.349,,qwen3.5:2b,run2_p14,85.91,57.0,,
12660.877,,qwen3.5:2b,run2_p14,72.92,52.0,,
12661.416,,qwen3.5:2b,run2_p14,95.18,60.0,,
12661.947,,qwen3.5:2b,run2_p14,107.53,60.0,,
12662.479,,qwen3.5:2b,run2_p14,107.67,60.0,,
12663.007,,qwen3.5:2b,run2_p14,107.92,60.0,,
12663.539,,qwen3.5:2b,run2_p14,107.89,60.0,,
12664.063,,qwen3.5:2b,run2_p14,107.61,60.0,,
12664.588,,qwen3.5:2b,run2_p14,107.72,60.0,,
12665.115,,qwen3.5:2b,run2_p14,107.75,60.0,,
12665.641,,qwen3.5:2b,run2_p14,107.40,60.0,,
12666.171,,qwen3.5:2b,run2_p14,107.59,60.0,,
12666.708,,qwen3.5:2b,run2_p14,107.87,60.0,,
12667.231,,qwen3.5:2b,run2_p14,108.20,60.0,,
12667.765,,qwen3.5:2b,run2_p14,108.19,60.0,,
12668.296,,qwen3.5:2b,run2_p14,108.19,60.0,,
12668.830,,qwen3.5:2b,run2_p14,107.58,60.0,,
12669.369,,qwen3.5:2b,run2_p14,107.34,60.0,,
12669.926,,qwen3.5:2b,run2_p14,108.29,60.0,,
12670.456,,qwen3.5:2b,run2_p14,108.25,60.0,,
12670.982,,qwen3.5:2b,run2_p14,108.38,60.0,,
12671.513,,qwen3.5:2b,run2_p14,108.65,60.0,,
12672.040,,qwen3.5:2b,run2_p14,108.97,60.0,,
12672.566,,qwen3.5:2b,run2_p14,108.98,60.0,,
12673.091,,qwen3.5:2b,run2_p14,108.67,60.0,,
12673.621,,qwen3.5:2b,run2_p14,108.33,60.0,,
12674.160,,qwen3.5:2b,run2_p14,108.39,60.0,,
12674.685,,qwen3.5:2b,run2_p14,108.41,60.0,,
12675.212,,qwen3.5:2b,run2_p14,108.63,60.0,,
12675.748,,qwen3.5:2b,run2_p14,108.61,60.0,,
12676.280,,qwen3.5:2b,run2_p14,108.79,60.0,,
12676.814,,qwen3.5:2b,run2_p14,108.88,60.0,,
12677.352,,qwen3.5:2b,run2_p14,108.96,61.0,,
12677.890,,qwen3.5:2b,run2_p14,108.61,60.0,,
12678.425,,qwen3.5:2b,run2_p14,108.46,60.0,,
12678.960,,qwen3.5:2b,run2_p14,109.10,60.0,,
12679.497,,qwen3.5:2b,run2_p14,108.22,60.0,,
12680.027,,qwen3.5:2b,run2_p14,107.81,60.0,,
12680.551,,qwen3.5:2b,run2_p14,108.24,60.0,,
12681.080,,qwen3.5:2b,run2_p14,108.58,60.0,,
12681.604,,qwen3.5:2b,run2_p14,108.61,60.0,,
12682.127,,qwen3.5:2b,run2_p14,108.70,60.0,,
12682.650,,qwen3.5:2b,run2_p14,108.60,60.0,,
12683.176,,qwen3.5:2b,run2_p14,108.92,60.0,,
12683.721,,qwen3.5:2b,run3_p0,97.63,60.0,,
12684.252,,qwen3.5:2b,run3_p0,85.09,53.0,,
12684.778,,qwen3.5:2b,run3_p0,96.04,60.0,,
12685.305,,qwen3.5:2b,run3_p0,107.99,59.0,,
12685.832,,qwen3.5:2b,run3_p0,108.00,60.0,,
12686.366,,qwen3.5:2b,run3_p1,85.03,60.0,,
12686.892,,qwen3.5:2b,run3_p1,76.97,59.0,,
12687.416,,qwen3.5:2b,run3_p1,93.94,59.0,,
12687.944,,qwen3.5:2b,run3_p1,108.04,60.0,,
12688.470,,qwen3.5:2b,run3_p1,107.97,59.0,,
12688.995,,qwen3.5:2b,run3_p1,108.15,60.0,,
12689.518,,qwen3.5:2b,run3_p1,108.26,60.0,,
12690.041,,qwen3.5:2b,run3_p1,107.93,60.0,,
12690.570,,qwen3.5:2b,run3_p1,108.15,60.0,,
12691.094,,qwen3.5:2b,run3_p1,108.25,60.0,,
12691.631,,qwen3.5:2b,run3_p2,90.98,56.0,,
12692.155,,qwen3.5:2b,run3_p2,82.38,57.0,,
12692.681,,qwen3.5:2b,run3_p2,93.83,59.0,,
12693.206,,qwen3.5:2b,run3_p2,108.00,60.0,,
12693.729,,qwen3.5:2b,run3_p2,107.93,60.0,,
12694.253,,qwen3.5:2b,run3_p2,108.11,60.0,,
12694.783,,qwen3.5:2b,run3_p2,107.21,59.0,,
12695.315,,qwen3.5:2b,run3_p2,107.15,60.0,,
12695.842,,qwen3.5:2b,run3_p2,107.87,60.0,,
12696.365,,qwen3.5:2b,run3_p2,107.78,60.0,,
12696.894,,qwen3.5:2b,run3_p2,108.05,60.0,,
12697.418,,qwen3.5:2b,run3_p2,108.01,60.0,,
12697.945,,qwen3.5:2b,run3_p2,108.01,60.0,,
12698.469,,qwen3.5:2b,run3_p2,107.86,60.0,,
12698.995,,qwen3.5:2b,run3_p2,107.82,60.0,,
12699.525,,qwen3.5:2b,run3_p2,108.11,60.0,,
12700.054,,qwen3.5:2b,run3_p3,102.47,60.0,,
12700.586,,qwen3.5:2b,run3_p3,89.11,54.0,,
12701.117,,qwen3.5:2b,run3_p3,89.04,59.0,,
12701.645,,qwen3.5:2b,run3_p3,107.63,60.0,,
12702.167,,qwen3.5:2b,run3_p3,107.82,60.0,,
12702.690,,qwen3.5:2b,run3_p3,107.77,60.0,,
12703.217,,qwen3.5:2b,run3_p3,107.69,60.0,,
12703.739,,qwen3.5:2b,run3_p3,107.18,60.0,,
12704.264,,qwen3.5:2b,run3_p3,107.39,60.0,,
12704.791,,qwen3.5:2b,run3_p3,107.33,60.0,,
12705.318,,qwen3.5:2b,run3_p3,107.56,60.0,,
12705.849,,qwen3.5:2b,run3_p4,90.33,54.0,,
12706.374,,qwen3.5:2b,run3_p4,80.90,58.0,,
12706.899,,qwen3.5:2b,run3_p4,92.01,60.0,,
12707.423,,qwen3.5:2b,run3_p4,107.67,60.0,,
12707.952,,qwen3.5:2b,run3_p4,107.59,60.0,,
12708.479,,qwen3.5:2b,run3_p4,107.93,60.0,,
12709.008,,qwen3.5:2b,run3_p4,107.61,60.0,,
12709.531,,qwen3.5:2b,run3_p4,107.65,60.0,,
12710.066,,qwen3.5:2b,run3_p5,104.31,60.0,,
12710.591,,qwen3.5:2b,run3_p5,91.14,56.0,,
12711.115,,qwen3.5:2b,run3_p5,94.56,59.0,,
12711.639,,qwen3.5:2b,run3_p5,107.37,60.0,,
12712.162,,qwen3.5:2b,run3_p5,107.61,60.0,,
12712.688,,qwen3.5:2b,run3_p5,107.58,60.0,,
12713.212,,qwen3.5:2b,run3_p5,107.34,60.0,,
12713.741,,qwen3.5:2b,run3_p5,107.14,60.0,,
12714.264,,qwen3.5:2b,run3_p5,106.36,60.0,,
12714.786,,qwen3.5:2b,run3_p5,106.90,60.0,,
12715.312,,qwen3.5:2b,run3_p5,107.94,60.0,,
12715.837,,qwen3.5:2b,run3_p5,107.45,60.0,,
12716.361,,qwen3.5:2b,run3_p5,107.10,60.0,,
12716.884,,qwen3.5:2b,run3_p5,107.53,60.0,,
12717.408,,qwen3.5:2b,run3_p5,107.78,60.0,,
12717.932,,qwen3.5:2b,run3_p5,107.67,60.0,,
12718.456,,qwen3.5:2b,run3_p5,107.74,59.0,,
12718.982,,qwen3.5:2b,run3_p5,108.15,60.0,,
12719.507,,qwen3.5:2b,run3_p5,107.67,60.0,,
12720.031,,qwen3.5:2b,run3_p5,107.39,60.0,,
12720.556,,qwen3.5:2b,run3_p5,107.64,60.0,,
12721.080,,qwen3.5:2b,run3_p5,107.96,60.0,,
12721.609,,qwen3.5:2b,run3_p5,107.62,60.0,,
12722.137,,qwen3.5:2b,run3_p5,107.65,60.0,,
12722.660,,qwen3.5:2b,run3_p5,107.75,60.0,,
12723.192,,qwen3.5:2b,run3_p6,101.55,60.0,,
12723.716,,qwen3.5:2b,run3_p6,90.70,53.0,,
12724.241,,qwen3.5:2b,run3_p6,90.83,59.0,,
12724.766,,qwen3.5:2b,run3_p6,107.56,60.0,,
12725.291,,qwen3.5:2b,run3_p6,107.47,60.0,,
12725.816,,qwen3.5:2b,run3_p6,107.35,60.0,,
12726.341,,qwen3.5:2b,run3_p6,107.44,60.0,,
12726.863,,qwen3.5:2b,run3_p6,107.56,60.0,,
12727.388,,qwen3.5:2b,run3_p6,107.49,60.0,,
12727.916,,qwen3.5:2b,run3_p6,107.59,60.0,,
12728.442,,qwen3.5:2b,run3_p6,107.45,60.0,,
12728.966,,qwen3.5:2b,run3_p6,107.44,60.0,,
12729.492,,qwen3.5:2b,run3_p6,106.95,60.0,,
12730.018,,qwen3.5:2b,run3_p6,107.17,60.0,,
12730.541,,qwen3.5:2b,run3_p6,107.62,60.0,,
12731.064,,qwen3.5:2b,run3_p6,107.85,60.0,,
12731.603,,qwen3.5:2b,run3_p6,108.22,60.0,,
12732.127,,qwen3.5:2b,run3_p6,108.33,60.0,,
12732.658,,qwen3.5:2b,run3_p6,108.07,60.0,,
12733.181,,qwen3.5:2b,run3_p6,108.50,60.0,,
12733.705,,qwen3.5:2b,run3_p6,108.88,60.0,,
12734.228,,qwen3.5:2b,run3_p6,108.49,60.0,,
12734.752,,qwen3.5:2b,run3_p6,107.93,60.0,,
12735.276,,qwen3.5:2b,run3_p6,107.88,60.0,,
12735.802,,qwen3.5:2b,run3_p6,108.72,60.0,,
12736.326,,qwen3.5:2b,run3_p6,108.54,60.0,,
12736.852,,qwen3.5:2b,run3_p6,108.18,60.0,,
12737.376,,qwen3.5:2b,run3_p6,108.08,60.0,,
12737.898,,qwen3.5:2b,run3_p6,108.16,60.0,,
12738.421,,qwen3.5:2b,run3_p6,108.09,60.0,,
12738.946,,qwen3.5:2b,run3_p6,108.46,60.0,,
12739.469,,qwen3.5:2b,run3_p6,108.28,60.0,,
12739.990,,qwen3.5:2b,run3_p6,108.34,60.0,,
12740.514,,qwen3.5:2b,run3_p6,108.44,60.0,,
12741.037,,qwen3.5:2b,run3_p6,108.58,60.0,,
12741.559,,qwen3.5:2b,run3_p6,108.50,60.0,,
12742.084,,qwen3.5:2b,run3_p6,107.89,60.0,,
12742.607,,qwen3.5:2b,run3_p6,108.38,60.0,,
12743.139,,qwen3.5:2b,run3_p7,77.88,52.0,,
12743.662,,qwen3.5:2b,run3_p7,68.92,59.0,,
12744.184,,qwen3.5:2b,run3_p7,93.12,60.0,,
12744.706,,qwen3.5:2b,run3_p7,107.28,60.0,,
12745.228,,qwen3.5:2b,run3_p7,107.57,60.0,,
12745.753,,qwen3.5:2b,run3_p7,108.04,60.0,,
12746.277,,qwen3.5:2b,run3_p7,107.87,60.0,,
12746.802,,qwen3.5:2b,run3_p7,107.75,60.0,,
12747.327,,qwen3.5:2b,run3_p7,107.82,59.0,,
12747.850,,qwen3.5:2b,run3_p7,107.83,60.0,,
12748.372,,qwen3.5:2b,run3_p7,107.88,60.0,,
12748.896,,qwen3.5:2b,run3_p7,107.83,60.0,,
12749.418,,qwen3.5:2b,run3_p7,108.06,60.0,,
12749.942,,qwen3.5:2b,run3_p7,108.01,60.0,,
12750.464,,qwen3.5:2b,run3_p7,108.22,60.0,,
12750.989,,qwen3.5:2b,run3_p7,108.51,60.0,,
12751.512,,qwen3.5:2b,run3_p7,108.11,60.0,,
12752.036,,qwen3.5:2b,run3_p7,107.66,60.0,,
12752.562,,qwen3.5:2b,run3_p7,107.20,60.0,,
12753.088,,qwen3.5:2b,run3_p7,106.72,60.0,,
12753.613,,qwen3.5:2b,run3_p7,106.56,60.0,,
12754.138,,qwen3.5:2b,run3_p7,106.45,60.0,,
12754.662,,qwen3.5:2b,run3_p7,106.65,60.0,,
12755.188,,qwen3.5:2b,run3_p7,106.40,60.0,,
12755.712,,qwen3.5:2b,run3_p7,106.39,60.0,,
12756.236,,qwen3.5:2b,run3_p7,106.63,60.0,,
12756.759,,qwen3.5:2b,run3_p7,106.43,60.0,,
12757.283,,qwen3.5:2b,run3_p7,106.63,60.0,,
12757.806,,qwen3.5:2b,run3_p7,106.64,60.0,,
12758.338,,qwen3.5:2b,run3_p7,106.63,60.0,,
12758.861,,qwen3.5:2b,run3_p7,107.07,60.0,,
12759.385,,qwen3.5:2b,run3_p7,106.90,60.0,,
12759.907,,qwen3.5:2b,run3_p7,106.93,59.0,,
12760.432,,qwen3.5:2b,run3_p7,106.99,60.0,,
12760.958,,qwen3.5:2b,run3_p7,107.00,60.0,,
12761.483,,qwen3.5:2b,run3_p7,106.50,60.0,,
12762.006,,qwen3.5:2b,run3_p7,106.25,59.0,,
12762.538,,qwen3.5:2b,run3_p7,106.10,60.0,,
12763.065,,qwen3.5:2b,run3_p7,106.27,60.0,,
12763.594,,qwen3.5:2b,run3_p7,106.44,60.0,,
12764.121,,qwen3.5:2b,run3_p7,106.73,60.0,,
12764.649,,qwen3.5:2b,run3_p7,106.43,60.0,,
12765.185,,qwen3.5:2b,run3_p7,106.73,60.0,,
12765.719,,qwen3.5:2b,run3_p7,106.44,59.0,,
12766.258,,qwen3.5:2b,run3_p7,106.33,60.0,,
12766.783,,qwen3.5:2b,run3_p7,106.19,59.0,,
12767.308,,qwen3.5:2b,run3_p7,106.47,59.0,,
12767.834,,qwen3.5:2b,run3_p7,106.80,60.0,,
12768.364,,qwen3.5:2b,run3_p7,106.65,59.0,,
12768.889,,qwen3.5:2b,run3_p7,106.68,60.0,,
12769.413,,qwen3.5:2b,run3_p7,106.62,60.0,,
12769.939,,qwen3.5:2b,run3_p7,105.74,59.0,,
12770.463,,qwen3.5:2b,run3_p7,105.93,60.0,,
12770.992,,qwen3.5:2b,run3_p7,106.31,60.0,,
12771.517,,qwen3.5:2b,run3_p7,106.20,60.0,,
12772.043,,qwen3.5:2b,run3_p7,106.19,60.0,,
12772.568,,qwen3.5:2b,run3_p7,106.02,60.0,,
12773.092,,qwen3.5:2b,run3_p7,106.26,60.0,,
12773.615,,qwen3.5:2b,run3_p7,106.27,60.0,,
12774.139,,qwen3.5:2b,run3_p7,106.18,59.0,,
12774.663,,qwen3.5:2b,run3_p7,106.28,60.0,,
12775.187,,qwen3.5:2b,run3_p7,106.26,60.0,,
12775.712,,qwen3.5:2b,run3_p8,97.53,60.0,,
12776.239,,qwen3.5:2b,run3_p8,87.67,57.0,,
12776.765,,qwen3.5:2b,run3_p8,90.24,59.0,,
12777.290,,qwen3.5:2b,run3_p8,105.74,59.0,,
12777.814,,qwen3.5:2b,run3_p8,105.91,59.0,,
12778.340,,qwen3.5:2b,run3_p8,106.08,60.0,,
12778.866,,qwen3.5:2b,run3_p8,106.00,60.0,,
12779.388,,qwen3.5:2b,run3_p8,105.77,60.0,,
12779.914,,qwen3.5:2b,run3_p8,105.88,60.0,,
12780.440,,qwen3.5:2b,run3_p8,105.80,59.0,,
12780.967,,qwen3.5:2b,run3_p8,106.00,60.0,,
12781.495,,qwen3.5:2b,run3_p8,105.92,60.0,,
12782.019,,qwen3.5:2b,run3_p8,105.86,60.0,,
12782.544,,qwen3.5:2b,run3_p8,106.21,60.0,,
12783.071,,qwen3.5:2b,run3_p8,106.07,60.0,,
12783.598,,qwen3.5:2b,run3_p8,105.79,60.0,,
12784.123,,qwen3.5:2b,run3_p8,106.25,60.0,,
12784.651,,qwen3.5:2b,run3_p8,106.13,59.0,,
12785.175,,qwen3.5:2b,run3_p8,106.28,60.0,,
12785.699,,qwen3.5:2b,run3_p8,106.30,60.0,,
12786.230,,qwen3.5:2b,run3_p8,106.12,60.0,,
12786.756,,qwen3.5:2b,run3_p8,106.34,59.0,,
12787.283,,qwen3.5:2b,run3_p8,106.45,60.0,,
12787.814,,qwen3.5:2b,run3_p8,106.48,59.0,,
12788.339,,qwen3.5:2b,run3_p8,106.29,60.0,,
12788.864,,qwen3.5:2b,run3_p8,106.41,60.0,,
12789.397,,qwen3.5:2b,run3_p8,106.51,60.0,,
12789.938,,qwen3.5:2b,run3_p8,106.64,60.0,,
12790.464,,qwen3.5:2b,run3_p8,106.28,60.0,,
12790.990,,qwen3.5:2b,run3_p8,106.12,60.0,,
12791.532,,qwen3.5:2b,run3_p8,106.71,60.0,,
12792.058,,qwen3.5:2b,run3_p8,106.23,60.0,,
12792.583,,qwen3.5:2b,run3_p8,105.98,60.0,,
12793.106,,qwen3.5:2b,run3_p8,106.48,59.0,,
12793.635,,qwen3.5:2b,run3_p8,106.35,60.0,,
12794.162,,qwen3.5:2b,run3_p8,106.26,60.0,,
12794.687,,qwen3.5:2b,run3_p8,106.58,60.0,,
12795.218,,qwen3.5:2b,run3_p8,105.98,60.0,,
12795.744,,qwen3.5:2b,run3_p8,105.74,60.0,,
12796.269,,qwen3.5:2b,run3_p8,106.28,60.0,,
12796.794,,qwen3.5:2b,run3_p8,106.68,60.0,,
12797.319,,qwen3.5:2b,run3_p8,106.55,59.0,,
12797.847,,qwen3.5:2b,run3_p8,106.47,59.0,,
12798.379,,qwen3.5:2b,run3_p8,106.74,60.0,,
12798.909,,qwen3.5:2b,run3_p8,106.65,60.0,,
12799.432,,qwen3.5:2b,run3_p8,106.37,60.0,,
12799.957,,qwen3.5:2b,run3_p8,106.51,60.0,,
12800.484,,qwen3.5:2b,run3_p8,106.67,60.0,,
12801.008,,qwen3.5:2b,run3_p8,106.63,60.0,,
12801.533,,qwen3.5:2b,run3_p8,106.37,59.0,,
12802.055,,qwen3.5:2b,run3_p8,106.08,60.0,,
12802.582,,qwen3.5:2b,run3_p8,106.17,60.0,,
12803.106,,qwen3.5:2b,run3_p8,106.22,59.0,,
12803.631,,qwen3.5:2b,run3_p8,106.12,60.0,,
12804.156,,qwen3.5:2b,run3_p8,106.46,60.0,,
12804.681,,qwen3.5:2b,run3_p8,106.84,60.0,,
12805.205,,qwen3.5:2b,run3_p8,106.93,60.0,,
12805.739,,qwen3.5:2b,run3_p9,89.39,59.0,,
12806.263,,qwen3.5:2b,run3_p9,80.28,52.0,,
12806.790,,qwen3.5:2b,run3_p9,91.22,59.0,,
12807.314,,qwen3.5:2b,run3_p9,105.79,59.0,,
12807.836,,qwen3.5:2b,run3_p9,106.20,59.0,,
12808.361,,qwen3.5:2b,run3_p9,106.20,60.0,,
12808.886,,qwen3.5:2b,run3_p9,105.19,60.0,,
12809.411,,qwen3.5:2b,run3_p9,105.75,60.0,,
12809.935,,qwen3.5:2b,run3_p9,106.90,60.0,,
12810.460,,qwen3.5:2b,run3_p9,106.66,60.0,,
12810.985,,qwen3.5:2b,run3_p9,105.82,59.0,,
12811.510,,qwen3.5:2b,run3_p9,105.88,60.0,,
12812.036,,qwen3.5:2b,run3_p9,106.02,60.0,,
12812.560,,qwen3.5:2b,run3_p9,106.06,59.0,,
12813.085,,qwen3.5:2b,run3_p9,105.93,59.0,,
12813.610,,qwen3.5:2b,run3_p9,106.20,60.0,,
12814.135,,qwen3.5:2b,run3_p9,106.43,60.0,,
12814.662,,qwen3.5:2b,run3_p9,106.41,60.0,,
12815.187,,qwen3.5:2b,run3_p9,106.68,60.0,,
12815.712,,qwen3.5:2b,run3_p9,106.57,59.0,,
12816.236,,qwen3.5:2b,run3_p9,106.49,60.0,,
12816.765,,qwen3.5:2b,run3_p9,106.40,60.0,,
12817.295,,qwen3.5:2b,run3_p9,106.32,59.0,,
12817.822,,qwen3.5:2b,run3_p9,105.93,59.0,,
12818.357,,qwen3.5:2b,run3_p9,106.08,60.0,,
12818.885,,qwen3.5:2b,run3_p9,106.51,60.0,,
12819.410,,qwen3.5:2b,run3_p9,106.49,59.0,,
12819.936,,qwen3.5:2b,run3_p9,106.03,60.0,,
12820.461,,qwen3.5:2b,run3_p9,105.88,60.0,,
12820.990,,qwen3.5:2b,run3_p9,105.93,60.0,,
12821.531,,qwen3.5:2b,run3_p9,106.19,60.0,,
12822.061,,qwen3.5:2b,run3_p9,106.25,59.0,,
12822.587,,qwen3.5:2b,run3_p9,106.25,60.0,,
12823.115,,qwen3.5:2b,run3_p9,106.40,60.0,,
12823.643,,qwen3.5:2b,run3_p9,106.33,60.0,,
12824.169,,qwen3.5:2b,run3_p9,106.22,60.0,,
12824.695,,qwen3.5:2b,run3_p9,106.56,60.0,,
12825.219,,qwen3.5:2b,run3_p9,106.80,60.0,,
12825.743,,qwen3.5:2b,run3_p9,106.00,59.0,,
12826.268,,qwen3.5:2b,run3_p9,106.07,60.0,,
12826.797,,qwen3.5:2b,run3_p9,106.08,60.0,,
12827.328,,qwen3.5:2b,run3_p9,106.03,60.0,,
12827.854,,qwen3.5:2b,run3_p9,106.22,60.0,,
12828.378,,qwen3.5:2b,run3_p9,106.23,60.0,,
12828.903,,qwen3.5:2b,run3_p9,106.46,60.0,,
12829.427,,qwen3.5:2b,run3_p9,106.72,60.0,,
12829.952,,qwen3.5:2b,run3_p9,106.45,60.0,,
12830.474,,qwen3.5:2b,run3_p9,106.69,60.0,,
12831.006,,qwen3.5:2b,run3_p9,106.73,60.0,,
12831.529,,qwen3.5:2b,run3_p9,106.82,60.0,,
12832.066,,qwen3.5:2b,run3_p9,107.27,60.0,,
12832.588,,qwen3.5:2b,run3_p9,107.03,60.0,,
12833.116,,qwen3.5:2b,run3_p9,106.63,60.0,,
12833.639,,qwen3.5:2b,run3_p9,106.63,60.0,,
12834.162,,qwen3.5:2b,run3_p9,106.71,60.0,,
12834.690,,qwen3.5:2b,run3_p9,106.47,60.0,,
12835.216,,qwen3.5:2b,run3_p10,86.20,60.0,,
12835.741,,qwen3.5:2b,run3_p10,76.59,58.0,,
12836.266,,qwen3.5:2b,run3_p10,90.80,59.0,,
12836.790,,qwen3.5:2b,run3_p10,106.17,60.0,,
12837.315,,qwen3.5:2b,run3_p10,106.27,60.0,,
12837.839,,qwen3.5:2b,run3_p10,106.53,60.0,,
12838.363,,qwen3.5:2b,run3_p10,106.48,59.0,,
12838.888,,qwen3.5:2b,run3_p10,106.17,60.0,,
12839.414,,qwen3.5:2b,run3_p10,106.21,60.0,,
12839.938,,qwen3.5:2b,run3_p10,106.11,60.0,,
12840.461,,qwen3.5:2b,run3_p10,106.43,60.0,,
12840.988,,qwen3.5:2b,run3_p10,106.25,60.0,,
12841.520,,qwen3.5:2b,run3_p11,104.42,59.0,,
12842.042,,qwen3.5:2b,run3_p11,92.91,56.0,,
12842.567,,qwen3.5:2b,run3_p11,94.58,60.0,,
12843.096,,qwen3.5:2b,run3_p11,106.18,60.0,,
12843.621,,qwen3.5:2b,run3_p11,106.06,60.0,,
12844.149,,qwen3.5:2b,run3_p11,106.04,60.0,,
12844.691,,qwen3.5:2b,run3_p11,105.58,59.0,,
12845.222,,qwen3.5:2b,run3_p11,105.71,59.0,,
12845.745,,qwen3.5:2b,run3_p11,106.28,59.0,,
12846.267,,qwen3.5:2b,run3_p11,106.26,60.0,,
12846.791,,qwen3.5:2b,run3_p11,106.03,60.0,,
12847.322,,qwen3.5:2b,run3_p11,105.75,60.0,,
12847.846,,qwen3.5:2b,run3_p11,106.33,60.0,,
12848.371,,qwen3.5:2b,run3_p11,106.49,60.0,,
12848.897,,qwen3.5:2b,run3_p11,105.60,59.0,,
12849.422,,qwen3.5:2b,run3_p11,105.65,59.0,,
12849.951,,qwen3.5:2b,run3_p11,106.56,60.0,,
12850.476,,qwen3.5:2b,run3_p11,105.96,60.0,,
12851.000,,qwen3.5:2b,run3_p11,105.63,59.0,,
12851.522,,qwen3.5:2b,run3_p11,105.75,59.0,,
12852.045,,qwen3.5:2b,run3_p11,106.53,60.0,,
12852.569,,qwen3.5:2b,run3_p11,106.82,60.0,,
12853.096,,qwen3.5:2b,run3_p11,106.85,60.0,,
12853.621,,qwen3.5:2b,run3_p11,106.43,60.0,,
12854.146,,qwen3.5:2b,run3_p11,106.50,60.0,,
12854.669,,qwen3.5:2b,run3_p11,106.67,60.0,,
12855.197,,qwen3.5:2b,run3_p11,106.45,60.0,,
12855.721,,qwen3.5:2b,run3_p11,106.36,60.0,,
12856.246,,qwen3.5:2b,run3_p11,106.65,59.0,,
12856.771,,qwen3.5:2b,run3_p11,106.80,60.0,,
12857.295,,qwen3.5:2b,run3_p11,107.04,60.0,,
12857.817,,qwen3.5:2b,run3_p11,106.96,60.0,,
12858.341,,qwen3.5:2b,run3_p11,106.43,60.0,,
12858.865,,qwen3.5:2b,run3_p11,106.81,60.0,,
12859.396,,qwen3.5:2b,run3_p11,106.77,60.0,,
12859.920,,qwen3.5:2b,run3_p11,106.55,60.0,,
12860.442,,qwen3.5:2b,run3_p11,106.68,60.0,,
12860.967,,qwen3.5:2b,run3_p11,106.98,59.0,,
12861.490,,qwen3.5:2b,run3_p11,106.78,60.0,,
12862.012,,qwen3.5:2b,run3_p11,106.75,60.0,,
12862.536,,qwen3.5:2b,run3_p11,106.96,60.0,,
12863.061,,qwen3.5:2b,run3_p11,106.91,60.0,,
12863.585,,qwen3.5:2b,run3_p11,107.28,60.0,,
12864.109,,qwen3.5:2b,run3_p11,107.19,59.0,,
12864.631,,qwen3.5:2b,run3_p11,107.22,60.0,,
12865.156,,qwen3.5:2b,run3_p11,106.91,60.0,,
12865.683,,qwen3.5:2b,run3_p11,106.89,59.0,,
12866.206,,qwen3.5:2b,run3_p11,107.21,60.0,,
12866.730,,qwen3.5:2b,run3_p11,107.28,60.0,,
12867.255,,qwen3.5:2b,run3_p11,107.17,60.0,,
12867.780,,qwen3.5:2b,run3_p11,107.04,60.0,,
12868.303,,qwen3.5:2b,run3_p11,106.87,60.0,,
12868.828,,qwen3.5:2b,run3_p11,106.96,60.0,,
12869.352,,qwen3.5:2b,run3_p11,107.21,60.0,,
12869.879,,qwen3.5:2b,run3_p11,106.98,60.0,,
12870.403,,qwen3.5:2b,run3_p11,107.25,60.0,,
12870.927,,qwen3.5:2b,run3_p11,107.26,60.0,,
12871.451,,qwen3.5:2b,run3_p11,106.86,60.0,,
12871.976,,qwen3.5:2b,run3_p11,107.23,60.0,,
12872.506,,qwen3.5:2b,run3_p11,107.46,60.0,,
12873.029,,qwen3.5:2b,run3_p11,107.30,60.0,,
12873.556,,qwen3.5:2b,run3_p11,107.26,60.0,,
12874.083,,qwen3.5:2b,run3_p11,107.44,60.0,,
12874.608,,qwen3.5:2b,run3_p11,107.04,60.0,,
12875.134,,qwen3.5:2b,run3_p11,106.89,60.0,,
12875.661,,qwen3.5:2b,run3_p11,107.03,60.0,,
12876.185,,qwen3.5:2b,run3_p11,107.09,60.0,,
12876.709,,qwen3.5:2b,run3_p11,107.37,60.0,,
12877.237,,qwen3.5:2b,run3_p11,107.46,60.0,,
12877.762,,qwen3.5:2b,run3_p11,107.15,60.0,,
12878.287,,qwen3.5:2b,run3_p11,106.97,60.0,,
12878.813,,qwen3.5:2b,run3_p11,107.24,60.0,,
12879.365,,qwen3.5:2b,run3_p11,107.26,60.0,,
12879.893,,qwen3.5:2b,run3_p11,107.05,60.0,,
12880.426,,qwen3.5:2b,run3_p11,106.98,60.0,,
12880.949,,qwen3.5:2b,run3_p11,106.38,60.0,,
12881.473,,qwen3.5:2b,run3_p11,106.65,59.0,,
12882.001,,qwen3.5:2b,run3_p11,107.30,60.0,,
12882.526,,qwen3.5:2b,run3_p11,107.21,60.0,,
12883.051,,qwen3.5:2b,run3_p11,106.60,60.0,,
12883.576,,qwen3.5:2b,run3_p11,106.79,60.0,,
12884.101,,qwen3.5:2b,run3_p11,106.77,60.0,,
12884.627,,qwen3.5:2b,run3_p11,106.27,60.0,,
12885.149,,qwen3.5:2b,run3_p11,106.57,60.0,,
12885.673,,qwen3.5:2b,run3_p11,106.83,60.0,,
12886.198,,qwen3.5:2b,run3_p11,106.69,60.0,,
12886.722,,qwen3.5:2b,run3_p11,106.75,59.0,,
12887.248,,qwen3.5:2b,run3_p11,106.69,60.0,,
12887.791,,qwen3.5:2b,run3_p11,106.25,60.0,,
12888.313,,qwen3.5:2b,run3_p11,106.45,60.0,,
12888.838,,qwen3.5:2b,run3_p11,106.77,60.0,,
12889.404,,qwen3.5:2b,run3_p11,108.37,62.0,,
12889.927,,qwen3.5:2b,run3_p11,113.18,61.0,,
12890.452,,qwen3.5:2b,run3_p11,111.32,60.0,,
12890.975,,qwen3.5:2b,run3_p11,106.50,60.0,,
12891.499,,qwen3.5:2b,run3_p11,106.06,60.0,,
12892.023,,qwen3.5:2b,run3_p11,106.33,60.0,,
12892.548,,qwen3.5:2b,run3_p11,106.50,60.0,,
12893.085,,qwen3.5:2b,run3_p11,106.41,60.0,,
12893.615,,qwen3.5:2b,run3_p11,105.90,60.0,,
12894.140,,qwen3.5:2b,run3_p11,105.56,60.0,,
12894.666,,qwen3.5:2b,run3_p11,106.03,60.0,,
12895.196,,qwen3.5:2b,run3_p11,106.86,59.0,,
12895.723,,qwen3.5:2b,run3_p12,78.73,57.0,,
12896.249,,qwen3.5:2b,run3_p12,69.46,52.0,,
12896.776,,qwen3.5:2b,run3_p12,91.35,59.0,,
12897.301,,qwen3.5:2b,run3_p12,106.00,59.0,,
12897.834,,qwen3.5:2b,run3_p12,105.51,59.0,,
12898.364,,qwen3.5:2b,run3_p12,105.41,59.0,,
12898.893,,qwen3.5:2b,run3_p12,105.66,60.0,,
12899.417,,qwen3.5:2b,run3_p12,105.85,60.0,,
12899.940,,qwen3.5:2b,run3_p12,105.96,59.0,,
12900.465,,qwen3.5:2b,run3_p12,106.06,60.0,,
12900.989,,qwen3.5:2b,run3_p12,106.35,59.0,,
12901.513,,qwen3.5:2b,run3_p12,106.26,60.0,,
12902.040,,qwen3.5:2b,run3_p12,105.93,60.0,,
12902.563,,qwen3.5:2b,run3_p12,105.68,60.0,,
12903.087,,qwen3.5:2b,run3_p12,105.79,60.0,,
12903.612,,qwen3.5:2b,run3_p12,106.01,60.0,,
12904.141,,qwen3.5:2b,run3_p12,106.35,60.0,,
12904.665,,qwen3.5:2b,run3_p12,105.96,60.0,,
12905.190,,qwen3.5:2b,run3_p12,106.19,60.0,,
12905.715,,qwen3.5:2b,run3_p12,106.40,60.0,,
12906.249,,qwen3.5:2b,run3_p12,106.31,60.0,,
12906.776,,qwen3.5:2b,run3_p12,106.20,60.0,,
12907.304,,qwen3.5:2b,run3_p12,106.04,60.0,,
12907.828,,qwen3.5:2b,run3_p12,106.12,60.0,,
12908.351,,qwen3.5:2b,run3_p12,106.28,59.0,,
12908.878,,qwen3.5:2b,run3_p12,106.55,60.0,,
12909.413,,qwen3.5:2b,run3_p12,106.68,59.0,,
12909.948,,qwen3.5:2b,run3_p12,107.24,60.0,,
12910.484,,qwen3.5:2b,run3_p12,107.67,60.0,,
12911.014,,qwen3.5:2b,run3_p12,107.32,60.0,,
12911.545,,qwen3.5:2b,run3_p12,107.49,60.0,,
12912.082,,qwen3.5:2b,run3_p12,107.84,60.0,,
12912.617,,qwen3.5:2b,run3_p12,108.06,60.0,,
12913.152,,qwen3.5:2b,run3_p12,108.09,60.0,,
12913.686,,qwen3.5:2b,run3_p12,108.16,60.0,,
12914.219,,qwen3.5:2b,run3_p12,108.44,60.0,,
12914.754,,qwen3.5:2b,run3_p12,108.72,60.0,,
12915.291,,qwen3.5:2b,run3_p12,108.29,60.0,,
12915.831,,qwen3.5:2b,run3_p12,108.33,60.0,,
12916.361,,qwen3.5:2b,run3_p12,108.37,60.0,,
12916.893,,qwen3.5:2b,run3_p12,108.70,60.0,,
12917.420,,qwen3.5:2b,run3_p12,108.59,60.0,,
12917.950,,qwen3.5:2b,run3_p12,108.78,60.0,,
12918.474,,qwen3.5:2b,run3_p12,109.09,60.0,,
12919.001,,qwen3.5:2b,run3_p12,108.44,60.0,,
12919.526,,qwen3.5:2b,run3_p12,107.99,60.0,,
12920.053,,qwen3.5:2b,run3_p12,108.18,60.0,,
12920.579,,qwen3.5:2b,run3_p12,107.74,60.0,,
12921.103,,qwen3.5:2b,run3_p12,107.68,60.0,,
12921.626,,qwen3.5:2b,run3_p12,108.35,60.0,,
12922.147,,qwen3.5:2b,run3_p12,108.46,60.0,,
12922.671,,qwen3.5:2b,run3_p12,108.47,60.0,,
12923.193,,qwen3.5:2b,run3_p12,108.51,60.0,,
12923.714,,qwen3.5:2b,run3_p12,108.65,60.0,,
12924.240,,qwen3.5:2b,run3_p12,108.26,60.0,,
12924.763,,qwen3.5:2b,run3_p12,108.08,60.0,,
12925.285,,qwen3.5:2b,run3_p12,108.67,60.0,,
12925.811,,qwen3.5:2b,run3_p12,109.06,60.0,,
12926.334,,qwen3.5:2b,run3_p12,108.96,60.0,,
12926.857,,qwen3.5:2b,run3_p12,108.76,60.0,,
12927.382,,qwen3.5:2b,run3_p12,108.27,60.0,,
12927.905,,qwen3.5:2b,run3_p12,108.35,60.0,,
12928.430,,qwen3.5:2b,run3_p12,108.52,60.0,,
12928.954,,qwen3.5:2b,run3_p12,108.65,60.0,,
12929.480,,qwen3.5:2b,run3_p12,108.86,60.0,,
12930.004,,qwen3.5:2b,run3_p12,108.68,60.0,,
12930.529,,qwen3.5:2b,run3_p12,108.26,60.0,,
12931.052,,qwen3.5:2b,run3_p12,108.05,60.0,,
12931.582,,qwen3.5:2b,run3_p12,108.38,60.0,,
12932.110,,qwen3.5:2b,run3_p12,108.67,60.0,,
12932.641,,qwen3.5:2b,run3_p12,109.15,60.0,,
12933.167,,qwen3.5:2b,run3_p12,109.28,60.0,,
12933.700,,qwen3.5:2b,run3_p12,108.43,60.0,,
12934.235,,qwen3.5:2b,run3_p12,108.45,60.0,,
12934.769,,qwen3.5:2b,run3_p12,108.93,60.0,,
12935.294,,qwen3.5:2b,run3_p12,108.93,60.0,,
12935.819,,qwen3.5:2b,run3_p12,108.71,60.0,,
12936.349,,qwen3.5:2b,run3_p12,108.18,60.0,,
12936.886,,qwen3.5:2b,run3_p12,108.66,60.0,,
12937.411,,qwen3.5:2b,run3_p12,109.04,60.0,,
12937.938,,qwen3.5:2b,run3_p12,109.17,60.0,,
12938.466,,qwen3.5:2b,run3_p12,108.82,60.0,,
12938.993,,qwen3.5:2b,run3_p12,109.10,60.0,,
12939.518,,qwen3.5:2b,run3_p12,108.94,60.0,,
12940.044,,qwen3.5:2b,run3_p12,109.04,60.0,,
12940.571,,qwen3.5:2b,run3_p12,109.29,60.0,,
12941.098,,qwen3.5:2b,run3_p12,108.82,60.0,,
12941.636,,qwen3.5:2b,run3_p12,108.83,60.0,,
12942.177,,qwen3.5:2b,run3_p12,114.59,66.0,,
12942.711,,qwen3.5:2b,run3_p12,114.30,61.0,,
12943.238,,qwen3.5:2b,run3_p12,108.20,61.0,,
12943.764,,qwen3.5:2b,run3_p12,107.84,60.0,,
12944.292,,qwen3.5:2b,run3_p12,108.01,60.0,,
12944.824,,qwen3.5:2b,run3_p12,108.70,61.0,,
12945.349,,qwen3.5:2b,run3_p12,108.46,60.0,,
12945.874,,qwen3.5:2b,run3_p12,108.60,61.0,,
12946.400,,qwen3.5:2b,run3_p12,108.85,61.0,,
12946.924,,qwen3.5:2b,run3_p12,108.84,60.0,,
12947.451,,qwen3.5:2b,run3_p12,108.80,60.0,,
12947.991,,qwen3.5:2b,run3_p13,97.73,60.0,,
12948.517,,qwen3.5:2b,run3_p13,88.19,59.0,,
12949.041,,qwen3.5:2b,run3_p13,92.85,60.0,,
12949.567,,qwen3.5:2b,run3_p13,108.04,60.0,,
12950.092,,qwen3.5:2b,run3_p13,108.38,60.0,,
12950.613,,qwen3.5:2b,run3_p13,107.78,60.0,,
12951.144,,qwen3.5:2b,run3_p13,107.90,60.0,,
12951.666,,qwen3.5:2b,run3_p13,108.72,60.0,,
12952.187,,qwen3.5:2b,run3_p13,108.40,60.0,,
12952.710,,qwen3.5:2b,run3_p13,108.36,60.0,,
12953.237,,qwen3.5:2b,run3_p13,108.62,60.0,,
12953.762,,qwen3.5:2b,run3_p13,108.13,60.0,,
12954.291,,qwen3.5:2b,run3_p13,107.18,60.0,,
12954.822,,qwen3.5:2b,run3_p13,107.27,60.0,,
12955.345,,qwen3.5:2b,run3_p13,107.58,60.0,,
12955.869,,qwen3.5:2b,run3_p13,108.38,60.0,,
12956.403,,qwen3.5:2b,run3_p13,108.49,60.0,,
12956.931,,qwen3.5:2b,run3_p13,107.69,60.0,,
12957.458,,qwen3.5:2b,run3_p13,107.87,60.0,,
12957.985,,qwen3.5:2b,run3_p13,108.19,60.0,,
12958.510,,qwen3.5:2b,run3_p13,108.29,60.0,,
12959.034,,qwen3.5:2b,run3_p13,108.13,60.0,,
12959.558,,qwen3.5:2b,run3_p13,107.98,60.0,,
12960.082,,qwen3.5:2b,run3_p13,108.22,60.0,,
12960.606,,qwen3.5:2b,run3_p13,107.96,60.0,,
12961.129,,qwen3.5:2b,run3_p13,108.34,60.0,,
12961.653,,qwen3.5:2b,run3_p13,108.21,60.0,,
12962.179,,qwen3.5:2b,run3_p13,107.71,60.0,,
12962.704,,qwen3.5:2b,run3_p13,107.73,60.0,,
12963.231,,qwen3.5:2b,run3_p13,107.82,60.0,,
12963.755,,qwen3.5:2b,run3_p13,108.28,60.0,,
12964.284,,qwen3.5:2b,run3_p13,108.42,60.0,,
12964.810,,qwen3.5:2b,run3_p13,108.26,60.0,,
12965.340,,qwen3.5:2b,run3_p13,108.70,60.0,,
12965.865,,qwen3.5:2b,run3_p13,109.05,60.0,,
12966.391,,qwen3.5:2b,run3_p13,108.52,60.0,,
12966.915,,qwen3.5:2b,run3_p13,108.47,60.0,,
12967.439,,qwen3.5:2b,run3_p13,108.39,60.0,,
12967.963,,qwen3.5:2b,run3_p13,108.82,60.0,,
12968.492,,qwen3.5:2b,run3_p13,108.71,60.0,,
12969.026,,qwen3.5:2b,run3_p13,108.55,60.0,,
12969.554,,qwen3.5:2b,run3_p13,108.45,60.0,,
12970.079,,qwen3.5:2b,run3_p13,108.97,60.0,,
12970.605,,qwen3.5:2b,run3_p13,108.94,60.0,,
12971.131,,qwen3.5:2b,run3_p13,108.73,60.0,,
12971.654,,qwen3.5:2b,run3_p13,108.88,61.0,,
12972.178,,qwen3.5:2b,run3_p13,108.71,60.0,,
12972.703,,qwen3.5:2b,run3_p13,108.54,60.0,,
12973.229,,qwen3.5:2b,run3_p13,108.71,60.0,,
12973.761,,qwen3.5:2b,run3_p13,109.31,60.0,,
12974.286,,qwen3.5:2b,run3_p13,109.36,61.0,,
12974.809,,qwen3.5:2b,run3_p13,109.22,61.0,,
12975.331,,qwen3.5:2b,run3_p13,108.83,60.0,,
12975.857,,qwen3.5:2b,run3_p13,109.02,61.0,,
12976.383,,qwen3.5:2b,run3_p13,108.98,61.0,,
12976.908,,qwen3.5:2b,run3_p13,109.29,60.0,,
12977.434,,qwen3.5:2b,run3_p13,109.40,60.0,,
12977.958,,qwen3.5:2b,run3_p13,108.94,61.0,,
12978.483,,qwen3.5:2b,run3_p13,109.02,61.0,,
12979.008,,qwen3.5:2b,run3_p13,108.66,60.0,,
12979.536,,qwen3.5:2b,run3_p13,108.66,61.0,,
12980.060,,qwen3.5:2b,run3_p13,108.78,61.0,,
12980.583,,qwen3.5:2b,run3_p13,109.02,60.0,,
12981.105,,qwen3.5:2b,run3_p13,109.35,60.0,,
12981.628,,qwen3.5:2b,run3_p13,108.87,59.0,,
12982.150,,qwen3.5:2b,run3_p13,108.97,60.0,,
12982.672,,qwen3.5:2b,run3_p13,109.13,61.0,,
12983.194,,qwen3.5:2b,run3_p13,108.95,61.0,,
12983.730,,qwen3.5:2b,run3_p13,108.76,60.0,,
12984.253,,qwen3.5:2b,run3_p13,109.14,61.0,,
12984.780,,qwen3.5:2b,run3_p13,108.71,60.0,,
12985.302,,qwen3.5:2b,run3_p13,108.83,61.0,,
12985.824,,qwen3.5:2b,run3_p13,109.11,61.0,,
12986.346,,qwen3.5:2b,run3_p13,108.88,61.0,,
12986.872,,qwen3.5:2b,run3_p13,108.77,61.0,,
12987.395,,qwen3.5:2b,run3_p13,108.68,61.0,,
12987.919,,qwen3.5:2b,run3_p13,109.02,61.0,,
12988.442,,qwen3.5:2b,run3_p13,109.46,60.0,,
12988.965,,qwen3.5:2b,run3_p13,109.30,61.0,,
12989.488,,qwen3.5:2b,run3_p13,109.12,60.0,,
12990.011,,qwen3.5:2b,run3_p13,109.04,60.0,,
12990.541,,qwen3.5:2b,run3_p13,109.06,60.0,,
12991.070,,qwen3.5:2b,run3_p13,109.12,60.0,,
12991.601,,qwen3.5:2b,run3_p13,109.29,61.0,,
12992.129,,qwen3.5:2b,run3_p13,109.54,61.0,,
12992.664,,qwen3.5:2b,run3_p13,109.36,60.0,,
12993.194,,qwen3.5:2b,run3_p13,115.90,61.0,,
12993.721,,qwen3.5:2b,run3_p13,114.95,62.0,,
12994.250,,qwen3.5:2b,run3_p13,109.65,61.0,,
12994.781,,qwen3.5:2b,run3_p13,108.66,61.0,,
12995.322,,qwen3.5:2b,run3_p14,91.13,61.0,,
12995.850,,qwen3.5:2b,run3_p14,81.28,59.0,,
12996.375,,qwen3.5:2b,run3_p14,92.46,60.0,,
12996.899,,qwen3.5:2b,run3_p14,108.17,60.0,,
12997.423,,qwen3.5:2b,run3_p14,108.29,60.0,,
12997.951,,qwen3.5:2b,run3_p14,108.34,60.0,,
12998.474,,qwen3.5:2b,run3_p14,108.54,60.0,,
12999.000,,qwen3.5:2b,run3_p14,108.48,60.0,,
12999.524,,qwen3.5:2b,run3_p14,108.42,60.0,,
13000.054,,qwen3.5:2b,run3_p14,108.44,61.0,,
13000.589,,qwen3.5:2b,run3_p14,108.72,61.0,,
13001.121,,qwen3.5:2b,run3_p14,108.56,60.0,,
13001.645,,qwen3.5:2b,run3_p14,108.57,60.0,,
13002.169,,qwen3.5:2b,run3_p14,108.63,60.0,,
13002.693,,qwen3.5:2b,run3_p14,108.50,60.0,,
13003.217,,qwen3.5:2b,run3_p14,107.81,60.0,,
13003.741,,qwen3.5:2b,run3_p14,108.04,60.0,,
13004.267,,qwen3.5:2b,run3_p14,107.78,60.0,,
13004.792,,qwen3.5:2b,run3_p14,108.13,60.0,,
13005.317,,qwen3.5:2b,run3_p14,107.89,60.0,,
13005.840,,qwen3.5:2b,run3_p14,107.99,60.0,,
13006.370,,qwen3.5:2b,run3_p14,107.86,61.0,,
13006.902,,qwen3.5:2b,run3_p14,108.19,60.0,,
13007.428,,qwen3.5:2b,run3_p14,107.86,60.0,,
13007.955,,qwen3.5:2b,run3_p14,107.27,59.0,,
13008.480,,qwen3.5:2b,run3_p14,107.31,61.0,,
13009.004,,qwen3.5:2b,run3_p14,107.55,60.0,,
13009.529,,qwen3.5:2b,run3_p14,108.12,60.0,,
13010.052,,qwen3.5:2b,run3_p14,108.01,60.0,,
13010.578,,qwen3.5:2b,run3_p14,108.21,60.0,,
13011.102,,qwen3.5:2b,run3_p14,108.21,60.0,,
13011.625,,qwen3.5:2b,run3_p14,108.03,60.0,,
13012.149,,qwen3.5:2b,run3_p14,107.72,60.0,,
13012.672,,qwen3.5:2b,run3_p14,108.06,60.0,,
13013.195,,qwen3.5:2b,run3_p14,108.23,60.0,,
13013.718,,qwen3.5:2b,run3_p14,107.67,60.0,,
13014.242,,qwen3.5:2b,run3_p14,107.18,60.0,,
13014.770,,qwen3.5:2b,run3_p14,107.74,60.0,,
13015.295,,qwen3.5:2b,run3_p14,108.42,59.0,,
13015.826,,qwen3.5:2b,run3_p14,108.26,60.0,,
13016.351,,qwen3.5:2b,run3_p14,108.54,60.0,,
13016.877,,qwen3.5:2b,run3_p14,108.71,60.0,,
13017.404,,qwen3.5:2b,run3_p14,108.11,60.0,,
13017.927,,qwen3.5:2b,run3_p14,107.80,60.0,,
